Copyright 1986-2022 Xilinx, Inc. All Rights Reserved.
--------------------------------------------------------------------------------------------------------------
| Tool Version : Vivado v.2022.2 (lin64) Build 3671981 Fri Oct 14 04:59:54 MDT 2022
| Date         : Thu Apr  2 10:30:21 2026
| Host         : bb5f613ba90c running 64-bit Ubuntu 22.04.5 LTS
| Command      : report_timing_summary -max_paths 10 -report_unconstrained -file ./reports/timing_summary.rpt
| Design       : design_1_wrapper
| Device       : 7z020-clg400
| Speed File   : -1  PRODUCTION 1.12 2019-11-22
--------------------------------------------------------------------------------------------------------------

Timing Summary Report

------------------------------------------------------------------------------------------------
| Timer Settings
| --------------
------------------------------------------------------------------------------------------------

  Enable Multi Corner Analysis               :  Yes
  Enable Pessimism Removal                   :  Yes
  Pessimism Removal Resolution               :  Nearest Common Node
  Enable Input Delay Default Clock           :  No
  Enable Preset / Clear Arcs                 :  No
  Disable Flight Delays                      :  No
  Ignore I/O Paths                           :  No
  Timing Early Launch at Borrowing Latches   :  No
  Borrow Time for Max Delay Exceptions       :  Yes
  Merge Timing Exceptions                    :  Yes

  Corner  Analyze    Analyze    
  Name    Max Paths  Min Paths  
  ------  ---------  ---------  
  Slow    Yes        Yes        
  Fast    Yes        Yes        


------------------------------------------------------------------------------------------------
| Report Methodology
| ------------------
------------------------------------------------------------------------------------------------

No report available as report_methodology has not been run prior. Run report_methodology on the current design for the summary of methodology violations.



check_timing report

Table of Contents
-----------------
1. checking no_clock (0)
2. checking constant_clock (0)
3. checking pulse_width_clock (0)
4. checking unconstrained_internal_endpoints (0)
5. checking no_input_delay (0)
6. checking no_output_delay (0)
7. checking multiple_clock (0)
8. checking generated_clocks (0)
9. checking loops (0)
10. checking partial_input_delay (0)
11. checking partial_output_delay (0)
12. checking latch_loops (0)

1. checking no_clock (0)
------------------------
 There are 0 register/latch pins with no clock.


2. checking constant_clock (0)
------------------------------
 There are 0 register/latch pins with constant_clock.


3. checking pulse_width_clock (0)
---------------------------------
 There are 0 register/latch pins which need pulse_width check


4. checking unconstrained_internal_endpoints (0)
------------------------------------------------
 There are 0 pins that are not constrained for maximum delay.

 There are 0 pins that are not constrained for maximum delay due to constant clock.


5. checking no_input_delay (0)
------------------------------
 There are 0 input ports with no input delay specified.

 There are 0 input ports with no input delay but user has a false path constraint.


6. checking no_output_delay (0)
-------------------------------
 There are 0 ports with no output delay specified.

 There are 0 ports with no output delay but user has a false path constraint

 There are 0 ports with no output delay but with a timing clock defined on it or propagating through it


7. checking multiple_clock (0)
------------------------------
 There are 0 register/latch pins with multiple clocks.


8. checking generated_clocks (0)
--------------------------------
 There are 0 generated clocks that are not connected to a clock source.


9. checking loops (0)
---------------------
 There are 0 combinational loops in the design.


10. checking partial_input_delay (0)
------------------------------------
 There are 0 input ports with partial input delay specified.


11. checking partial_output_delay (0)
-------------------------------------
 There are 0 ports with partial output delay specified.


12. checking latch_loops (0)
----------------------------
 There are 0 combinational latch loops in the design through latch input



------------------------------------------------------------------------------------------------
| Design Timing Summary
| ---------------------
------------------------------------------------------------------------------------------------

    WNS(ns)      TNS(ns)  TNS Failing Endpoints  TNS Total Endpoints      WHS(ns)      THS(ns)  THS Failing Endpoints  THS Total Endpoints     WPWS(ns)     TPWS(ns)  TPWS Failing Endpoints  TPWS Total Endpoints  
    -------      -------  ---------------------  -------------------      -------      -------  ---------------------  -------------------     --------     --------  ----------------------  --------------------  
      4.149        0.000                      0                23816        0.021        0.000                      0                23816        8.750        0.000                       0                  8380  


All user specified timing constraints are met.


------------------------------------------------------------------------------------------------
| Clock Summary
| -------------
------------------------------------------------------------------------------------------------

Clock       Waveform(ns)       Period(ns)      Frequency(MHz)
-----       ------------       ----------      --------------
clk_fpga_0  {0.000 10.000}     20.000          50.000          


------------------------------------------------------------------------------------------------
| Intra Clock Table
| -----------------
------------------------------------------------------------------------------------------------

Clock             WNS(ns)      TNS(ns)  TNS Failing Endpoints  TNS Total Endpoints      WHS(ns)      THS(ns)  THS Failing Endpoints  THS Total Endpoints     WPWS(ns)     TPWS(ns)  TPWS Failing Endpoints  TPWS Total Endpoints  
-----             -------      -------  ---------------------  -------------------      -------      -------  ---------------------  -------------------     --------     --------  ----------------------  --------------------  
clk_fpga_0          4.149        0.000                      0                23624        0.021        0.000                      0                23624        8.750        0.000                       0                  8380  


------------------------------------------------------------------------------------------------
| Inter Clock Table
| -----------------
------------------------------------------------------------------------------------------------

From Clock    To Clock          WNS(ns)      TNS(ns)  TNS Failing Endpoints  TNS Total Endpoints      WHS(ns)      THS(ns)  THS Failing Endpoints  THS Total Endpoints  
----------    --------          -------      -------  ---------------------  -------------------      -------      -------  ---------------------  -------------------  


------------------------------------------------------------------------------------------------
| Other Path Groups Table
| -----------------------
------------------------------------------------------------------------------------------------

Path Group         From Clock         To Clock               WNS(ns)      TNS(ns)  TNS Failing Endpoints  TNS Total Endpoints      WHS(ns)      THS(ns)  THS Failing Endpoints  THS Total Endpoints  
----------         ----------         --------               -------      -------  ---------------------  -------------------      -------      -------  ---------------------  -------------------  
**async_default**  clk_fpga_0         clk_fpga_0              16.301        0.000                      0                  192        0.564        0.000                      0                  192  


------------------------------------------------------------------------------------------------
| User Ignored Path Table
| -----------------------
------------------------------------------------------------------------------------------------

Path Group    From Clock    To Clock    
----------    ----------    --------    
(none)                      clk_fpga_0    
(none)        clk_fpga_0    clk_fpga_0    


------------------------------------------------------------------------------------------------
| Unconstrained Path Table
| ------------------------
------------------------------------------------------------------------------------------------

Path Group    From Clock    To Clock    
----------    ----------    --------    
(none)                      clk_fpga_0    


------------------------------------------------------------------------------------------------
| Timing Details
| --------------
------------------------------------------------------------------------------------------------


---------------------------------------------------------------------------------------------------
From Clock:  clk_fpga_0
  To Clock:  clk_fpga_0

Setup :            0  Failing Endpoints,  Worst Slack        4.149ns,  Total Violation        0.000ns
Hold  :            0  Failing Endpoints,  Worst Slack        0.021ns,  Total Violation        0.000ns
PW    :            0  Failing Endpoints,  Worst Slack        8.750ns,  Total Violation        0.000ns
---------------------------------------------------------------------------------------------------


Max Delay Paths
--------------------------------------------------------------------------------------
Slack (MET) :             4.149ns  (required time - arrival time)
  Source:                 design_1_i/Conv2D_HW_0/inst/grp_Conv2D_HW_Pipeline_loop_acc_x_fu_303/tmp4_mid1_reg_928_reg[16]__0/C
                            (rising edge-triggered cell FDRE clocked by clk_fpga_0  {rise@0.000ns fall@10.000ns period=20.000ns})
  Destination:            design_1_i/Conv2D_HW_0/inst/grp_Conv2D_HW_Pipeline_loop_acc_x_fu_303/add_ln58_reg_959_reg[32]/D
                            (rising edge-triggered cell FDRE clocked by clk_fpga_0  {rise@0.000ns fall@10.000ns period=20.000ns})
  Path Group:             clk_fpga_0
  Path Type:              Setup (Max at Slow Process Corner)
  Requirement:            20.000ns  (clk_fpga_0 rise@20.000ns - clk_fpga_0 rise@0.000ns)
  Data Path Delay:        15.621ns  (logic 9.958ns (63.749%)  route 5.663ns (36.251%))
  Logic Levels:           13  (CARRY4=8 DSP48E1=2 LUT2=1 LUT3=1 LUT6=1)
  Clock Path Skew:        0.010ns (DCD - SCD + CPR)
    Destination Clock Delay (DCD):    2.743ns = ( 22.743 - 20.000 ) 
    Source Clock Delay      (SCD):    2.963ns
    Clock Pessimism Removal (CPR):    0.230ns
  Clock Uncertainty:      0.302ns  ((TSJ^2 + TIJ^2)^1/2 + DJ) / 2 + PE
    Total System Jitter     (TSJ):    0.071ns
    Total Input Jitter      (TIJ):    0.600ns
    Discrete Jitter          (DJ):    0.000ns
    Phase Error              (PE):    0.000ns

    Location             Delay type                Incr(ns)  Path(ns)    Netlist Resource(s)
  -------------------------------------------------------------------    -------------------
                         (clock clk_fpga_0 rise edge)
                                                      0.000     0.000 r  
    PS7_X0Y0             PS7                          0.000     0.000 r  design_1_i/processing_system7_0/inst/PS7_i/FCLKCLK[0]
                         net (fo=1, routed)           1.193     1.193    design_1_i/processing_system7_0/inst/FCLK_CLK_unbuffered[0]
    BUFGCTRL_X0Y16       BUFG (Prop_bufg_I_O)         0.101     1.294 r  design_1_i/processing_system7_0/inst/buffer_fclk_clk_0.FCLK_CLK_0_BUFG/O
                         net (fo=8415, routed)        1.669     2.963    design_1_i/Conv2D_HW_0/inst/grp_Conv2D_HW_Pipeline_loop_acc_x_fu_303/ap_clk
    SLICE_X36Y6          FDRE                                         r  design_1_i/Conv2D_HW_0/inst/grp_Conv2D_HW_Pipeline_loop_acc_x_fu_303/tmp4_mid1_reg_928_reg[16]__0/C
  -------------------------------------------------------------------    -------------------
    SLICE_X36Y6          FDRE (Prop_fdre_C_Q)         0.518     3.481 r  design_1_i/Conv2D_HW_0/inst/grp_Conv2D_HW_Pipeline_loop_acc_x_fu_303/tmp4_mid1_reg_928_reg[16]__0/Q
                         net (fo=1, routed)           0.660     4.141    design_1_i/Conv2D_HW_0/inst/grp_Conv2D_HW_Pipeline_loop_acc_x_fu_303/mul_32s_32s_32_1_1_U25/p_1_in[0]
    SLICE_X35Y0          CARRY4 (Prop_carry4_S[0]_O[0])
                                                      0.371     4.512 r  design_1_i/Conv2D_HW_0/inst/grp_Conv2D_HW_Pipeline_loop_acc_x_fu_303/mul_32s_32s_32_1_1_U25/dout_i_4/O[0]
                         net (fo=1, routed)           1.426     5.937    design_1_i/Conv2D_HW_0/inst/grp_Conv2D_HW_Pipeline_loop_acc_x_fu_303/mul_32s_32s_32_1_1_U28/tmp4_mid1_reg_928_reg[0]
    DSP48_X0Y2           DSP48E1 (Prop_dsp48e1_A[16]_PCOUT[47])
                                                      4.211    10.148 r  design_1_i/Conv2D_HW_0/inst/grp_Conv2D_HW_Pipeline_loop_acc_x_fu_303/mul_32s_32s_32_1_1_U28/dout__0__0/PCOUT[47]
                         net (fo=1, routed)           0.002    10.150    design_1_i/Conv2D_HW_0/inst/grp_Conv2D_HW_Pipeline_loop_acc_x_fu_303/mul_32s_32s_32_1_1_U28/dout__0__0_n_106
    DSP48_X0Y3           DSP48E1 (Prop_dsp48e1_PCIN[47]_P[0])
                                                      1.518    11.668 r  design_1_i/Conv2D_HW_0/inst/grp_Conv2D_HW_Pipeline_loop_acc_x_fu_303/mul_32s_32s_32_1_1_U28/dout__1/P[0]
                         net (fo=2, routed)           1.033    12.701    design_1_i/Conv2D_HW_0/inst/grp_Conv2D_HW_Pipeline_loop_acc_x_fu_303/mul_32s_32s_32_1_1_U28/dout__1_n_105
    SLICE_X20Y4          CARRY4 (Prop_carry4_DI[1]_CO[3])
                                                      0.520    13.221 r  design_1_i/Conv2D_HW_0/inst/grp_Conv2D_HW_Pipeline_loop_acc_x_fu_303/mul_32s_32s_32_1_1_U28/dout_carry/CO[3]
                         net (fo=1, routed)           0.000    13.221    design_1_i/Conv2D_HW_0/inst/grp_Conv2D_HW_Pipeline_loop_acc_x_fu_303/mul_32s_32s_32_1_1_U28/dout_carry_n_0
    SLICE_X20Y5          CARRY4 (Prop_carry4_CI_O[2])
                                                      0.239    13.460 r  design_1_i/Conv2D_HW_0/inst/grp_Conv2D_HW_Pipeline_loop_acc_x_fu_303/mul_32s_32s_32_1_1_U28/dout_carry__0/O[2]
                         net (fo=1, routed)           0.816    14.276    design_1_i/Conv2D_HW_0/inst/grp_Conv2D_HW_Pipeline_loop_acc_x_fu_303/mul_32s_32s_32_1_1_U28/dout_0[22]
    SLICE_X22Y5          LUT3 (Prop_lut3_I0_O)        0.327    14.603 r  design_1_i/Conv2D_HW_0/inst/grp_Conv2D_HW_Pipeline_loop_acc_x_fu_303/mul_32s_32s_32_1_1_U28/add_ln58_reg_959[23]_i_8/O
                         net (fo=2, routed)           1.135    15.738    design_1_i/Conv2D_HW_0/inst/grp_Conv2D_HW_Pipeline_loop_acc_x_fu_303/mul_32s_32s_32_1_1_U28/zext_ln60_1_fu_620_p1[22]
    SLICE_X20Y15         LUT6 (Prop_lut6_I0_O)        0.355    16.093 r  design_1_i/Conv2D_HW_0/inst/grp_Conv2D_HW_Pipeline_loop_acc_x_fu_303/mul_32s_32s_32_1_1_U28/add_ln58_reg_959[23]_i_12/O
                         net (fo=1, routed)           0.000    16.093    design_1_i/Conv2D_HW_0/inst/grp_Conv2D_HW_Pipeline_loop_acc_x_fu_303/mul_32s_32s_32_1_1_U28/add_ln58_reg_959[23]_i_12_n_0
    SLICE_X20Y15         CARRY4 (Prop_carry4_S[2]_CO[3])
                                                      0.380    16.473 r  design_1_i/Conv2D_HW_0/inst/grp_Conv2D_HW_Pipeline_loop_acc_x_fu_303/mul_32s_32s_32_1_1_U28/add_ln58_reg_959_reg[23]_i_2/CO[3]
                         net (fo=1, routed)           0.000    16.473    design_1_i/Conv2D_HW_0/inst/grp_Conv2D_HW_Pipeline_loop_acc_x_fu_303/mul_32s_32s_32_1_1_U28/add_ln58_reg_959_reg[23]_i_2_n_0
    SLICE_X20Y16         CARRY4 (Prop_carry4_CI_CO[3])
                                                      0.117    16.590 r  design_1_i/Conv2D_HW_0/inst/grp_Conv2D_HW_Pipeline_loop_acc_x_fu_303/mul_32s_32s_32_1_1_U28/add_ln58_reg_959_reg[27]_i_2/CO[3]
                         net (fo=1, routed)           0.000    16.590    design_1_i/Conv2D_HW_0/inst/grp_Conv2D_HW_Pipeline_loop_acc_x_fu_303/mul_32s_32s_32_1_1_U28/add_ln58_reg_959_reg[27]_i_2_n_0
    SLICE_X20Y17         CARRY4 (Prop_carry4_CI_O[1])
                                                      0.323    16.913 r  design_1_i/Conv2D_HW_0/inst/grp_Conv2D_HW_Pipeline_loop_acc_x_fu_303/mul_32s_32s_32_1_1_U28/add_ln58_reg_959_reg[31]_i_2/O[1]
                         net (fo=2, routed)           0.591    17.505    design_1_i/Conv2D_HW_0/inst/grp_Conv2D_HW_Pipeline_loop_acc_x_fu_303/select_ln58_1_fu_650_p3[29]
    SLICE_X21Y22         LUT2 (Prop_lut2_I0_O)        0.306    17.811 r  design_1_i/Conv2D_HW_0/inst/grp_Conv2D_HW_Pipeline_loop_acc_x_fu_303/add_ln58_reg_959[31]_i_5/O
                         net (fo=1, routed)           0.000    17.811    design_1_i/Conv2D_HW_0/inst/grp_Conv2D_HW_Pipeline_loop_acc_x_fu_303/add_ln58_reg_959[31]_i_5_n_0
    SLICE_X21Y22         CARRY4 (Prop_carry4_S[1]_CO[3])
                                                      0.550    18.361 r  design_1_i/Conv2D_HW_0/inst/grp_Conv2D_HW_Pipeline_loop_acc_x_fu_303/add_ln58_reg_959_reg[31]_i_1/CO[3]
                         net (fo=1, routed)           0.000    18.361    design_1_i/Conv2D_HW_0/inst/grp_Conv2D_HW_Pipeline_loop_acc_x_fu_303/add_ln58_reg_959_reg[31]_i_1_n_0
    SLICE_X21Y23         CARRY4 (Prop_carry4_CI_O[0])
                                                      0.223    18.584 r  design_1_i/Conv2D_HW_0/inst/grp_Conv2D_HW_Pipeline_loop_acc_x_fu_303/add_ln58_reg_959_reg[33]_i_2/O[0]
                         net (fo=1, routed)           0.000    18.584    design_1_i/Conv2D_HW_0/inst/grp_Conv2D_HW_Pipeline_loop_acc_x_fu_303/add_ln58_fu_661_p2[32]
    SLICE_X21Y23         FDRE                                         r  design_1_i/Conv2D_HW_0/inst/grp_Conv2D_HW_Pipeline_loop_acc_x_fu_303/add_ln58_reg_959_reg[32]/D
  -------------------------------------------------------------------    -------------------

                         (clock clk_fpga_0 rise edge)
                                                     20.000    20.000 r  
    PS7_X0Y0             PS7                          0.000    20.000 r  design_1_i/processing_system7_0/inst/PS7_i/FCLKCLK[0]
                         net (fo=1, routed)           1.088    21.088    design_1_i/processing_system7_0/inst/FCLK_CLK_unbuffered[0]
    BUFGCTRL_X0Y16       BUFG (Prop_bufg_I_O)         0.091    21.179 r  design_1_i/processing_system7_0/inst/buffer_fclk_clk_0.FCLK_CLK_0_BUFG/O
                         net (fo=8415, routed)        1.564    22.743    design_1_i/Conv2D_HW_0/inst/grp_Conv2D_HW_Pipeline_loop_acc_x_fu_303/ap_clk
    SLICE_X21Y23         FDRE                                         r  design_1_i/Conv2D_HW_0/inst/grp_Conv2D_HW_Pipeline_loop_acc_x_fu_303/add_ln58_reg_959_reg[32]/C
                         clock pessimism              0.230    22.973    
                         clock uncertainty           -0.302    22.671    
    SLICE_X21Y23         FDRE (Setup_fdre_C_D)        0.062    22.733    design_1_i/Conv2D_HW_0/inst/grp_Conv2D_HW_Pipeline_loop_acc_x_fu_303/add_ln58_reg_959_reg[32]
  -------------------------------------------------------------------
                         required time                         22.733    
                         arrival time                         -18.584    
  -------------------------------------------------------------------
                         slack                                  4.149    

Slack (MET) :             4.155ns  (required time - arrival time)
  Source:                 design_1_i/Conv2D_HW_0/inst/grp_Conv2D_HW_Pipeline_loop_acc_x_fu_303/tmp4_mid1_reg_928_reg[16]__0/C
                            (rising edge-triggered cell FDRE clocked by clk_fpga_0  {rise@0.000ns fall@10.000ns period=20.000ns})
  Destination:            design_1_i/Conv2D_HW_0/inst/grp_Conv2D_HW_Pipeline_loop_acc_x_fu_303/add_ln58_reg_959_reg[29]/D
                            (rising edge-triggered cell FDRE clocked by clk_fpga_0  {rise@0.000ns fall@10.000ns period=20.000ns})
  Path Group:             clk_fpga_0
  Path Type:              Setup (Max at Slow Process Corner)
  Requirement:            20.000ns  (clk_fpga_0 rise@20.000ns - clk_fpga_0 rise@0.000ns)
  Data Path Delay:        15.616ns  (logic 9.952ns (63.730%)  route 5.664ns (36.270%))
  Logic Levels:           12  (CARRY4=7 DSP48E1=2 LUT2=1 LUT3=1 LUT6=1)
  Clock Path Skew:        0.011ns (DCD - SCD + CPR)
    Destination Clock Delay (DCD):    2.744ns = ( 22.744 - 20.000 ) 
    Source Clock Delay      (SCD):    2.963ns
    Clock Pessimism Removal (CPR):    0.230ns
  Clock Uncertainty:      0.302ns  ((TSJ^2 + TIJ^2)^1/2 + DJ) / 2 + PE
    Total System Jitter     (TSJ):    0.071ns
    Total Input Jitter      (TIJ):    0.600ns
    Discrete Jitter          (DJ):    0.000ns
    Phase Error              (PE):    0.000ns

    Location             Delay type                Incr(ns)  Path(ns)    Netlist Resource(s)
  -------------------------------------------------------------------    -------------------
                         (clock clk_fpga_0 rise edge)
                                                      0.000     0.000 r  
    PS7_X0Y0             PS7                          0.000     0.000 r  design_1_i/processing_system7_0/inst/PS7_i/FCLKCLK[0]
                         net (fo=1, routed)           1.193     1.193    design_1_i/processing_system7_0/inst/FCLK_CLK_unbuffered[0]
    BUFGCTRL_X0Y16       BUFG (Prop_bufg_I_O)         0.101     1.294 r  design_1_i/processing_system7_0/inst/buffer_fclk_clk_0.FCLK_CLK_0_BUFG/O
                         net (fo=8415, routed)        1.669     2.963    design_1_i/Conv2D_HW_0/inst/grp_Conv2D_HW_Pipeline_loop_acc_x_fu_303/ap_clk
    SLICE_X36Y6          FDRE                                         r  design_1_i/Conv2D_HW_0/inst/grp_Conv2D_HW_Pipeline_loop_acc_x_fu_303/tmp4_mid1_reg_928_reg[16]__0/C
  -------------------------------------------------------------------    -------------------
    SLICE_X36Y6          FDRE (Prop_fdre_C_Q)         0.518     3.481 r  design_1_i/Conv2D_HW_0/inst/grp_Conv2D_HW_Pipeline_loop_acc_x_fu_303/tmp4_mid1_reg_928_reg[16]__0/Q
                         net (fo=1, routed)           0.660     4.141    design_1_i/Conv2D_HW_0/inst/grp_Conv2D_HW_Pipeline_loop_acc_x_fu_303/mul_32s_32s_32_1_1_U25/p_1_in[0]
    SLICE_X35Y0          CARRY4 (Prop_carry4_S[0]_O[0])
                                                      0.371     4.512 r  design_1_i/Conv2D_HW_0/inst/grp_Conv2D_HW_Pipeline_loop_acc_x_fu_303/mul_32s_32s_32_1_1_U25/dout_i_4/O[0]
                         net (fo=1, routed)           1.426     5.937    design_1_i/Conv2D_HW_0/inst/grp_Conv2D_HW_Pipeline_loop_acc_x_fu_303/mul_32s_32s_32_1_1_U28/tmp4_mid1_reg_928_reg[0]
    DSP48_X0Y2           DSP48E1 (Prop_dsp48e1_A[16]_PCOUT[47])
                                                      4.211    10.148 r  design_1_i/Conv2D_HW_0/inst/grp_Conv2D_HW_Pipeline_loop_acc_x_fu_303/mul_32s_32s_32_1_1_U28/dout__0__0/PCOUT[47]
                         net (fo=1, routed)           0.002    10.150    design_1_i/Conv2D_HW_0/inst/grp_Conv2D_HW_Pipeline_loop_acc_x_fu_303/mul_32s_32s_32_1_1_U28/dout__0__0_n_106
    DSP48_X0Y3           DSP48E1 (Prop_dsp48e1_PCIN[47]_P[0])
                                                      1.518    11.668 r  design_1_i/Conv2D_HW_0/inst/grp_Conv2D_HW_Pipeline_loop_acc_x_fu_303/mul_32s_32s_32_1_1_U28/dout__1/P[0]
                         net (fo=2, routed)           1.033    12.701    design_1_i/Conv2D_HW_0/inst/grp_Conv2D_HW_Pipeline_loop_acc_x_fu_303/mul_32s_32s_32_1_1_U28/dout__1_n_105
    SLICE_X20Y4          CARRY4 (Prop_carry4_DI[1]_CO[3])
                                                      0.520    13.221 r  design_1_i/Conv2D_HW_0/inst/grp_Conv2D_HW_Pipeline_loop_acc_x_fu_303/mul_32s_32s_32_1_1_U28/dout_carry/CO[3]
                         net (fo=1, routed)           0.000    13.221    design_1_i/Conv2D_HW_0/inst/grp_Conv2D_HW_Pipeline_loop_acc_x_fu_303/mul_32s_32s_32_1_1_U28/dout_carry_n_0
    SLICE_X20Y5          CARRY4 (Prop_carry4_CI_O[2])
                                                      0.239    13.460 r  design_1_i/Conv2D_HW_0/inst/grp_Conv2D_HW_Pipeline_loop_acc_x_fu_303/mul_32s_32s_32_1_1_U28/dout_carry__0/O[2]
                         net (fo=1, routed)           0.816    14.276    design_1_i/Conv2D_HW_0/inst/grp_Conv2D_HW_Pipeline_loop_acc_x_fu_303/mul_32s_32s_32_1_1_U28/dout_0[22]
    SLICE_X22Y5          LUT3 (Prop_lut3_I0_O)        0.327    14.603 r  design_1_i/Conv2D_HW_0/inst/grp_Conv2D_HW_Pipeline_loop_acc_x_fu_303/mul_32s_32s_32_1_1_U28/add_ln58_reg_959[23]_i_8/O
                         net (fo=2, routed)           1.135    15.738    design_1_i/Conv2D_HW_0/inst/grp_Conv2D_HW_Pipeline_loop_acc_x_fu_303/mul_32s_32s_32_1_1_U28/zext_ln60_1_fu_620_p1[22]
    SLICE_X20Y15         LUT6 (Prop_lut6_I0_O)        0.355    16.093 r  design_1_i/Conv2D_HW_0/inst/grp_Conv2D_HW_Pipeline_loop_acc_x_fu_303/mul_32s_32s_32_1_1_U28/add_ln58_reg_959[23]_i_12/O
                         net (fo=1, routed)           0.000    16.093    design_1_i/Conv2D_HW_0/inst/grp_Conv2D_HW_Pipeline_loop_acc_x_fu_303/mul_32s_32s_32_1_1_U28/add_ln58_reg_959[23]_i_12_n_0
    SLICE_X20Y15         CARRY4 (Prop_carry4_S[2]_CO[3])
                                                      0.380    16.473 r  design_1_i/Conv2D_HW_0/inst/grp_Conv2D_HW_Pipeline_loop_acc_x_fu_303/mul_32s_32s_32_1_1_U28/add_ln58_reg_959_reg[23]_i_2/CO[3]
                         net (fo=1, routed)           0.000    16.473    design_1_i/Conv2D_HW_0/inst/grp_Conv2D_HW_Pipeline_loop_acc_x_fu_303/mul_32s_32s_32_1_1_U28/add_ln58_reg_959_reg[23]_i_2_n_0
    SLICE_X20Y16         CARRY4 (Prop_carry4_CI_O[1])
                                                      0.323    16.796 r  design_1_i/Conv2D_HW_0/inst/grp_Conv2D_HW_Pipeline_loop_acc_x_fu_303/mul_32s_32s_32_1_1_U28/add_ln58_reg_959_reg[27]_i_2/O[1]
                         net (fo=2, routed)           0.593    17.389    design_1_i/Conv2D_HW_0/inst/grp_Conv2D_HW_Pipeline_loop_acc_x_fu_303/select_ln58_1_fu_650_p3[25]
    SLICE_X21Y21         LUT2 (Prop_lut2_I0_O)        0.306    17.695 r  design_1_i/Conv2D_HW_0/inst/grp_Conv2D_HW_Pipeline_loop_acc_x_fu_303/add_ln58_reg_959[27]_i_5/O
                         net (fo=1, routed)           0.000    17.695    design_1_i/Conv2D_HW_0/inst/grp_Conv2D_HW_Pipeline_loop_acc_x_fu_303/add_ln58_reg_959[27]_i_5_n_0
    SLICE_X21Y21         CARRY4 (Prop_carry4_S[1]_CO[3])
                                                      0.550    18.245 r  design_1_i/Conv2D_HW_0/inst/grp_Conv2D_HW_Pipeline_loop_acc_x_fu_303/add_ln58_reg_959_reg[27]_i_1/CO[3]
                         net (fo=1, routed)           0.000    18.245    design_1_i/Conv2D_HW_0/inst/grp_Conv2D_HW_Pipeline_loop_acc_x_fu_303/add_ln58_reg_959_reg[27]_i_1_n_0
    SLICE_X21Y22         CARRY4 (Prop_carry4_CI_O[1])
                                                      0.334    18.579 r  design_1_i/Conv2D_HW_0/inst/grp_Conv2D_HW_Pipeline_loop_acc_x_fu_303/add_ln58_reg_959_reg[31]_i_1/O[1]
                         net (fo=1, routed)           0.000    18.579    design_1_i/Conv2D_HW_0/inst/grp_Conv2D_HW_Pipeline_loop_acc_x_fu_303/add_ln58_fu_661_p2[29]
    SLICE_X21Y22         FDRE                                         r  design_1_i/Conv2D_HW_0/inst/grp_Conv2D_HW_Pipeline_loop_acc_x_fu_303/add_ln58_reg_959_reg[29]/D
  -------------------------------------------------------------------    -------------------

                         (clock clk_fpga_0 rise edge)
                                                     20.000    20.000 r  
    PS7_X0Y0             PS7                          0.000    20.000 r  design_1_i/processing_system7_0/inst/PS7_i/FCLKCLK[0]
                         net (fo=1, routed)           1.088    21.088    design_1_i/processing_system7_0/inst/FCLK_CLK_unbuffered[0]
    BUFGCTRL_X0Y16       BUFG (Prop_bufg_I_O)         0.091    21.179 r  design_1_i/processing_system7_0/inst/buffer_fclk_clk_0.FCLK_CLK_0_BUFG/O
                         net (fo=8415, routed)        1.565    22.744    design_1_i/Conv2D_HW_0/inst/grp_Conv2D_HW_Pipeline_loop_acc_x_fu_303/ap_clk
    SLICE_X21Y22         FDRE                                         r  design_1_i/Conv2D_HW_0/inst/grp_Conv2D_HW_Pipeline_loop_acc_x_fu_303/add_ln58_reg_959_reg[29]/C
                         clock pessimism              0.230    22.974    
                         clock uncertainty           -0.302    22.672    
    SLICE_X21Y22         FDRE (Setup_fdre_C_D)        0.062    22.734    design_1_i/Conv2D_HW_0/inst/grp_Conv2D_HW_Pipeline_loop_acc_x_fu_303/add_ln58_reg_959_reg[29]
  -------------------------------------------------------------------
                         required time                         22.734    
                         arrival time                         -18.579    
  -------------------------------------------------------------------
                         slack                                  4.155    

Slack (MET) :             4.176ns  (required time - arrival time)
  Source:                 design_1_i/Conv2D_HW_0/inst/grp_Conv2D_HW_Pipeline_loop_acc_x_fu_303/tmp4_mid1_reg_928_reg[16]__0/C
                            (rising edge-triggered cell FDRE clocked by clk_fpga_0  {rise@0.000ns fall@10.000ns period=20.000ns})
  Destination:            design_1_i/Conv2D_HW_0/inst/grp_Conv2D_HW_Pipeline_loop_acc_x_fu_303/add_ln58_reg_959_reg[31]/D
                            (rising edge-triggered cell FDRE clocked by clk_fpga_0  {rise@0.000ns fall@10.000ns period=20.000ns})
  Path Group:             clk_fpga_0
  Path Type:              Setup (Max at Slow Process Corner)
  Requirement:            20.000ns  (clk_fpga_0 rise@20.000ns - clk_fpga_0 rise@0.000ns)
  Data Path Delay:        15.595ns  (logic 9.931ns (63.681%)  route 5.664ns (36.319%))
  Logic Levels:           12  (CARRY4=7 DSP48E1=2 LUT2=1 LUT3=1 LUT6=1)
  Clock Path Skew:        0.011ns (DCD - SCD + CPR)
    Destination Clock Delay (DCD):    2.744ns = ( 22.744 - 20.000 ) 
    Source Clock Delay      (SCD):    2.963ns
    Clock Pessimism Removal (CPR):    0.230ns
  Clock Uncertainty:      0.302ns  ((TSJ^2 + TIJ^2)^1/2 + DJ) / 2 + PE
    Total System Jitter     (TSJ):    0.071ns
    Total Input Jitter      (TIJ):    0.600ns
    Discrete Jitter          (DJ):    0.000ns
    Phase Error              (PE):    0.000ns

    Location             Delay type                Incr(ns)  Path(ns)    Netlist Resource(s)
  -------------------------------------------------------------------    -------------------
                         (clock clk_fpga_0 rise edge)
                                                      0.000     0.000 r  
    PS7_X0Y0             PS7                          0.000     0.000 r  design_1_i/processing_system7_0/inst/PS7_i/FCLKCLK[0]
                         net (fo=1, routed)           1.193     1.193    design_1_i/processing_system7_0/inst/FCLK_CLK_unbuffered[0]
    BUFGCTRL_X0Y16       BUFG (Prop_bufg_I_O)         0.101     1.294 r  design_1_i/processing_system7_0/inst/buffer_fclk_clk_0.FCLK_CLK_0_BUFG/O
                         net (fo=8415, routed)        1.669     2.963    design_1_i/Conv2D_HW_0/inst/grp_Conv2D_HW_Pipeline_loop_acc_x_fu_303/ap_clk
    SLICE_X36Y6          FDRE                                         r  design_1_i/Conv2D_HW_0/inst/grp_Conv2D_HW_Pipeline_loop_acc_x_fu_303/tmp4_mid1_reg_928_reg[16]__0/C
  -------------------------------------------------------------------    -------------------
    SLICE_X36Y6          FDRE (Prop_fdre_C_Q)         0.518     3.481 r  design_1_i/Conv2D_HW_0/inst/grp_Conv2D_HW_Pipeline_loop_acc_x_fu_303/tmp4_mid1_reg_928_reg[16]__0/Q
                         net (fo=1, routed)           0.660     4.141    design_1_i/Conv2D_HW_0/inst/grp_Conv2D_HW_Pipeline_loop_acc_x_fu_303/mul_32s_32s_32_1_1_U25/p_1_in[0]
    SLICE_X35Y0          CARRY4 (Prop_carry4_S[0]_O[0])
                                                      0.371     4.512 r  design_1_i/Conv2D_HW_0/inst/grp_Conv2D_HW_Pipeline_loop_acc_x_fu_303/mul_32s_32s_32_1_1_U25/dout_i_4/O[0]
                         net (fo=1, routed)           1.426     5.937    design_1_i/Conv2D_HW_0/inst/grp_Conv2D_HW_Pipeline_loop_acc_x_fu_303/mul_32s_32s_32_1_1_U28/tmp4_mid1_reg_928_reg[0]
    DSP48_X0Y2           DSP48E1 (Prop_dsp48e1_A[16]_PCOUT[47])
                                                      4.211    10.148 r  design_1_i/Conv2D_HW_0/inst/grp_Conv2D_HW_Pipeline_loop_acc_x_fu_303/mul_32s_32s_32_1_1_U28/dout__0__0/PCOUT[47]
                         net (fo=1, routed)           0.002    10.150    design_1_i/Conv2D_HW_0/inst/grp_Conv2D_HW_Pipeline_loop_acc_x_fu_303/mul_32s_32s_32_1_1_U28/dout__0__0_n_106
    DSP48_X0Y3           DSP48E1 (Prop_dsp48e1_PCIN[47]_P[0])
                                                      1.518    11.668 r  design_1_i/Conv2D_HW_0/inst/grp_Conv2D_HW_Pipeline_loop_acc_x_fu_303/mul_32s_32s_32_1_1_U28/dout__1/P[0]
                         net (fo=2, routed)           1.033    12.701    design_1_i/Conv2D_HW_0/inst/grp_Conv2D_HW_Pipeline_loop_acc_x_fu_303/mul_32s_32s_32_1_1_U28/dout__1_n_105
    SLICE_X20Y4          CARRY4 (Prop_carry4_DI[1]_CO[3])
                                                      0.520    13.221 r  design_1_i/Conv2D_HW_0/inst/grp_Conv2D_HW_Pipeline_loop_acc_x_fu_303/mul_32s_32s_32_1_1_U28/dout_carry/CO[3]
                         net (fo=1, routed)           0.000    13.221    design_1_i/Conv2D_HW_0/inst/grp_Conv2D_HW_Pipeline_loop_acc_x_fu_303/mul_32s_32s_32_1_1_U28/dout_carry_n_0
    SLICE_X20Y5          CARRY4 (Prop_carry4_CI_O[2])
                                                      0.239    13.460 r  design_1_i/Conv2D_HW_0/inst/grp_Conv2D_HW_Pipeline_loop_acc_x_fu_303/mul_32s_32s_32_1_1_U28/dout_carry__0/O[2]
                         net (fo=1, routed)           0.816    14.276    design_1_i/Conv2D_HW_0/inst/grp_Conv2D_HW_Pipeline_loop_acc_x_fu_303/mul_32s_32s_32_1_1_U28/dout_0[22]
    SLICE_X22Y5          LUT3 (Prop_lut3_I0_O)        0.327    14.603 r  design_1_i/Conv2D_HW_0/inst/grp_Conv2D_HW_Pipeline_loop_acc_x_fu_303/mul_32s_32s_32_1_1_U28/add_ln58_reg_959[23]_i_8/O
                         net (fo=2, routed)           1.135    15.738    design_1_i/Conv2D_HW_0/inst/grp_Conv2D_HW_Pipeline_loop_acc_x_fu_303/mul_32s_32s_32_1_1_U28/zext_ln60_1_fu_620_p1[22]
    SLICE_X20Y15         LUT6 (Prop_lut6_I0_O)        0.355    16.093 r  design_1_i/Conv2D_HW_0/inst/grp_Conv2D_HW_Pipeline_loop_acc_x_fu_303/mul_32s_32s_32_1_1_U28/add_ln58_reg_959[23]_i_12/O
                         net (fo=1, routed)           0.000    16.093    design_1_i/Conv2D_HW_0/inst/grp_Conv2D_HW_Pipeline_loop_acc_x_fu_303/mul_32s_32s_32_1_1_U28/add_ln58_reg_959[23]_i_12_n_0
    SLICE_X20Y15         CARRY4 (Prop_carry4_S[2]_CO[3])
                                                      0.380    16.473 r  design_1_i/Conv2D_HW_0/inst/grp_Conv2D_HW_Pipeline_loop_acc_x_fu_303/mul_32s_32s_32_1_1_U28/add_ln58_reg_959_reg[23]_i_2/CO[3]
                         net (fo=1, routed)           0.000    16.473    design_1_i/Conv2D_HW_0/inst/grp_Conv2D_HW_Pipeline_loop_acc_x_fu_303/mul_32s_32s_32_1_1_U28/add_ln58_reg_959_reg[23]_i_2_n_0
    SLICE_X20Y16         CARRY4 (Prop_carry4_CI_O[1])
                                                      0.323    16.796 r  design_1_i/Conv2D_HW_0/inst/grp_Conv2D_HW_Pipeline_loop_acc_x_fu_303/mul_32s_32s_32_1_1_U28/add_ln58_reg_959_reg[27]_i_2/O[1]
                         net (fo=2, routed)           0.593    17.389    design_1_i/Conv2D_HW_0/inst/grp_Conv2D_HW_Pipeline_loop_acc_x_fu_303/select_ln58_1_fu_650_p3[25]
    SLICE_X21Y21         LUT2 (Prop_lut2_I0_O)        0.306    17.695 r  design_1_i/Conv2D_HW_0/inst/grp_Conv2D_HW_Pipeline_loop_acc_x_fu_303/add_ln58_reg_959[27]_i_5/O
                         net (fo=1, routed)           0.000    17.695    design_1_i/Conv2D_HW_0/inst/grp_Conv2D_HW_Pipeline_loop_acc_x_fu_303/add_ln58_reg_959[27]_i_5_n_0
    SLICE_X21Y21         CARRY4 (Prop_carry4_S[1]_CO[3])
                                                      0.550    18.245 r  design_1_i/Conv2D_HW_0/inst/grp_Conv2D_HW_Pipeline_loop_acc_x_fu_303/add_ln58_reg_959_reg[27]_i_1/CO[3]
                         net (fo=1, routed)           0.000    18.245    design_1_i/Conv2D_HW_0/inst/grp_Conv2D_HW_Pipeline_loop_acc_x_fu_303/add_ln58_reg_959_reg[27]_i_1_n_0
    SLICE_X21Y22         CARRY4 (Prop_carry4_CI_O[3])
                                                      0.313    18.558 r  design_1_i/Conv2D_HW_0/inst/grp_Conv2D_HW_Pipeline_loop_acc_x_fu_303/add_ln58_reg_959_reg[31]_i_1/O[3]
                         net (fo=1, routed)           0.000    18.558    design_1_i/Conv2D_HW_0/inst/grp_Conv2D_HW_Pipeline_loop_acc_x_fu_303/add_ln58_fu_661_p2[31]
    SLICE_X21Y22         FDRE                                         r  design_1_i/Conv2D_HW_0/inst/grp_Conv2D_HW_Pipeline_loop_acc_x_fu_303/add_ln58_reg_959_reg[31]/D
  -------------------------------------------------------------------    -------------------

                         (clock clk_fpga_0 rise edge)
                                                     20.000    20.000 r  
    PS7_X0Y0             PS7                          0.000    20.000 r  design_1_i/processing_system7_0/inst/PS7_i/FCLKCLK[0]
                         net (fo=1, routed)           1.088    21.088    design_1_i/processing_system7_0/inst/FCLK_CLK_unbuffered[0]
    BUFGCTRL_X0Y16       BUFG (Prop_bufg_I_O)         0.091    21.179 r  design_1_i/processing_system7_0/inst/buffer_fclk_clk_0.FCLK_CLK_0_BUFG/O
                         net (fo=8415, routed)        1.565    22.744    design_1_i/Conv2D_HW_0/inst/grp_Conv2D_HW_Pipeline_loop_acc_x_fu_303/ap_clk
    SLICE_X21Y22         FDRE                                         r  design_1_i/Conv2D_HW_0/inst/grp_Conv2D_HW_Pipeline_loop_acc_x_fu_303/add_ln58_reg_959_reg[31]/C
                         clock pessimism              0.230    22.974    
                         clock uncertainty           -0.302    22.672    
    SLICE_X21Y22         FDRE (Setup_fdre_C_D)        0.062    22.734    design_1_i/Conv2D_HW_0/inst/grp_Conv2D_HW_Pipeline_loop_acc_x_fu_303/add_ln58_reg_959_reg[31]
  -------------------------------------------------------------------
                         required time                         22.734    
                         arrival time                         -18.558    
  -------------------------------------------------------------------
                         slack                                  4.176    

Slack (MET) :             4.199ns  (required time - arrival time)
  Source:                 design_1_i/Conv2D_HW_0/inst/grp_Conv2D_HW_Pipeline_loop_acc_x_fu_303/tmp4_mid1_reg_928_reg[16]__0/C
                            (rising edge-triggered cell FDRE clocked by clk_fpga_0  {rise@0.000ns fall@10.000ns period=20.000ns})
  Destination:            design_1_i/Conv2D_HW_0/inst/grp_Conv2D_HW_Pipeline_loop_acc_x_fu_303/add_ln58_reg_959_reg[33]/D
                            (rising edge-triggered cell FDRE clocked by clk_fpga_0  {rise@0.000ns fall@10.000ns period=20.000ns})
  Path Group:             clk_fpga_0
  Path Type:              Setup (Max at Slow Process Corner)
  Requirement:            20.000ns  (clk_fpga_0 rise@20.000ns - clk_fpga_0 rise@0.000ns)
  Data Path Delay:        15.555ns  (logic 9.892ns (63.595%)  route 5.663ns (36.405%))
  Logic Levels:           13  (CARRY4=8 DSP48E1=2 LUT2=1 LUT3=1 LUT6=1)
  Clock Path Skew:        0.010ns (DCD - SCD + CPR)
    Destination Clock Delay (DCD):    2.743ns = ( 22.743 - 20.000 ) 
    Source Clock Delay      (SCD):    2.963ns
    Clock Pessimism Removal (CPR):    0.230ns
  Clock Uncertainty:      0.302ns  ((TSJ^2 + TIJ^2)^1/2 + DJ) / 2 + PE
    Total System Jitter     (TSJ):    0.071ns
    Total Input Jitter      (TIJ):    0.600ns
    Discrete Jitter          (DJ):    0.000ns
    Phase Error              (PE):    0.000ns

    Location             Delay type                Incr(ns)  Path(ns)    Netlist Resource(s)
  -------------------------------------------------------------------    -------------------
                         (clock clk_fpga_0 rise edge)
                                                      0.000     0.000 r  
    PS7_X0Y0             PS7                          0.000     0.000 r  design_1_i/processing_system7_0/inst/PS7_i/FCLKCLK[0]
                         net (fo=1, routed)           1.193     1.193    design_1_i/processing_system7_0/inst/FCLK_CLK_unbuffered[0]
    BUFGCTRL_X0Y16       BUFG (Prop_bufg_I_O)         0.101     1.294 r  design_1_i/processing_system7_0/inst/buffer_fclk_clk_0.FCLK_CLK_0_BUFG/O
                         net (fo=8415, routed)        1.669     2.963    design_1_i/Conv2D_HW_0/inst/grp_Conv2D_HW_Pipeline_loop_acc_x_fu_303/ap_clk
    SLICE_X36Y6          FDRE                                         r  design_1_i/Conv2D_HW_0/inst/grp_Conv2D_HW_Pipeline_loop_acc_x_fu_303/tmp4_mid1_reg_928_reg[16]__0/C
  -------------------------------------------------------------------    -------------------
    SLICE_X36Y6          FDRE (Prop_fdre_C_Q)         0.518     3.481 r  design_1_i/Conv2D_HW_0/inst/grp_Conv2D_HW_Pipeline_loop_acc_x_fu_303/tmp4_mid1_reg_928_reg[16]__0/Q
                         net (fo=1, routed)           0.660     4.141    design_1_i/Conv2D_HW_0/inst/grp_Conv2D_HW_Pipeline_loop_acc_x_fu_303/mul_32s_32s_32_1_1_U25/p_1_in[0]
    SLICE_X35Y0          CARRY4 (Prop_carry4_S[0]_O[0])
                                                      0.371     4.512 r  design_1_i/Conv2D_HW_0/inst/grp_Conv2D_HW_Pipeline_loop_acc_x_fu_303/mul_32s_32s_32_1_1_U25/dout_i_4/O[0]
                         net (fo=1, routed)           1.426     5.937    design_1_i/Conv2D_HW_0/inst/grp_Conv2D_HW_Pipeline_loop_acc_x_fu_303/mul_32s_32s_32_1_1_U28/tmp4_mid1_reg_928_reg[0]
    DSP48_X0Y2           DSP48E1 (Prop_dsp48e1_A[16]_PCOUT[47])
                                                      4.211    10.148 r  design_1_i/Conv2D_HW_0/inst/grp_Conv2D_HW_Pipeline_loop_acc_x_fu_303/mul_32s_32s_32_1_1_U28/dout__0__0/PCOUT[47]
                         net (fo=1, routed)           0.002    10.150    design_1_i/Conv2D_HW_0/inst/grp_Conv2D_HW_Pipeline_loop_acc_x_fu_303/mul_32s_32s_32_1_1_U28/dout__0__0_n_106
    DSP48_X0Y3           DSP48E1 (Prop_dsp48e1_PCIN[47]_P[0])
                                                      1.518    11.668 r  design_1_i/Conv2D_HW_0/inst/grp_Conv2D_HW_Pipeline_loop_acc_x_fu_303/mul_32s_32s_32_1_1_U28/dout__1/P[0]
                         net (fo=2, routed)           1.033    12.701    design_1_i/Conv2D_HW_0/inst/grp_Conv2D_HW_Pipeline_loop_acc_x_fu_303/mul_32s_32s_32_1_1_U28/dout__1_n_105
    SLICE_X20Y4          CARRY4 (Prop_carry4_DI[1]_CO[3])
                                                      0.520    13.221 r  design_1_i/Conv2D_HW_0/inst/grp_Conv2D_HW_Pipeline_loop_acc_x_fu_303/mul_32s_32s_32_1_1_U28/dout_carry/CO[3]
                         net (fo=1, routed)           0.000    13.221    design_1_i/Conv2D_HW_0/inst/grp_Conv2D_HW_Pipeline_loop_acc_x_fu_303/mul_32s_32s_32_1_1_U28/dout_carry_n_0
    SLICE_X20Y5          CARRY4 (Prop_carry4_CI_O[2])
                                                      0.239    13.460 r  design_1_i/Conv2D_HW_0/inst/grp_Conv2D_HW_Pipeline_loop_acc_x_fu_303/mul_32s_32s_32_1_1_U28/dout_carry__0/O[2]
                         net (fo=1, routed)           0.816    14.276    design_1_i/Conv2D_HW_0/inst/grp_Conv2D_HW_Pipeline_loop_acc_x_fu_303/mul_32s_32s_32_1_1_U28/dout_0[22]
    SLICE_X22Y5          LUT3 (Prop_lut3_I0_O)        0.327    14.603 r  design_1_i/Conv2D_HW_0/inst/grp_Conv2D_HW_Pipeline_loop_acc_x_fu_303/mul_32s_32s_32_1_1_U28/add_ln58_reg_959[23]_i_8/O
                         net (fo=2, routed)           1.135    15.738    design_1_i/Conv2D_HW_0/inst/grp_Conv2D_HW_Pipeline_loop_acc_x_fu_303/mul_32s_32s_32_1_1_U28/zext_ln60_1_fu_620_p1[22]
    SLICE_X20Y15         LUT6 (Prop_lut6_I0_O)        0.355    16.093 r  design_1_i/Conv2D_HW_0/inst/grp_Conv2D_HW_Pipeline_loop_acc_x_fu_303/mul_32s_32s_32_1_1_U28/add_ln58_reg_959[23]_i_12/O
                         net (fo=1, routed)           0.000    16.093    design_1_i/Conv2D_HW_0/inst/grp_Conv2D_HW_Pipeline_loop_acc_x_fu_303/mul_32s_32s_32_1_1_U28/add_ln58_reg_959[23]_i_12_n_0
    SLICE_X20Y15         CARRY4 (Prop_carry4_S[2]_CO[3])
                                                      0.380    16.473 r  design_1_i/Conv2D_HW_0/inst/grp_Conv2D_HW_Pipeline_loop_acc_x_fu_303/mul_32s_32s_32_1_1_U28/add_ln58_reg_959_reg[23]_i_2/CO[3]
                         net (fo=1, routed)           0.000    16.473    design_1_i/Conv2D_HW_0/inst/grp_Conv2D_HW_Pipeline_loop_acc_x_fu_303/mul_32s_32s_32_1_1_U28/add_ln58_reg_959_reg[23]_i_2_n_0
    SLICE_X20Y16         CARRY4 (Prop_carry4_CI_CO[3])
                                                      0.117    16.590 r  design_1_i/Conv2D_HW_0/inst/grp_Conv2D_HW_Pipeline_loop_acc_x_fu_303/mul_32s_32s_32_1_1_U28/add_ln58_reg_959_reg[27]_i_2/CO[3]
                         net (fo=1, routed)           0.000    16.590    design_1_i/Conv2D_HW_0/inst/grp_Conv2D_HW_Pipeline_loop_acc_x_fu_303/mul_32s_32s_32_1_1_U28/add_ln58_reg_959_reg[27]_i_2_n_0
    SLICE_X20Y17         CARRY4 (Prop_carry4_CI_O[1])
                                                      0.323    16.913 r  design_1_i/Conv2D_HW_0/inst/grp_Conv2D_HW_Pipeline_loop_acc_x_fu_303/mul_32s_32s_32_1_1_U28/add_ln58_reg_959_reg[31]_i_2/O[1]
                         net (fo=2, routed)           0.591    17.505    design_1_i/Conv2D_HW_0/inst/grp_Conv2D_HW_Pipeline_loop_acc_x_fu_303/select_ln58_1_fu_650_p3[29]
    SLICE_X21Y22         LUT2 (Prop_lut2_I0_O)        0.306    17.811 r  design_1_i/Conv2D_HW_0/inst/grp_Conv2D_HW_Pipeline_loop_acc_x_fu_303/add_ln58_reg_959[31]_i_5/O
                         net (fo=1, routed)           0.000    17.811    design_1_i/Conv2D_HW_0/inst/grp_Conv2D_HW_Pipeline_loop_acc_x_fu_303/add_ln58_reg_959[31]_i_5_n_0
    SLICE_X21Y22         CARRY4 (Prop_carry4_S[1]_CO[3])
                                                      0.550    18.361 r  design_1_i/Conv2D_HW_0/inst/grp_Conv2D_HW_Pipeline_loop_acc_x_fu_303/add_ln58_reg_959_reg[31]_i_1/CO[3]
                         net (fo=1, routed)           0.000    18.361    design_1_i/Conv2D_HW_0/inst/grp_Conv2D_HW_Pipeline_loop_acc_x_fu_303/add_ln58_reg_959_reg[31]_i_1_n_0
    SLICE_X21Y23         CARRY4 (Prop_carry4_CI_CO[1])
                                                      0.157    18.518 r  design_1_i/Conv2D_HW_0/inst/grp_Conv2D_HW_Pipeline_loop_acc_x_fu_303/add_ln58_reg_959_reg[33]_i_2/CO[1]
                         net (fo=1, routed)           0.000    18.518    design_1_i/Conv2D_HW_0/inst/grp_Conv2D_HW_Pipeline_loop_acc_x_fu_303/add_ln58_fu_661_p2[33]
    SLICE_X21Y23         FDRE                                         r  design_1_i/Conv2D_HW_0/inst/grp_Conv2D_HW_Pipeline_loop_acc_x_fu_303/add_ln58_reg_959_reg[33]/D
  -------------------------------------------------------------------    -------------------

                         (clock clk_fpga_0 rise edge)
                                                     20.000    20.000 r  
    PS7_X0Y0             PS7                          0.000    20.000 r  design_1_i/processing_system7_0/inst/PS7_i/FCLKCLK[0]
                         net (fo=1, routed)           1.088    21.088    design_1_i/processing_system7_0/inst/FCLK_CLK_unbuffered[0]
    BUFGCTRL_X0Y16       BUFG (Prop_bufg_I_O)         0.091    21.179 r  design_1_i/processing_system7_0/inst/buffer_fclk_clk_0.FCLK_CLK_0_BUFG/O
                         net (fo=8415, routed)        1.564    22.743    design_1_i/Conv2D_HW_0/inst/grp_Conv2D_HW_Pipeline_loop_acc_x_fu_303/ap_clk
    SLICE_X21Y23         FDRE                                         r  design_1_i/Conv2D_HW_0/inst/grp_Conv2D_HW_Pipeline_loop_acc_x_fu_303/add_ln58_reg_959_reg[33]/C
                         clock pessimism              0.230    22.973    
                         clock uncertainty           -0.302    22.671    
    SLICE_X21Y23         FDRE (Setup_fdre_C_D)        0.046    22.717    design_1_i/Conv2D_HW_0/inst/grp_Conv2D_HW_Pipeline_loop_acc_x_fu_303/add_ln58_reg_959_reg[33]
  -------------------------------------------------------------------
                         required time                         22.717    
                         arrival time                         -18.518    
  -------------------------------------------------------------------
                         slack                                  4.199    

Slack (MET) :             4.250ns  (required time - arrival time)
  Source:                 design_1_i/Conv2D_HW_0/inst/grp_Conv2D_HW_Pipeline_loop_acc_x_fu_303/tmp4_mid1_reg_928_reg[16]__0/C
                            (rising edge-triggered cell FDRE clocked by clk_fpga_0  {rise@0.000ns fall@10.000ns period=20.000ns})
  Destination:            design_1_i/Conv2D_HW_0/inst/grp_Conv2D_HW_Pipeline_loop_acc_x_fu_303/add_ln58_reg_959_reg[30]/D
                            (rising edge-triggered cell FDRE clocked by clk_fpga_0  {rise@0.000ns fall@10.000ns period=20.000ns})
  Path Group:             clk_fpga_0
  Path Type:              Setup (Max at Slow Process Corner)
  Requirement:            20.000ns  (clk_fpga_0 rise@20.000ns - clk_fpga_0 rise@0.000ns)
  Data Path Delay:        15.521ns  (logic 9.857ns (63.508%)  route 5.664ns (36.492%))
  Logic Levels:           12  (CARRY4=7 DSP48E1=2 LUT2=1 LUT3=1 LUT6=1)
  Clock Path Skew:        0.011ns (DCD - SCD + CPR)
    Destination Clock Delay (DCD):    2.744ns = ( 22.744 - 20.000 ) 
    Source Clock Delay      (SCD):    2.963ns
    Clock Pessimism Removal (CPR):    0.230ns
  Clock Uncertainty:      0.302ns  ((TSJ^2 + TIJ^2)^1/2 + DJ) / 2 + PE
    Total System Jitter     (TSJ):    0.071ns
    Total Input Jitter      (TIJ):    0.600ns
    Discrete Jitter          (DJ):    0.000ns
    Phase Error              (PE):    0.000ns

    Location             Delay type                Incr(ns)  Path(ns)    Netlist Resource(s)
  -------------------------------------------------------------------    -------------------
                         (clock clk_fpga_0 rise edge)
                                                      0.000     0.000 r  
    PS7_X0Y0             PS7                          0.000     0.000 r  design_1_i/processing_system7_0/inst/PS7_i/FCLKCLK[0]
                         net (fo=1, routed)           1.193     1.193    design_1_i/processing_system7_0/inst/FCLK_CLK_unbuffered[0]
    BUFGCTRL_X0Y16       BUFG (Prop_bufg_I_O)         0.101     1.294 r  design_1_i/processing_system7_0/inst/buffer_fclk_clk_0.FCLK_CLK_0_BUFG/O
                         net (fo=8415, routed)        1.669     2.963    design_1_i/Conv2D_HW_0/inst/grp_Conv2D_HW_Pipeline_loop_acc_x_fu_303/ap_clk
    SLICE_X36Y6          FDRE                                         r  design_1_i/Conv2D_HW_0/inst/grp_Conv2D_HW_Pipeline_loop_acc_x_fu_303/tmp4_mid1_reg_928_reg[16]__0/C
  -------------------------------------------------------------------    -------------------
    SLICE_X36Y6          FDRE (Prop_fdre_C_Q)         0.518     3.481 r  design_1_i/Conv2D_HW_0/inst/grp_Conv2D_HW_Pipeline_loop_acc_x_fu_303/tmp4_mid1_reg_928_reg[16]__0/Q
                         net (fo=1, routed)           0.660     4.141    design_1_i/Conv2D_HW_0/inst/grp_Conv2D_HW_Pipeline_loop_acc_x_fu_303/mul_32s_32s_32_1_1_U25/p_1_in[0]
    SLICE_X35Y0          CARRY4 (Prop_carry4_S[0]_O[0])
                                                      0.371     4.512 r  design_1_i/Conv2D_HW_0/inst/grp_Conv2D_HW_Pipeline_loop_acc_x_fu_303/mul_32s_32s_32_1_1_U25/dout_i_4/O[0]
                         net (fo=1, routed)           1.426     5.937    design_1_i/Conv2D_HW_0/inst/grp_Conv2D_HW_Pipeline_loop_acc_x_fu_303/mul_32s_32s_32_1_1_U28/tmp4_mid1_reg_928_reg[0]
    DSP48_X0Y2           DSP48E1 (Prop_dsp48e1_A[16]_PCOUT[47])
                                                      4.211    10.148 r  design_1_i/Conv2D_HW_0/inst/grp_Conv2D_HW_Pipeline_loop_acc_x_fu_303/mul_32s_32s_32_1_1_U28/dout__0__0/PCOUT[47]
                         net (fo=1, routed)           0.002    10.150    design_1_i/Conv2D_HW_0/inst/grp_Conv2D_HW_Pipeline_loop_acc_x_fu_303/mul_32s_32s_32_1_1_U28/dout__0__0_n_106
    DSP48_X0Y3           DSP48E1 (Prop_dsp48e1_PCIN[47]_P[0])
                                                      1.518    11.668 r  design_1_i/Conv2D_HW_0/inst/grp_Conv2D_HW_Pipeline_loop_acc_x_fu_303/mul_32s_32s_32_1_1_U28/dout__1/P[0]
                         net (fo=2, routed)           1.033    12.701    design_1_i/Conv2D_HW_0/inst/grp_Conv2D_HW_Pipeline_loop_acc_x_fu_303/mul_32s_32s_32_1_1_U28/dout__1_n_105
    SLICE_X20Y4          CARRY4 (Prop_carry4_DI[1]_CO[3])
                                                      0.520    13.221 r  design_1_i/Conv2D_HW_0/inst/grp_Conv2D_HW_Pipeline_loop_acc_x_fu_303/mul_32s_32s_32_1_1_U28/dout_carry/CO[3]
                         net (fo=1, routed)           0.000    13.221    design_1_i/Conv2D_HW_0/inst/grp_Conv2D_HW_Pipeline_loop_acc_x_fu_303/mul_32s_32s_32_1_1_U28/dout_carry_n_0
    SLICE_X20Y5          CARRY4 (Prop_carry4_CI_O[2])
                                                      0.239    13.460 r  design_1_i/Conv2D_HW_0/inst/grp_Conv2D_HW_Pipeline_loop_acc_x_fu_303/mul_32s_32s_32_1_1_U28/dout_carry__0/O[2]
                         net (fo=1, routed)           0.816    14.276    design_1_i/Conv2D_HW_0/inst/grp_Conv2D_HW_Pipeline_loop_acc_x_fu_303/mul_32s_32s_32_1_1_U28/dout_0[22]
    SLICE_X22Y5          LUT3 (Prop_lut3_I0_O)        0.327    14.603 r  design_1_i/Conv2D_HW_0/inst/grp_Conv2D_HW_Pipeline_loop_acc_x_fu_303/mul_32s_32s_32_1_1_U28/add_ln58_reg_959[23]_i_8/O
                         net (fo=2, routed)           1.135    15.738    design_1_i/Conv2D_HW_0/inst/grp_Conv2D_HW_Pipeline_loop_acc_x_fu_303/mul_32s_32s_32_1_1_U28/zext_ln60_1_fu_620_p1[22]
    SLICE_X20Y15         LUT6 (Prop_lut6_I0_O)        0.355    16.093 r  design_1_i/Conv2D_HW_0/inst/grp_Conv2D_HW_Pipeline_loop_acc_x_fu_303/mul_32s_32s_32_1_1_U28/add_ln58_reg_959[23]_i_12/O
                         net (fo=1, routed)           0.000    16.093    design_1_i/Conv2D_HW_0/inst/grp_Conv2D_HW_Pipeline_loop_acc_x_fu_303/mul_32s_32s_32_1_1_U28/add_ln58_reg_959[23]_i_12_n_0
    SLICE_X20Y15         CARRY4 (Prop_carry4_S[2]_CO[3])
                                                      0.380    16.473 r  design_1_i/Conv2D_HW_0/inst/grp_Conv2D_HW_Pipeline_loop_acc_x_fu_303/mul_32s_32s_32_1_1_U28/add_ln58_reg_959_reg[23]_i_2/CO[3]
                         net (fo=1, routed)           0.000    16.473    design_1_i/Conv2D_HW_0/inst/grp_Conv2D_HW_Pipeline_loop_acc_x_fu_303/mul_32s_32s_32_1_1_U28/add_ln58_reg_959_reg[23]_i_2_n_0
    SLICE_X20Y16         CARRY4 (Prop_carry4_CI_O[1])
                                                      0.323    16.796 r  design_1_i/Conv2D_HW_0/inst/grp_Conv2D_HW_Pipeline_loop_acc_x_fu_303/mul_32s_32s_32_1_1_U28/add_ln58_reg_959_reg[27]_i_2/O[1]
                         net (fo=2, routed)           0.593    17.389    design_1_i/Conv2D_HW_0/inst/grp_Conv2D_HW_Pipeline_loop_acc_x_fu_303/select_ln58_1_fu_650_p3[25]
    SLICE_X21Y21         LUT2 (Prop_lut2_I0_O)        0.306    17.695 r  design_1_i/Conv2D_HW_0/inst/grp_Conv2D_HW_Pipeline_loop_acc_x_fu_303/add_ln58_reg_959[27]_i_5/O
                         net (fo=1, routed)           0.000    17.695    design_1_i/Conv2D_HW_0/inst/grp_Conv2D_HW_Pipeline_loop_acc_x_fu_303/add_ln58_reg_959[27]_i_5_n_0
    SLICE_X21Y21         CARRY4 (Prop_carry4_S[1]_CO[3])
                                                      0.550    18.245 r  design_1_i/Conv2D_HW_0/inst/grp_Conv2D_HW_Pipeline_loop_acc_x_fu_303/add_ln58_reg_959_reg[27]_i_1/CO[3]
                         net (fo=1, routed)           0.000    18.245    design_1_i/Conv2D_HW_0/inst/grp_Conv2D_HW_Pipeline_loop_acc_x_fu_303/add_ln58_reg_959_reg[27]_i_1_n_0
    SLICE_X21Y22         CARRY4 (Prop_carry4_CI_O[2])
                                                      0.239    18.484 r  design_1_i/Conv2D_HW_0/inst/grp_Conv2D_HW_Pipeline_loop_acc_x_fu_303/add_ln58_reg_959_reg[31]_i_1/O[2]
                         net (fo=1, routed)           0.000    18.484    design_1_i/Conv2D_HW_0/inst/grp_Conv2D_HW_Pipeline_loop_acc_x_fu_303/add_ln58_fu_661_p2[30]
    SLICE_X21Y22         FDRE                                         r  design_1_i/Conv2D_HW_0/inst/grp_Conv2D_HW_Pipeline_loop_acc_x_fu_303/add_ln58_reg_959_reg[30]/D
  -------------------------------------------------------------------    -------------------

                         (clock clk_fpga_0 rise edge)
                                                     20.000    20.000 r  
    PS7_X0Y0             PS7                          0.000    20.000 r  design_1_i/processing_system7_0/inst/PS7_i/FCLKCLK[0]
                         net (fo=1, routed)           1.088    21.088    design_1_i/processing_system7_0/inst/FCLK_CLK_unbuffered[0]
    BUFGCTRL_X0Y16       BUFG (Prop_bufg_I_O)         0.091    21.179 r  design_1_i/processing_system7_0/inst/buffer_fclk_clk_0.FCLK_CLK_0_BUFG/O
                         net (fo=8415, routed)        1.565    22.744    design_1_i/Conv2D_HW_0/inst/grp_Conv2D_HW_Pipeline_loop_acc_x_fu_303/ap_clk
    SLICE_X21Y22         FDRE                                         r  design_1_i/Conv2D_HW_0/inst/grp_Conv2D_HW_Pipeline_loop_acc_x_fu_303/add_ln58_reg_959_reg[30]/C
                         clock pessimism              0.230    22.974    
                         clock uncertainty           -0.302    22.672    
    SLICE_X21Y22         FDRE (Setup_fdre_C_D)        0.062    22.734    design_1_i/Conv2D_HW_0/inst/grp_Conv2D_HW_Pipeline_loop_acc_x_fu_303/add_ln58_reg_959_reg[30]
  -------------------------------------------------------------------
                         required time                         22.734    
                         arrival time                         -18.484    
  -------------------------------------------------------------------
                         slack                                  4.250    

Slack (MET) :             4.266ns  (required time - arrival time)
  Source:                 design_1_i/Conv2D_HW_0/inst/grp_Conv2D_HW_Pipeline_loop_acc_x_fu_303/tmp4_mid1_reg_928_reg[16]__0/C
                            (rising edge-triggered cell FDRE clocked by clk_fpga_0  {rise@0.000ns fall@10.000ns period=20.000ns})
  Destination:            design_1_i/Conv2D_HW_0/inst/grp_Conv2D_HW_Pipeline_loop_acc_x_fu_303/add_ln58_reg_959_reg[28]/D
                            (rising edge-triggered cell FDRE clocked by clk_fpga_0  {rise@0.000ns fall@10.000ns period=20.000ns})
  Path Group:             clk_fpga_0
  Path Type:              Setup (Max at Slow Process Corner)
  Requirement:            20.000ns  (clk_fpga_0 rise@20.000ns - clk_fpga_0 rise@0.000ns)
  Data Path Delay:        15.505ns  (logic 9.841ns (63.471%)  route 5.664ns (36.529%))
  Logic Levels:           12  (CARRY4=7 DSP48E1=2 LUT2=1 LUT3=1 LUT6=1)
  Clock Path Skew:        0.011ns (DCD - SCD + CPR)
    Destination Clock Delay (DCD):    2.744ns = ( 22.744 - 20.000 ) 
    Source Clock Delay      (SCD):    2.963ns
    Clock Pessimism Removal (CPR):    0.230ns
  Clock Uncertainty:      0.302ns  ((TSJ^2 + TIJ^2)^1/2 + DJ) / 2 + PE
    Total System Jitter     (TSJ):    0.071ns
    Total Input Jitter      (TIJ):    0.600ns
    Discrete Jitter          (DJ):    0.000ns
    Phase Error              (PE):    0.000ns

    Location             Delay type                Incr(ns)  Path(ns)    Netlist Resource(s)
  -------------------------------------------------------------------    -------------------
                         (clock clk_fpga_0 rise edge)
                                                      0.000     0.000 r  
    PS7_X0Y0             PS7                          0.000     0.000 r  design_1_i/processing_system7_0/inst/PS7_i/FCLKCLK[0]
                         net (fo=1, routed)           1.193     1.193    design_1_i/processing_system7_0/inst/FCLK_CLK_unbuffered[0]
    BUFGCTRL_X0Y16       BUFG (Prop_bufg_I_O)         0.101     1.294 r  design_1_i/processing_system7_0/inst/buffer_fclk_clk_0.FCLK_CLK_0_BUFG/O
                         net (fo=8415, routed)        1.669     2.963    design_1_i/Conv2D_HW_0/inst/grp_Conv2D_HW_Pipeline_loop_acc_x_fu_303/ap_clk
    SLICE_X36Y6          FDRE                                         r  design_1_i/Conv2D_HW_0/inst/grp_Conv2D_HW_Pipeline_loop_acc_x_fu_303/tmp4_mid1_reg_928_reg[16]__0/C
  -------------------------------------------------------------------    -------------------
    SLICE_X36Y6          FDRE (Prop_fdre_C_Q)         0.518     3.481 r  design_1_i/Conv2D_HW_0/inst/grp_Conv2D_HW_Pipeline_loop_acc_x_fu_303/tmp4_mid1_reg_928_reg[16]__0/Q
                         net (fo=1, routed)           0.660     4.141    design_1_i/Conv2D_HW_0/inst/grp_Conv2D_HW_Pipeline_loop_acc_x_fu_303/mul_32s_32s_32_1_1_U25/p_1_in[0]
    SLICE_X35Y0          CARRY4 (Prop_carry4_S[0]_O[0])
                                                      0.371     4.512 r  design_1_i/Conv2D_HW_0/inst/grp_Conv2D_HW_Pipeline_loop_acc_x_fu_303/mul_32s_32s_32_1_1_U25/dout_i_4/O[0]
                         net (fo=1, routed)           1.426     5.937    design_1_i/Conv2D_HW_0/inst/grp_Conv2D_HW_Pipeline_loop_acc_x_fu_303/mul_32s_32s_32_1_1_U28/tmp4_mid1_reg_928_reg[0]
    DSP48_X0Y2           DSP48E1 (Prop_dsp48e1_A[16]_PCOUT[47])
                                                      4.211    10.148 r  design_1_i/Conv2D_HW_0/inst/grp_Conv2D_HW_Pipeline_loop_acc_x_fu_303/mul_32s_32s_32_1_1_U28/dout__0__0/PCOUT[47]
                         net (fo=1, routed)           0.002    10.150    design_1_i/Conv2D_HW_0/inst/grp_Conv2D_HW_Pipeline_loop_acc_x_fu_303/mul_32s_32s_32_1_1_U28/dout__0__0_n_106
    DSP48_X0Y3           DSP48E1 (Prop_dsp48e1_PCIN[47]_P[0])
                                                      1.518    11.668 r  design_1_i/Conv2D_HW_0/inst/grp_Conv2D_HW_Pipeline_loop_acc_x_fu_303/mul_32s_32s_32_1_1_U28/dout__1/P[0]
                         net (fo=2, routed)           1.033    12.701    design_1_i/Conv2D_HW_0/inst/grp_Conv2D_HW_Pipeline_loop_acc_x_fu_303/mul_32s_32s_32_1_1_U28/dout__1_n_105
    SLICE_X20Y4          CARRY4 (Prop_carry4_DI[1]_CO[3])
                                                      0.520    13.221 r  design_1_i/Conv2D_HW_0/inst/grp_Conv2D_HW_Pipeline_loop_acc_x_fu_303/mul_32s_32s_32_1_1_U28/dout_carry/CO[3]
                         net (fo=1, routed)           0.000    13.221    design_1_i/Conv2D_HW_0/inst/grp_Conv2D_HW_Pipeline_loop_acc_x_fu_303/mul_32s_32s_32_1_1_U28/dout_carry_n_0
    SLICE_X20Y5          CARRY4 (Prop_carry4_CI_O[2])
                                                      0.239    13.460 r  design_1_i/Conv2D_HW_0/inst/grp_Conv2D_HW_Pipeline_loop_acc_x_fu_303/mul_32s_32s_32_1_1_U28/dout_carry__0/O[2]
                         net (fo=1, routed)           0.816    14.276    design_1_i/Conv2D_HW_0/inst/grp_Conv2D_HW_Pipeline_loop_acc_x_fu_303/mul_32s_32s_32_1_1_U28/dout_0[22]
    SLICE_X22Y5          LUT3 (Prop_lut3_I0_O)        0.327    14.603 r  design_1_i/Conv2D_HW_0/inst/grp_Conv2D_HW_Pipeline_loop_acc_x_fu_303/mul_32s_32s_32_1_1_U28/add_ln58_reg_959[23]_i_8/O
                         net (fo=2, routed)           1.135    15.738    design_1_i/Conv2D_HW_0/inst/grp_Conv2D_HW_Pipeline_loop_acc_x_fu_303/mul_32s_32s_32_1_1_U28/zext_ln60_1_fu_620_p1[22]
    SLICE_X20Y15         LUT6 (Prop_lut6_I0_O)        0.355    16.093 r  design_1_i/Conv2D_HW_0/inst/grp_Conv2D_HW_Pipeline_loop_acc_x_fu_303/mul_32s_32s_32_1_1_U28/add_ln58_reg_959[23]_i_12/O
                         net (fo=1, routed)           0.000    16.093    design_1_i/Conv2D_HW_0/inst/grp_Conv2D_HW_Pipeline_loop_acc_x_fu_303/mul_32s_32s_32_1_1_U28/add_ln58_reg_959[23]_i_12_n_0
    SLICE_X20Y15         CARRY4 (Prop_carry4_S[2]_CO[3])
                                                      0.380    16.473 r  design_1_i/Conv2D_HW_0/inst/grp_Conv2D_HW_Pipeline_loop_acc_x_fu_303/mul_32s_32s_32_1_1_U28/add_ln58_reg_959_reg[23]_i_2/CO[3]
                         net (fo=1, routed)           0.000    16.473    design_1_i/Conv2D_HW_0/inst/grp_Conv2D_HW_Pipeline_loop_acc_x_fu_303/mul_32s_32s_32_1_1_U28/add_ln58_reg_959_reg[23]_i_2_n_0
    SLICE_X20Y16         CARRY4 (Prop_carry4_CI_O[1])
                                                      0.323    16.796 r  design_1_i/Conv2D_HW_0/inst/grp_Conv2D_HW_Pipeline_loop_acc_x_fu_303/mul_32s_32s_32_1_1_U28/add_ln58_reg_959_reg[27]_i_2/O[1]
                         net (fo=2, routed)           0.593    17.389    design_1_i/Conv2D_HW_0/inst/grp_Conv2D_HW_Pipeline_loop_acc_x_fu_303/select_ln58_1_fu_650_p3[25]
    SLICE_X21Y21         LUT2 (Prop_lut2_I0_O)        0.306    17.695 r  design_1_i/Conv2D_HW_0/inst/grp_Conv2D_HW_Pipeline_loop_acc_x_fu_303/add_ln58_reg_959[27]_i_5/O
                         net (fo=1, routed)           0.000    17.695    design_1_i/Conv2D_HW_0/inst/grp_Conv2D_HW_Pipeline_loop_acc_x_fu_303/add_ln58_reg_959[27]_i_5_n_0
    SLICE_X21Y21         CARRY4 (Prop_carry4_S[1]_CO[3])
                                                      0.550    18.245 r  design_1_i/Conv2D_HW_0/inst/grp_Conv2D_HW_Pipeline_loop_acc_x_fu_303/add_ln58_reg_959_reg[27]_i_1/CO[3]
                         net (fo=1, routed)           0.000    18.245    design_1_i/Conv2D_HW_0/inst/grp_Conv2D_HW_Pipeline_loop_acc_x_fu_303/add_ln58_reg_959_reg[27]_i_1_n_0
    SLICE_X21Y22         CARRY4 (Prop_carry4_CI_O[0])
                                                      0.223    18.468 r  design_1_i/Conv2D_HW_0/inst/grp_Conv2D_HW_Pipeline_loop_acc_x_fu_303/add_ln58_reg_959_reg[31]_i_1/O[0]
                         net (fo=1, routed)           0.000    18.468    design_1_i/Conv2D_HW_0/inst/grp_Conv2D_HW_Pipeline_loop_acc_x_fu_303/add_ln58_fu_661_p2[28]
    SLICE_X21Y22         FDRE                                         r  design_1_i/Conv2D_HW_0/inst/grp_Conv2D_HW_Pipeline_loop_acc_x_fu_303/add_ln58_reg_959_reg[28]/D
  -------------------------------------------------------------------    -------------------

                         (clock clk_fpga_0 rise edge)
                                                     20.000    20.000 r  
    PS7_X0Y0             PS7                          0.000    20.000 r  design_1_i/processing_system7_0/inst/PS7_i/FCLKCLK[0]
                         net (fo=1, routed)           1.088    21.088    design_1_i/processing_system7_0/inst/FCLK_CLK_unbuffered[0]
    BUFGCTRL_X0Y16       BUFG (Prop_bufg_I_O)         0.091    21.179 r  design_1_i/processing_system7_0/inst/buffer_fclk_clk_0.FCLK_CLK_0_BUFG/O
                         net (fo=8415, routed)        1.565    22.744    design_1_i/Conv2D_HW_0/inst/grp_Conv2D_HW_Pipeline_loop_acc_x_fu_303/ap_clk
    SLICE_X21Y22         FDRE                                         r  design_1_i/Conv2D_HW_0/inst/grp_Conv2D_HW_Pipeline_loop_acc_x_fu_303/add_ln58_reg_959_reg[28]/C
                         clock pessimism              0.230    22.974    
                         clock uncertainty           -0.302    22.672    
    SLICE_X21Y22         FDRE (Setup_fdre_C_D)        0.062    22.734    design_1_i/Conv2D_HW_0/inst/grp_Conv2D_HW_Pipeline_loop_acc_x_fu_303/add_ln58_reg_959_reg[28]
  -------------------------------------------------------------------
                         required time                         22.734    
                         arrival time                         -18.468    
  -------------------------------------------------------------------
                         slack                                  4.266    

Slack (MET) :             4.270ns  (required time - arrival time)
  Source:                 design_1_i/rst_ps7_0_100M/U0/ACTIVE_LOW_PR_OUT_DFF[0].FDRE_PER_N/C
                            (rising edge-triggered cell FDRE clocked by clk_fpga_0  {rise@0.000ns fall@10.000ns period=20.000ns})
  Destination:            design_1_i/Conv2D_HW_0/inst/gmem0_m_axi_U/bus_write/could_multi_bursts.awaddr_buf_reg[18]/R
                            (rising edge-triggered cell FDRE clocked by clk_fpga_0  {rise@0.000ns fall@10.000ns period=20.000ns})
  Path Group:             clk_fpga_0
  Path Type:              Setup (Max at Slow Process Corner)
  Requirement:            20.000ns  (clk_fpga_0 rise@20.000ns - clk_fpga_0 rise@0.000ns)
  Data Path Delay:        14.606ns  (logic 0.608ns (4.163%)  route 13.998ns (95.837%))
  Logic Levels:           1  (LUT1=1)
  Clock Path Skew:        -0.096ns (DCD - SCD + CPR)
    Destination Clock Delay (DCD):    2.727ns = ( 22.727 - 20.000 ) 
    Source Clock Delay      (SCD):    2.938ns
    Clock Pessimism Removal (CPR):    0.115ns
  Clock Uncertainty:      0.302ns  ((TSJ^2 + TIJ^2)^1/2 + DJ) / 2 + PE
    Total System Jitter     (TSJ):    0.071ns
    Total Input Jitter      (TIJ):    0.600ns
    Discrete Jitter          (DJ):    0.000ns
    Phase Error              (PE):    0.000ns

    Location             Delay type                Incr(ns)  Path(ns)    Netlist Resource(s)
  -------------------------------------------------------------------    -------------------
                         (clock clk_fpga_0 rise edge)
                                                      0.000     0.000 r  
    PS7_X0Y0             PS7                          0.000     0.000 r  design_1_i/processing_system7_0/inst/PS7_i/FCLKCLK[0]
                         net (fo=1, routed)           1.193     1.193    design_1_i/processing_system7_0/inst/FCLK_CLK_unbuffered[0]
    BUFGCTRL_X0Y16       BUFG (Prop_bufg_I_O)         0.101     1.294 r  design_1_i/processing_system7_0/inst/buffer_fclk_clk_0.FCLK_CLK_0_BUFG/O
                         net (fo=8415, routed)        1.644     2.938    design_1_i/rst_ps7_0_100M/U0/slowest_sync_clk
    SLICE_X45Y84         FDRE                                         r  design_1_i/rst_ps7_0_100M/U0/ACTIVE_LOW_PR_OUT_DFF[0].FDRE_PER_N/C
  -------------------------------------------------------------------    -------------------
    SLICE_X45Y84         FDRE (Prop_fdre_C_Q)         0.456     3.394 f  design_1_i/rst_ps7_0_100M/U0/ACTIVE_LOW_PR_OUT_DFF[0].FDRE_PER_N/Q
                         net (fo=67, routed)          7.992    11.386    design_1_i/Conv2D_HW_0/inst/gmem0_m_axi_U/bus_write/wreq_throttle/req_fifo/U_fifo_srl/ap_rst_n
    SLICE_X7Y38          LUT1 (Prop_lut1_I0_O)        0.152    11.538 r  design_1_i/Conv2D_HW_0/inst/gmem0_m_axi_U/bus_write/wreq_throttle/req_fifo/U_fifo_srl/state[0]_i_1__5/O
                         net (fo=2312, routed)        6.006    17.544    design_1_i/Conv2D_HW_0/inst/gmem0_m_axi_U/bus_write/SR[0]
    SLICE_X54Y36         FDRE                                         r  design_1_i/Conv2D_HW_0/inst/gmem0_m_axi_U/bus_write/could_multi_bursts.awaddr_buf_reg[18]/R
  -------------------------------------------------------------------    -------------------

                         (clock clk_fpga_0 rise edge)
                                                     20.000    20.000 r  
    PS7_X0Y0             PS7                          0.000    20.000 r  design_1_i/processing_system7_0/inst/PS7_i/FCLKCLK[0]
                         net (fo=1, routed)           1.088    21.088    design_1_i/processing_system7_0/inst/FCLK_CLK_unbuffered[0]
    BUFGCTRL_X0Y16       BUFG (Prop_bufg_I_O)         0.091    21.179 r  design_1_i/processing_system7_0/inst/buffer_fclk_clk_0.FCLK_CLK_0_BUFG/O
                         net (fo=8415, routed)        1.548    22.727    design_1_i/Conv2D_HW_0/inst/gmem0_m_axi_U/bus_write/ap_clk
    SLICE_X54Y36         FDRE                                         r  design_1_i/Conv2D_HW_0/inst/gmem0_m_axi_U/bus_write/could_multi_bursts.awaddr_buf_reg[18]/C
                         clock pessimism              0.115    22.842    
                         clock uncertainty           -0.302    22.540    
    SLICE_X54Y36         FDRE (Setup_fdre_C_R)       -0.726    21.814    design_1_i/Conv2D_HW_0/inst/gmem0_m_axi_U/bus_write/could_multi_bursts.awaddr_buf_reg[18]
  -------------------------------------------------------------------
                         required time                         21.814    
                         arrival time                         -17.544    
  -------------------------------------------------------------------
                         slack                                  4.270    

Slack (MET) :             4.270ns  (required time - arrival time)
  Source:                 design_1_i/rst_ps7_0_100M/U0/ACTIVE_LOW_PR_OUT_DFF[0].FDRE_PER_N/C
                            (rising edge-triggered cell FDRE clocked by clk_fpga_0  {rise@0.000ns fall@10.000ns period=20.000ns})
  Destination:            design_1_i/Conv2D_HW_0/inst/gmem0_m_axi_U/bus_write/could_multi_bursts.awaddr_buf_reg[19]/R
                            (rising edge-triggered cell FDRE clocked by clk_fpga_0  {rise@0.000ns fall@10.000ns period=20.000ns})
  Path Group:             clk_fpga_0
  Path Type:              Setup (Max at Slow Process Corner)
  Requirement:            20.000ns  (clk_fpga_0 rise@20.000ns - clk_fpga_0 rise@0.000ns)
  Data Path Delay:        14.606ns  (logic 0.608ns (4.163%)  route 13.998ns (95.837%))
  Logic Levels:           1  (LUT1=1)
  Clock Path Skew:        -0.096ns (DCD - SCD + CPR)
    Destination Clock Delay (DCD):    2.727ns = ( 22.727 - 20.000 ) 
    Source Clock Delay      (SCD):    2.938ns
    Clock Pessimism Removal (CPR):    0.115ns
  Clock Uncertainty:      0.302ns  ((TSJ^2 + TIJ^2)^1/2 + DJ) / 2 + PE
    Total System Jitter     (TSJ):    0.071ns
    Total Input Jitter      (TIJ):    0.600ns
    Discrete Jitter          (DJ):    0.000ns
    Phase Error              (PE):    0.000ns

    Location             Delay type                Incr(ns)  Path(ns)    Netlist Resource(s)
  -------------------------------------------------------------------    -------------------
                         (clock clk_fpga_0 rise edge)
                                                      0.000     0.000 r  
    PS7_X0Y0             PS7                          0.000     0.000 r  design_1_i/processing_system7_0/inst/PS7_i/FCLKCLK[0]
                         net (fo=1, routed)           1.193     1.193    design_1_i/processing_system7_0/inst/FCLK_CLK_unbuffered[0]
    BUFGCTRL_X0Y16       BUFG (Prop_bufg_I_O)         0.101     1.294 r  design_1_i/processing_system7_0/inst/buffer_fclk_clk_0.FCLK_CLK_0_BUFG/O
                         net (fo=8415, routed)        1.644     2.938    design_1_i/rst_ps7_0_100M/U0/slowest_sync_clk
    SLICE_X45Y84         FDRE                                         r  design_1_i/rst_ps7_0_100M/U0/ACTIVE_LOW_PR_OUT_DFF[0].FDRE_PER_N/C
  -------------------------------------------------------------------    -------------------
    SLICE_X45Y84         FDRE (Prop_fdre_C_Q)         0.456     3.394 f  design_1_i/rst_ps7_0_100M/U0/ACTIVE_LOW_PR_OUT_DFF[0].FDRE_PER_N/Q
                         net (fo=67, routed)          7.992    11.386    design_1_i/Conv2D_HW_0/inst/gmem0_m_axi_U/bus_write/wreq_throttle/req_fifo/U_fifo_srl/ap_rst_n
    SLICE_X7Y38          LUT1 (Prop_lut1_I0_O)        0.152    11.538 r  design_1_i/Conv2D_HW_0/inst/gmem0_m_axi_U/bus_write/wreq_throttle/req_fifo/U_fifo_srl/state[0]_i_1__5/O
                         net (fo=2312, routed)        6.006    17.544    design_1_i/Conv2D_HW_0/inst/gmem0_m_axi_U/bus_write/SR[0]
    SLICE_X54Y36         FDRE                                         r  design_1_i/Conv2D_HW_0/inst/gmem0_m_axi_U/bus_write/could_multi_bursts.awaddr_buf_reg[19]/R
  -------------------------------------------------------------------    -------------------

                         (clock clk_fpga_0 rise edge)
                                                     20.000    20.000 r  
    PS7_X0Y0             PS7                          0.000    20.000 r  design_1_i/processing_system7_0/inst/PS7_i/FCLKCLK[0]
                         net (fo=1, routed)           1.088    21.088    design_1_i/processing_system7_0/inst/FCLK_CLK_unbuffered[0]
    BUFGCTRL_X0Y16       BUFG (Prop_bufg_I_O)         0.091    21.179 r  design_1_i/processing_system7_0/inst/buffer_fclk_clk_0.FCLK_CLK_0_BUFG/O
                         net (fo=8415, routed)        1.548    22.727    design_1_i/Conv2D_HW_0/inst/gmem0_m_axi_U/bus_write/ap_clk
    SLICE_X54Y36         FDRE                                         r  design_1_i/Conv2D_HW_0/inst/gmem0_m_axi_U/bus_write/could_multi_bursts.awaddr_buf_reg[19]/C
                         clock pessimism              0.115    22.842    
                         clock uncertainty           -0.302    22.540    
    SLICE_X54Y36         FDRE (Setup_fdre_C_R)       -0.726    21.814    design_1_i/Conv2D_HW_0/inst/gmem0_m_axi_U/bus_write/could_multi_bursts.awaddr_buf_reg[19]
  -------------------------------------------------------------------
                         required time                         21.814    
                         arrival time                         -17.544    
  -------------------------------------------------------------------
                         slack                                  4.270    

Slack (MET) :             4.270ns  (required time - arrival time)
  Source:                 design_1_i/rst_ps7_0_100M/U0/ACTIVE_LOW_PR_OUT_DFF[0].FDRE_PER_N/C
                            (rising edge-triggered cell FDRE clocked by clk_fpga_0  {rise@0.000ns fall@10.000ns period=20.000ns})
  Destination:            design_1_i/Conv2D_HW_0/inst/gmem0_m_axi_U/bus_write/could_multi_bursts.awaddr_buf_reg[20]/R
                            (rising edge-triggered cell FDRE clocked by clk_fpga_0  {rise@0.000ns fall@10.000ns period=20.000ns})
  Path Group:             clk_fpga_0
  Path Type:              Setup (Max at Slow Process Corner)
  Requirement:            20.000ns  (clk_fpga_0 rise@20.000ns - clk_fpga_0 rise@0.000ns)
  Data Path Delay:        14.606ns  (logic 0.608ns (4.163%)  route 13.998ns (95.837%))
  Logic Levels:           1  (LUT1=1)
  Clock Path Skew:        -0.096ns (DCD - SCD + CPR)
    Destination Clock Delay (DCD):    2.727ns = ( 22.727 - 20.000 ) 
    Source Clock Delay      (SCD):    2.938ns
    Clock Pessimism Removal (CPR):    0.115ns
  Clock Uncertainty:      0.302ns  ((TSJ^2 + TIJ^2)^1/2 + DJ) / 2 + PE
    Total System Jitter     (TSJ):    0.071ns
    Total Input Jitter      (TIJ):    0.600ns
    Discrete Jitter          (DJ):    0.000ns
    Phase Error              (PE):    0.000ns

    Location             Delay type                Incr(ns)  Path(ns)    Netlist Resource(s)
  -------------------------------------------------------------------    -------------------
                         (clock clk_fpga_0 rise edge)
                                                      0.000     0.000 r  
    PS7_X0Y0             PS7                          0.000     0.000 r  design_1_i/processing_system7_0/inst/PS7_i/FCLKCLK[0]
                         net (fo=1, routed)           1.193     1.193    design_1_i/processing_system7_0/inst/FCLK_CLK_unbuffered[0]
    BUFGCTRL_X0Y16       BUFG (Prop_bufg_I_O)         0.101     1.294 r  design_1_i/processing_system7_0/inst/buffer_fclk_clk_0.FCLK_CLK_0_BUFG/O
                         net (fo=8415, routed)        1.644     2.938    design_1_i/rst_ps7_0_100M/U0/slowest_sync_clk
    SLICE_X45Y84         FDRE                                         r  design_1_i/rst_ps7_0_100M/U0/ACTIVE_LOW_PR_OUT_DFF[0].FDRE_PER_N/C
  -------------------------------------------------------------------    -------------------
    SLICE_X45Y84         FDRE (Prop_fdre_C_Q)         0.456     3.394 f  design_1_i/rst_ps7_0_100M/U0/ACTIVE_LOW_PR_OUT_DFF[0].FDRE_PER_N/Q
                         net (fo=67, routed)          7.992    11.386    design_1_i/Conv2D_HW_0/inst/gmem0_m_axi_U/bus_write/wreq_throttle/req_fifo/U_fifo_srl/ap_rst_n
    SLICE_X7Y38          LUT1 (Prop_lut1_I0_O)        0.152    11.538 r  design_1_i/Conv2D_HW_0/inst/gmem0_m_axi_U/bus_write/wreq_throttle/req_fifo/U_fifo_srl/state[0]_i_1__5/O
                         net (fo=2312, routed)        6.006    17.544    design_1_i/Conv2D_HW_0/inst/gmem0_m_axi_U/bus_write/SR[0]
    SLICE_X54Y36         FDRE                                         r  design_1_i/Conv2D_HW_0/inst/gmem0_m_axi_U/bus_write/could_multi_bursts.awaddr_buf_reg[20]/R
  -------------------------------------------------------------------    -------------------

                         (clock clk_fpga_0 rise edge)
                                                     20.000    20.000 r  
    PS7_X0Y0             PS7                          0.000    20.000 r  design_1_i/processing_system7_0/inst/PS7_i/FCLKCLK[0]
                         net (fo=1, routed)           1.088    21.088    design_1_i/processing_system7_0/inst/FCLK_CLK_unbuffered[0]
    BUFGCTRL_X0Y16       BUFG (Prop_bufg_I_O)         0.091    21.179 r  design_1_i/processing_system7_0/inst/buffer_fclk_clk_0.FCLK_CLK_0_BUFG/O
                         net (fo=8415, routed)        1.548    22.727    design_1_i/Conv2D_HW_0/inst/gmem0_m_axi_U/bus_write/ap_clk
    SLICE_X54Y36         FDRE                                         r  design_1_i/Conv2D_HW_0/inst/gmem0_m_axi_U/bus_write/could_multi_bursts.awaddr_buf_reg[20]/C
                         clock pessimism              0.115    22.842    
                         clock uncertainty           -0.302    22.540    
    SLICE_X54Y36         FDRE (Setup_fdre_C_R)       -0.726    21.814    design_1_i/Conv2D_HW_0/inst/gmem0_m_axi_U/bus_write/could_multi_bursts.awaddr_buf_reg[20]
  -------------------------------------------------------------------
                         required time                         21.814    
                         arrival time                         -17.544    
  -------------------------------------------------------------------
                         slack                                  4.270    

Slack (MET) :             4.270ns  (required time - arrival time)
  Source:                 design_1_i/rst_ps7_0_100M/U0/ACTIVE_LOW_PR_OUT_DFF[0].FDRE_PER_N/C
                            (rising edge-triggered cell FDRE clocked by clk_fpga_0  {rise@0.000ns fall@10.000ns period=20.000ns})
  Destination:            design_1_i/Conv2D_HW_0/inst/gmem0_m_axi_U/bus_write/could_multi_bursts.awaddr_buf_reg[21]/R
                            (rising edge-triggered cell FDRE clocked by clk_fpga_0  {rise@0.000ns fall@10.000ns period=20.000ns})
  Path Group:             clk_fpga_0
  Path Type:              Setup (Max at Slow Process Corner)
  Requirement:            20.000ns  (clk_fpga_0 rise@20.000ns - clk_fpga_0 rise@0.000ns)
  Data Path Delay:        14.606ns  (logic 0.608ns (4.163%)  route 13.998ns (95.837%))
  Logic Levels:           1  (LUT1=1)
  Clock Path Skew:        -0.096ns (DCD - SCD + CPR)
    Destination Clock Delay (DCD):    2.727ns = ( 22.727 - 20.000 ) 
    Source Clock Delay      (SCD):    2.938ns
    Clock Pessimism Removal (CPR):    0.115ns
  Clock Uncertainty:      0.302ns  ((TSJ^2 + TIJ^2)^1/2 + DJ) / 2 + PE
    Total System Jitter     (TSJ):    0.071ns
    Total Input Jitter      (TIJ):    0.600ns
    Discrete Jitter          (DJ):    0.000ns
    Phase Error              (PE):    0.000ns

    Location             Delay type                Incr(ns)  Path(ns)    Netlist Resource(s)
  -------------------------------------------------------------------    -------------------
                         (clock clk_fpga_0 rise edge)
                                                      0.000     0.000 r  
    PS7_X0Y0             PS7                          0.000     0.000 r  design_1_i/processing_system7_0/inst/PS7_i/FCLKCLK[0]
                         net (fo=1, routed)           1.193     1.193    design_1_i/processing_system7_0/inst/FCLK_CLK_unbuffered[0]
    BUFGCTRL_X0Y16       BUFG (Prop_bufg_I_O)         0.101     1.294 r  design_1_i/processing_system7_0/inst/buffer_fclk_clk_0.FCLK_CLK_0_BUFG/O
                         net (fo=8415, routed)        1.644     2.938    design_1_i/rst_ps7_0_100M/U0/slowest_sync_clk
    SLICE_X45Y84         FDRE                                         r  design_1_i/rst_ps7_0_100M/U0/ACTIVE_LOW_PR_OUT_DFF[0].FDRE_PER_N/C
  -------------------------------------------------------------------    -------------------
    SLICE_X45Y84         FDRE (Prop_fdre_C_Q)         0.456     3.394 f  design_1_i/rst_ps7_0_100M/U0/ACTIVE_LOW_PR_OUT_DFF[0].FDRE_PER_N/Q
                         net (fo=67, routed)          7.992    11.386    design_1_i/Conv2D_HW_0/inst/gmem0_m_axi_U/bus_write/wreq_throttle/req_fifo/U_fifo_srl/ap_rst_n
    SLICE_X7Y38          LUT1 (Prop_lut1_I0_O)        0.152    11.538 r  design_1_i/Conv2D_HW_0/inst/gmem0_m_axi_U/bus_write/wreq_throttle/req_fifo/U_fifo_srl/state[0]_i_1__5/O
                         net (fo=2312, routed)        6.006    17.544    design_1_i/Conv2D_HW_0/inst/gmem0_m_axi_U/bus_write/SR[0]
    SLICE_X54Y36         FDRE                                         r  design_1_i/Conv2D_HW_0/inst/gmem0_m_axi_U/bus_write/could_multi_bursts.awaddr_buf_reg[21]/R
  -------------------------------------------------------------------    -------------------

                         (clock clk_fpga_0 rise edge)
                                                     20.000    20.000 r  
    PS7_X0Y0             PS7                          0.000    20.000 r  design_1_i/processing_system7_0/inst/PS7_i/FCLKCLK[0]
                         net (fo=1, routed)           1.088    21.088    design_1_i/processing_system7_0/inst/FCLK_CLK_unbuffered[0]
    BUFGCTRL_X0Y16       BUFG (Prop_bufg_I_O)         0.091    21.179 r  design_1_i/processing_system7_0/inst/buffer_fclk_clk_0.FCLK_CLK_0_BUFG/O
                         net (fo=8415, routed)        1.548    22.727    design_1_i/Conv2D_HW_0/inst/gmem0_m_axi_U/bus_write/ap_clk
    SLICE_X54Y36         FDRE                                         r  design_1_i/Conv2D_HW_0/inst/gmem0_m_axi_U/bus_write/could_multi_bursts.awaddr_buf_reg[21]/C
                         clock pessimism              0.115    22.842    
                         clock uncertainty           -0.302    22.540    
    SLICE_X54Y36         FDRE (Setup_fdre_C_R)       -0.726    21.814    design_1_i/Conv2D_HW_0/inst/gmem0_m_axi_U/bus_write/could_multi_bursts.awaddr_buf_reg[21]
  -------------------------------------------------------------------
                         required time                         21.814    
                         arrival time                         -17.544    
  -------------------------------------------------------------------
                         slack                                  4.270    





Min Delay Paths
--------------------------------------------------------------------------------------
Slack (MET) :             0.021ns  (arrival time - required time)
  Source:                 design_1_i/Conv2D_HW_0/inst/gmem0_m_axi_U/bus_write/wreq_throttle/rs_req/data_p2_reg[4]/C
                            (rising edge-triggered cell FDRE clocked by clk_fpga_0  {rise@0.000ns fall@10.000ns period=20.000ns})
  Destination:            design_1_i/Conv2D_HW_0/inst/gmem0_m_axi_U/bus_write/wreq_throttle/rs_req/data_p1_reg[4]/D
                            (rising edge-triggered cell FDRE clocked by clk_fpga_0  {rise@0.000ns fall@10.000ns period=20.000ns})
  Path Group:             clk_fpga_0
  Path Type:              Hold (Min at Fast Process Corner)
  Requirement:            0.000ns  (clk_fpga_0 rise@0.000ns - clk_fpga_0 rise@0.000ns)
  Data Path Delay:        0.375ns  (logic 0.227ns (60.515%)  route 0.148ns (39.485%))
  Logic Levels:           1  (LUT4=1)
  Clock Path Skew:        0.262ns (DCD - SCD - CPR)
    Destination Clock Delay (DCD):    1.187ns
    Source Clock Delay      (SCD):    0.895ns
    Clock Pessimism Removal (CPR):    0.030ns

    Location             Delay type                Incr(ns)  Path(ns)    Netlist Resource(s)
  -------------------------------------------------------------------    -------------------
                         (clock clk_fpga_0 rise edge)
                                                      0.000     0.000 r  
    PS7_X0Y0             PS7                          0.000     0.000 r  design_1_i/processing_system7_0/inst/PS7_i/FCLKCLK[0]
                         net (fo=1, routed)           0.310     0.310    design_1_i/processing_system7_0/inst/FCLK_CLK_unbuffered[0]
    BUFGCTRL_X0Y16       BUFG (Prop_bufg_I_O)         0.026     0.336 r  design_1_i/processing_system7_0/inst/buffer_fclk_clk_0.FCLK_CLK_0_BUFG/O
                         net (fo=8415, routed)        0.559     0.895    design_1_i/Conv2D_HW_0/inst/gmem0_m_axi_U/bus_write/wreq_throttle/rs_req/ap_clk
    SLICE_X51Y49         FDRE                                         r  design_1_i/Conv2D_HW_0/inst/gmem0_m_axi_U/bus_write/wreq_throttle/rs_req/data_p2_reg[4]/C
  -------------------------------------------------------------------    -------------------
    SLICE_X51Y49         FDRE (Prop_fdre_C_Q)         0.128     1.023 r  design_1_i/Conv2D_HW_0/inst/gmem0_m_axi_U/bus_write/wreq_throttle/rs_req/data_p2_reg[4]/Q
                         net (fo=1, routed)           0.148     1.171    design_1_i/Conv2D_HW_0/inst/gmem0_m_axi_U/bus_write/wreq_throttle/rs_req/data_p2_reg_n_0_[4]
    SLICE_X51Y50         LUT4 (Prop_lut4_I0_O)        0.099     1.270 r  design_1_i/Conv2D_HW_0/inst/gmem0_m_axi_U/bus_write/wreq_throttle/rs_req/data_p1[4]_i_1__0/O
                         net (fo=1, routed)           0.000     1.270    design_1_i/Conv2D_HW_0/inst/gmem0_m_axi_U/bus_write/wreq_throttle/rs_req/data_p1[4]_i_1__0_n_0
    SLICE_X51Y50         FDRE                                         r  design_1_i/Conv2D_HW_0/inst/gmem0_m_axi_U/bus_write/wreq_throttle/rs_req/data_p1_reg[4]/D
  -------------------------------------------------------------------    -------------------

                         (clock clk_fpga_0 rise edge)
                                                      0.000     0.000 r  
    PS7_X0Y0             PS7                          0.000     0.000 r  design_1_i/processing_system7_0/inst/PS7_i/FCLKCLK[0]
                         net (fo=1, routed)           0.337     0.337    design_1_i/processing_system7_0/inst/FCLK_CLK_unbuffered[0]
    BUFGCTRL_X0Y16       BUFG (Prop_bufg_I_O)         0.029     0.366 r  design_1_i/processing_system7_0/inst/buffer_fclk_clk_0.FCLK_CLK_0_BUFG/O
                         net (fo=8415, routed)        0.821     1.187    design_1_i/Conv2D_HW_0/inst/gmem0_m_axi_U/bus_write/wreq_throttle/rs_req/ap_clk
    SLICE_X51Y50         FDRE                                         r  design_1_i/Conv2D_HW_0/inst/gmem0_m_axi_U/bus_write/wreq_throttle/rs_req/data_p1_reg[4]/C
                         clock pessimism             -0.030     1.157    
    SLICE_X51Y50         FDRE (Hold_fdre_C_D)         0.092     1.249    design_1_i/Conv2D_HW_0/inst/gmem0_m_axi_U/bus_write/wreq_throttle/rs_req/data_p1_reg[4]
  -------------------------------------------------------------------
                         required time                         -1.249    
                         arrival time                           1.270    
  -------------------------------------------------------------------
                         slack                                  0.021    

Slack (MET) :             0.031ns  (arrival time - required time)
  Source:                 design_1_i/axi_interconnect_0/s00_couplers/auto_us/inst/gen_upsizer.gen_full_upsizer.axi_upsizer_inst/si_register_slice_inst/aw.aw_pipe/m_payload_i_reg[3]/C
                            (rising edge-triggered cell FDRE clocked by clk_fpga_0  {rise@0.000ns fall@10.000ns period=20.000ns})
  Destination:            design_1_i/axi_interconnect_0/xbar/inst/gen_samd.crossbar_samd/addr_arbiter_aw/gen_arbiter.m_mesg_i_reg[4]/D
                            (rising edge-triggered cell FDRE clocked by clk_fpga_0  {rise@0.000ns fall@10.000ns period=20.000ns})
  Path Group:             clk_fpga_0
  Path Type:              Hold (Min at Fast Process Corner)
  Requirement:            0.000ns  (clk_fpga_0 rise@0.000ns - clk_fpga_0 rise@0.000ns)
  Data Path Delay:        0.364ns  (logic 0.164ns (45.106%)  route 0.200ns (54.894%))
  Logic Levels:           0  
  Clock Path Skew:        0.266ns (DCD - SCD - CPR)
    Destination Clock Delay (DCD):    1.190ns
    Source Clock Delay      (SCD):    0.889ns
    Clock Pessimism Removal (CPR):    0.035ns

    Location             Delay type                Incr(ns)  Path(ns)    Netlist Resource(s)
  -------------------------------------------------------------------    -------------------
                         (clock clk_fpga_0 rise edge)
                                                      0.000     0.000 r  
    PS7_X0Y0             PS7                          0.000     0.000 r  design_1_i/processing_system7_0/inst/PS7_i/FCLKCLK[0]
                         net (fo=1, routed)           0.310     0.310    design_1_i/processing_system7_0/inst/FCLK_CLK_unbuffered[0]
    BUFGCTRL_X0Y16       BUFG (Prop_bufg_I_O)         0.026     0.336 r  design_1_i/processing_system7_0/inst/buffer_fclk_clk_0.FCLK_CLK_0_BUFG/O
                         net (fo=8415, routed)        0.553     0.889    design_1_i/axi_interconnect_0/s00_couplers/auto_us/inst/gen_upsizer.gen_full_upsizer.axi_upsizer_inst/si_register_slice_inst/aw.aw_pipe/s_ready_i_reg_0
    SLICE_X50Y50         FDRE                                         r  design_1_i/axi_interconnect_0/s00_couplers/auto_us/inst/gen_upsizer.gen_full_upsizer.axi_upsizer_inst/si_register_slice_inst/aw.aw_pipe/m_payload_i_reg[3]/C
  -------------------------------------------------------------------    -------------------
    SLICE_X50Y50         FDRE (Prop_fdre_C_Q)         0.164     1.053 r  design_1_i/axi_interconnect_0/s00_couplers/auto_us/inst/gen_upsizer.gen_full_upsizer.axi_upsizer_inst/si_register_slice_inst/aw.aw_pipe/m_payload_i_reg[3]/Q
                         net (fo=1, routed)           0.200     1.252    design_1_i/axi_interconnect_0/xbar/inst/gen_samd.crossbar_samd/addr_arbiter_aw/gen_arbiter.m_mesg_i_reg[94]_1[3]
    SLICE_X47Y53         FDRE                                         r  design_1_i/axi_interconnect_0/xbar/inst/gen_samd.crossbar_samd/addr_arbiter_aw/gen_arbiter.m_mesg_i_reg[4]/D
  -------------------------------------------------------------------    -------------------

                         (clock clk_fpga_0 rise edge)
                                                      0.000     0.000 r  
    PS7_X0Y0             PS7                          0.000     0.000 r  design_1_i/processing_system7_0/inst/PS7_i/FCLKCLK[0]
                         net (fo=1, routed)           0.337     0.337    design_1_i/processing_system7_0/inst/FCLK_CLK_unbuffered[0]
    BUFGCTRL_X0Y16       BUFG (Prop_bufg_I_O)         0.029     0.366 r  design_1_i/processing_system7_0/inst/buffer_fclk_clk_0.FCLK_CLK_0_BUFG/O
                         net (fo=8415, routed)        0.824     1.190    design_1_i/axi_interconnect_0/xbar/inst/gen_samd.crossbar_samd/addr_arbiter_aw/aclk
    SLICE_X47Y53         FDRE                                         r  design_1_i/axi_interconnect_0/xbar/inst/gen_samd.crossbar_samd/addr_arbiter_aw/gen_arbiter.m_mesg_i_reg[4]/C
                         clock pessimism             -0.035     1.155    
    SLICE_X47Y53         FDRE (Hold_fdre_C_D)         0.066     1.221    design_1_i/axi_interconnect_0/xbar/inst/gen_samd.crossbar_samd/addr_arbiter_aw/gen_arbiter.m_mesg_i_reg[4]
  -------------------------------------------------------------------
                         required time                         -1.221    
                         arrival time                           1.252    
  -------------------------------------------------------------------
                         slack                                  0.031    

Slack (MET) :             0.032ns  (arrival time - required time)
  Source:                 design_1_i/Conv2D_HW_0/inst/gmem0_m_axi_U/bus_write/start_addr_reg[60]/C
                            (rising edge-triggered cell FDRE clocked by clk_fpga_0  {rise@0.000ns fall@10.000ns period=20.000ns})
  Destination:            design_1_i/Conv2D_HW_0/inst/gmem0_m_axi_U/bus_write/sect_addr_buf_reg[60]/D
                            (rising edge-triggered cell FDRE clocked by clk_fpga_0  {rise@0.000ns fall@10.000ns period=20.000ns})
  Path Group:             clk_fpga_0
  Path Type:              Hold (Min at Fast Process Corner)
  Requirement:            0.000ns  (clk_fpga_0 rise@0.000ns - clk_fpga_0 rise@0.000ns)
  Data Path Delay:        0.385ns  (logic 0.186ns (48.343%)  route 0.199ns (51.657%))
  Logic Levels:           1  (LUT3=1)
  Clock Path Skew:        0.260ns (DCD - SCD - CPR)
    Destination Clock Delay (DCD):    1.190ns
    Source Clock Delay      (SCD):    0.895ns
    Clock Pessimism Removal (CPR):    0.035ns

    Location             Delay type                Incr(ns)  Path(ns)    Netlist Resource(s)
  -------------------------------------------------------------------    -------------------
                         (clock clk_fpga_0 rise edge)
                                                      0.000     0.000 r  
    PS7_X0Y0             PS7                          0.000     0.000 r  design_1_i/processing_system7_0/inst/PS7_i/FCLKCLK[0]
                         net (fo=1, routed)           0.310     0.310    design_1_i/processing_system7_0/inst/FCLK_CLK_unbuffered[0]
    BUFGCTRL_X0Y16       BUFG (Prop_bufg_I_O)         0.026     0.336 r  design_1_i/processing_system7_0/inst/buffer_fclk_clk_0.FCLK_CLK_0_BUFG/O
                         net (fo=8415, routed)        0.559     0.895    design_1_i/Conv2D_HW_0/inst/gmem0_m_axi_U/bus_write/ap_clk
    SLICE_X49Y39         FDRE                                         r  design_1_i/Conv2D_HW_0/inst/gmem0_m_axi_U/bus_write/start_addr_reg[60]/C
  -------------------------------------------------------------------    -------------------
    SLICE_X49Y39         FDRE (Prop_fdre_C_Q)         0.141     1.036 r  design_1_i/Conv2D_HW_0/inst/gmem0_m_axi_U/bus_write/start_addr_reg[60]/Q
                         net (fo=2, routed)           0.199     1.234    design_1_i/Conv2D_HW_0/inst/gmem0_m_axi_U/bus_write/p_0_in_1[48]
    SLICE_X53Y40         LUT3 (Prop_lut3_I0_O)        0.045     1.279 r  design_1_i/Conv2D_HW_0/inst/gmem0_m_axi_U/bus_write/sect_addr_buf[60]_i_1/O
                         net (fo=1, routed)           0.000     1.279    design_1_i/Conv2D_HW_0/inst/gmem0_m_axi_U/bus_write/sect_addr[60]
    SLICE_X53Y40         FDRE                                         r  design_1_i/Conv2D_HW_0/inst/gmem0_m_axi_U/bus_write/sect_addr_buf_reg[60]/D
  -------------------------------------------------------------------    -------------------

                         (clock clk_fpga_0 rise edge)
                                                      0.000     0.000 r  
    PS7_X0Y0             PS7                          0.000     0.000 r  design_1_i/processing_system7_0/inst/PS7_i/FCLKCLK[0]
                         net (fo=1, routed)           0.337     0.337    design_1_i/processing_system7_0/inst/FCLK_CLK_unbuffered[0]
    BUFGCTRL_X0Y16       BUFG (Prop_bufg_I_O)         0.029     0.366 r  design_1_i/processing_system7_0/inst/buffer_fclk_clk_0.FCLK_CLK_0_BUFG/O
                         net (fo=8415, routed)        0.824     1.190    design_1_i/Conv2D_HW_0/inst/gmem0_m_axi_U/bus_write/ap_clk
    SLICE_X53Y40         FDRE                                         r  design_1_i/Conv2D_HW_0/inst/gmem0_m_axi_U/bus_write/sect_addr_buf_reg[60]/C
                         clock pessimism             -0.035     1.155    
    SLICE_X53Y40         FDRE (Hold_fdre_C_D)         0.092     1.247    design_1_i/Conv2D_HW_0/inst/gmem0_m_axi_U/bus_write/sect_addr_buf_reg[60]
  -------------------------------------------------------------------
                         required time                         -1.247    
                         arrival time                           1.279    
  -------------------------------------------------------------------
                         slack                                  0.032    

Slack (MET) :             0.033ns  (arrival time - required time)
  Source:                 design_1_i/Conv2D_HW_0/inst/empty_45_reg_668_reg[9]__0/C
                            (rising edge-triggered cell FDRE clocked by clk_fpga_0  {rise@0.000ns fall@10.000ns period=20.000ns})
  Destination:            design_1_i/Conv2D_HW_0/inst/grp_Conv2D_HW_Pipeline_loop_load_coef_x_fu_280/zext_ln42_cast_reg_739_reg[9]/D
                            (rising edge-triggered cell FDRE clocked by clk_fpga_0  {rise@0.000ns fall@10.000ns period=20.000ns})
  Path Group:             clk_fpga_0
  Path Type:              Hold (Min at Fast Process Corner)
  Requirement:            0.000ns  (clk_fpga_0 rise@0.000ns - clk_fpga_0 rise@0.000ns)
  Data Path Delay:        0.370ns  (logic 0.164ns (44.377%)  route 0.206ns (55.623%))
  Logic Levels:           0  
  Clock Path Skew:        0.264ns (DCD - SCD - CPR)
    Destination Clock Delay (DCD):    1.188ns
    Source Clock Delay      (SCD):    0.889ns
    Clock Pessimism Removal (CPR):    0.035ns

    Location             Delay type                Incr(ns)  Path(ns)    Netlist Resource(s)
  -------------------------------------------------------------------    -------------------
                         (clock clk_fpga_0 rise edge)
                                                      0.000     0.000 r  
    PS7_X0Y0             PS7                          0.000     0.000 r  design_1_i/processing_system7_0/inst/PS7_i/FCLKCLK[0]
                         net (fo=1, routed)           0.310     0.310    design_1_i/processing_system7_0/inst/FCLK_CLK_unbuffered[0]
    BUFGCTRL_X0Y16       BUFG (Prop_bufg_I_O)         0.026     0.336 r  design_1_i/processing_system7_0/inst/buffer_fclk_clk_0.FCLK_CLK_0_BUFG/O
                         net (fo=8415, routed)        0.553     0.889    design_1_i/Conv2D_HW_0/inst/ap_clk
    SLICE_X50Y16         FDRE                                         r  design_1_i/Conv2D_HW_0/inst/empty_45_reg_668_reg[9]__0/C
  -------------------------------------------------------------------    -------------------
    SLICE_X50Y16         FDRE (Prop_fdre_C_Q)         0.164     1.053 r  design_1_i/Conv2D_HW_0/inst/empty_45_reg_668_reg[9]__0/Q
                         net (fo=1, routed)           0.206     1.258    design_1_i/Conv2D_HW_0/inst/grp_Conv2D_HW_Pipeline_loop_load_coef_x_fu_280/zext_ln42[9]
    SLICE_X44Y16         FDRE                                         r  design_1_i/Conv2D_HW_0/inst/grp_Conv2D_HW_Pipeline_loop_load_coef_x_fu_280/zext_ln42_cast_reg_739_reg[9]/D
  -------------------------------------------------------------------    -------------------

                         (clock clk_fpga_0 rise edge)
                                                      0.000     0.000 r  
    PS7_X0Y0             PS7                          0.000     0.000 r  design_1_i/processing_system7_0/inst/PS7_i/FCLKCLK[0]
                         net (fo=1, routed)           0.337     0.337    design_1_i/processing_system7_0/inst/FCLK_CLK_unbuffered[0]
    BUFGCTRL_X0Y16       BUFG (Prop_bufg_I_O)         0.029     0.366 r  design_1_i/processing_system7_0/inst/buffer_fclk_clk_0.FCLK_CLK_0_BUFG/O
                         net (fo=8415, routed)        0.822     1.188    design_1_i/Conv2D_HW_0/inst/grp_Conv2D_HW_Pipeline_loop_load_coef_x_fu_280/ap_clk
    SLICE_X44Y16         FDRE                                         r  design_1_i/Conv2D_HW_0/inst/grp_Conv2D_HW_Pipeline_loop_load_coef_x_fu_280/zext_ln42_cast_reg_739_reg[9]/C
                         clock pessimism             -0.035     1.153    
    SLICE_X44Y16         FDRE (Hold_fdre_C_D)         0.072     1.225    design_1_i/Conv2D_HW_0/inst/grp_Conv2D_HW_Pipeline_loop_load_coef_x_fu_280/zext_ln42_cast_reg_739_reg[9]
  -------------------------------------------------------------------
                         required time                         -1.225    
                         arrival time                           1.258    
  -------------------------------------------------------------------
                         slack                                  0.033    

Slack (MET) :             0.034ns  (arrival time - required time)
  Source:                 design_1_i/Conv2D_HW_0/inst/gmem0_m_axi_U/bus_write/wreq_throttle/rs_req/data_p1_reg[27]/C
                            (rising edge-triggered cell FDRE clocked by clk_fpga_0  {rise@0.000ns fall@10.000ns period=20.000ns})
  Destination:            design_1_i/axi_interconnect_0/s00_couplers/auto_us/inst/gen_upsizer.gen_full_upsizer.axi_upsizer_inst/si_register_slice_inst/aw.aw_pipe/m_payload_i_reg[27]/D
                            (rising edge-triggered cell FDRE clocked by clk_fpga_0  {rise@0.000ns fall@10.000ns period=20.000ns})
  Path Group:             clk_fpga_0
  Path Type:              Hold (Min at Fast Process Corner)
  Requirement:            0.000ns  (clk_fpga_0 rise@0.000ns - clk_fpga_0 rise@0.000ns)
  Data Path Delay:        0.366ns  (logic 0.141ns (38.490%)  route 0.225ns (61.510%))
  Logic Levels:           0  
  Clock Path Skew:        0.266ns (DCD - SCD - CPR)
    Destination Clock Delay (DCD):    1.189ns
    Source Clock Delay      (SCD):    0.888ns
    Clock Pessimism Removal (CPR):    0.035ns

    Location             Delay type                Incr(ns)  Path(ns)    Netlist Resource(s)
  -------------------------------------------------------------------    -------------------
                         (clock clk_fpga_0 rise edge)
                                                      0.000     0.000 r  
    PS7_X0Y0             PS7                          0.000     0.000 r  design_1_i/processing_system7_0/inst/PS7_i/FCLKCLK[0]
                         net (fo=1, routed)           0.310     0.310    design_1_i/processing_system7_0/inst/FCLK_CLK_unbuffered[0]
    BUFGCTRL_X0Y16       BUFG (Prop_bufg_I_O)         0.026     0.336 r  design_1_i/processing_system7_0/inst/buffer_fclk_clk_0.FCLK_CLK_0_BUFG/O
                         net (fo=8415, routed)        0.552     0.888    design_1_i/Conv2D_HW_0/inst/gmem0_m_axi_U/bus_write/wreq_throttle/rs_req/ap_clk
    SLICE_X52Y55         FDRE                                         r  design_1_i/Conv2D_HW_0/inst/gmem0_m_axi_U/bus_write/wreq_throttle/rs_req/data_p1_reg[27]/C
  -------------------------------------------------------------------    -------------------
    SLICE_X52Y55         FDRE (Prop_fdre_C_Q)         0.141     1.029 r  design_1_i/Conv2D_HW_0/inst/gmem0_m_axi_U/bus_write/wreq_throttle/rs_req/data_p1_reg[27]/Q
                         net (fo=1, routed)           0.225     1.254    design_1_i/axi_interconnect_0/s00_couplers/auto_us/inst/gen_upsizer.gen_full_upsizer.axi_upsizer_inst/si_register_slice_inst/aw.aw_pipe/D[27]
    SLICE_X48Y58         FDRE                                         r  design_1_i/axi_interconnect_0/s00_couplers/auto_us/inst/gen_upsizer.gen_full_upsizer.axi_upsizer_inst/si_register_slice_inst/aw.aw_pipe/m_payload_i_reg[27]/D
  -------------------------------------------------------------------    -------------------

                         (clock clk_fpga_0 rise edge)
                                                      0.000     0.000 r  
    PS7_X0Y0             PS7                          0.000     0.000 r  design_1_i/processing_system7_0/inst/PS7_i/FCLKCLK[0]
                         net (fo=1, routed)           0.337     0.337    design_1_i/processing_system7_0/inst/FCLK_CLK_unbuffered[0]
    BUFGCTRL_X0Y16       BUFG (Prop_bufg_I_O)         0.029     0.366 r  design_1_i/processing_system7_0/inst/buffer_fclk_clk_0.FCLK_CLK_0_BUFG/O
                         net (fo=8415, routed)        0.823     1.189    design_1_i/axi_interconnect_0/s00_couplers/auto_us/inst/gen_upsizer.gen_full_upsizer.axi_upsizer_inst/si_register_slice_inst/aw.aw_pipe/s_ready_i_reg_0
    SLICE_X48Y58         FDRE                                         r  design_1_i/axi_interconnect_0/s00_couplers/auto_us/inst/gen_upsizer.gen_full_upsizer.axi_upsizer_inst/si_register_slice_inst/aw.aw_pipe/m_payload_i_reg[27]/C
                         clock pessimism             -0.035     1.154    
    SLICE_X48Y58         FDRE (Hold_fdre_C_D)         0.066     1.220    design_1_i/axi_interconnect_0/s00_couplers/auto_us/inst/gen_upsizer.gen_full_upsizer.axi_upsizer_inst/si_register_slice_inst/aw.aw_pipe/m_payload_i_reg[27]
  -------------------------------------------------------------------
                         required time                         -1.220    
                         arrival time                           1.254    
  -------------------------------------------------------------------
                         slack                                  0.034    

Slack (MET) :             0.036ns  (arrival time - required time)
  Source:                 design_1_i/axi_interconnect_0/m01_couplers/auto_pc/inst/gen_axi4_axi3.axi3_conv_inst/USE_WRITE.write_addr_inst/USE_BURSTS.cmd_queue/inst/fifo_gen_inst/inst_fifo_gen/gconvfifo.rf/grf.rf/gntv_or_sync_fifo.gl0.wr/wpntr/gcc0.gc0.count_d1_reg[0]/C
                            (rising edge-triggered cell FDCE clocked by clk_fpga_0  {rise@0.000ns fall@10.000ns period=20.000ns})
  Destination:            design_1_i/axi_interconnect_0/m01_couplers/auto_pc/inst/gen_axi4_axi3.axi3_conv_inst/USE_WRITE.write_addr_inst/USE_BURSTS.cmd_queue/inst/fifo_gen_inst/inst_fifo_gen/gconvfifo.rf/grf.rf/gntv_or_sync_fifo.mem/gdm.dm_gen.dm/RAM_reg_0_31_0_4/RAMA/WADR0
                            (rising edge-triggered cell RAMD32 clocked by clk_fpga_0  {rise@0.000ns fall@10.000ns period=20.000ns})
  Path Group:             clk_fpga_0
  Path Type:              Hold (Min at Fast Process Corner)
  Requirement:            0.000ns  (clk_fpga_0 rise@0.000ns - clk_fpga_0 rise@0.000ns)
  Data Path Delay:        0.359ns  (logic 0.141ns (39.235%)  route 0.218ns (60.765%))
  Logic Levels:           0  
  Clock Path Skew:        0.013ns (DCD - SCD - CPR)
    Destination Clock Delay (DCD):    1.177ns
    Source Clock Delay      (SCD):    0.882ns
    Clock Pessimism Removal (CPR):    0.282ns

    Location             Delay type                Incr(ns)  Path(ns)    Netlist Resource(s)
  -------------------------------------------------------------------    -------------------
                         (clock clk_fpga_0 rise edge)
                                                      0.000     0.000 r  
    PS7_X0Y0             PS7                          0.000     0.000 r  design_1_i/processing_system7_0/inst/PS7_i/FCLKCLK[0]
                         net (fo=1, routed)           0.310     0.310    design_1_i/processing_system7_0/inst/FCLK_CLK_unbuffered[0]
    BUFGCTRL_X0Y16       BUFG (Prop_bufg_I_O)         0.026     0.336 r  design_1_i/processing_system7_0/inst/buffer_fclk_clk_0.FCLK_CLK_0_BUFG/O
                         net (fo=8415, routed)        0.546     0.882    design_1_i/axi_interconnect_0/m01_couplers/auto_pc/inst/gen_axi4_axi3.axi3_conv_inst/USE_WRITE.write_addr_inst/USE_BURSTS.cmd_queue/inst/fifo_gen_inst/inst_fifo_gen/gconvfifo.rf/grf.rf/gntv_or_sync_fifo.gl0.wr/wpntr/clk
    SLICE_X37Y72         FDCE                                         r  design_1_i/axi_interconnect_0/m01_couplers/auto_pc/inst/gen_axi4_axi3.axi3_conv_inst/USE_WRITE.write_addr_inst/USE_BURSTS.cmd_queue/inst/fifo_gen_inst/inst_fifo_gen/gconvfifo.rf/grf.rf/gntv_or_sync_fifo.gl0.wr/wpntr/gcc0.gc0.count_d1_reg[0]/C
  -------------------------------------------------------------------    -------------------
    SLICE_X37Y72         FDCE (Prop_fdce_C_Q)         0.141     1.023 r  design_1_i/axi_interconnect_0/m01_couplers/auto_pc/inst/gen_axi4_axi3.axi3_conv_inst/USE_WRITE.write_addr_inst/USE_BURSTS.cmd_queue/inst/fifo_gen_inst/inst_fifo_gen/gconvfifo.rf/grf.rf/gntv_or_sync_fifo.gl0.wr/wpntr/gcc0.gc0.count_d1_reg[0]/Q
                         net (fo=10, routed)          0.218     1.241    design_1_i/axi_interconnect_0/m01_couplers/auto_pc/inst/gen_axi4_axi3.axi3_conv_inst/USE_WRITE.write_addr_inst/USE_BURSTS.cmd_queue/inst/fifo_gen_inst/inst_fifo_gen/gconvfifo.rf/grf.rf/gntv_or_sync_fifo.mem/gdm.dm_gen.dm/RAM_reg_0_31_0_4/ADDRD0
    SLICE_X36Y72         RAMD32                                       r  design_1_i/axi_interconnect_0/m01_couplers/auto_pc/inst/gen_axi4_axi3.axi3_conv_inst/USE_WRITE.write_addr_inst/USE_BURSTS.cmd_queue/inst/fifo_gen_inst/inst_fifo_gen/gconvfifo.rf/grf.rf/gntv_or_sync_fifo.mem/gdm.dm_gen.dm/RAM_reg_0_31_0_4/RAMA/WADR0
  -------------------------------------------------------------------    -------------------

                         (clock clk_fpga_0 rise edge)
                                                      0.000     0.000 r  
    PS7_X0Y0             PS7                          0.000     0.000 r  design_1_i/processing_system7_0/inst/PS7_i/FCLKCLK[0]
                         net (fo=1, routed)           0.337     0.337    design_1_i/processing_system7_0/inst/FCLK_CLK_unbuffered[0]
    BUFGCTRL_X0Y16       BUFG (Prop_bufg_I_O)         0.029     0.366 r  design_1_i/processing_system7_0/inst/buffer_fclk_clk_0.FCLK_CLK_0_BUFG/O
                         net (fo=8415, routed)        0.811     1.177    design_1_i/axi_interconnect_0/m01_couplers/auto_pc/inst/gen_axi4_axi3.axi3_conv_inst/USE_WRITE.write_addr_inst/USE_BURSTS.cmd_queue/inst/fifo_gen_inst/inst_fifo_gen/gconvfifo.rf/grf.rf/gntv_or_sync_fifo.mem/gdm.dm_gen.dm/RAM_reg_0_31_0_4/WCLK
    SLICE_X36Y72         RAMD32                                       r  design_1_i/axi_interconnect_0/m01_couplers/auto_pc/inst/gen_axi4_axi3.axi3_conv_inst/USE_WRITE.write_addr_inst/USE_BURSTS.cmd_queue/inst/fifo_gen_inst/inst_fifo_gen/gconvfifo.rf/grf.rf/gntv_or_sync_fifo.mem/gdm.dm_gen.dm/RAM_reg_0_31_0_4/RAMA/CLK
                         clock pessimism             -0.282     0.895    
    SLICE_X36Y72         RAMD32 (Hold_ramd32_CLK_WADR0)
                                                      0.310     1.205    design_1_i/axi_interconnect_0/m01_couplers/auto_pc/inst/gen_axi4_axi3.axi3_conv_inst/USE_WRITE.write_addr_inst/USE_BURSTS.cmd_queue/inst/fifo_gen_inst/inst_fifo_gen/gconvfifo.rf/grf.rf/gntv_or_sync_fifo.mem/gdm.dm_gen.dm/RAM_reg_0_31_0_4/RAMA
  -------------------------------------------------------------------
                         required time                         -1.205    
                         arrival time                           1.241    
  -------------------------------------------------------------------
                         slack                                  0.036    

Slack (MET) :             0.036ns  (arrival time - required time)
  Source:                 design_1_i/axi_interconnect_0/m01_couplers/auto_pc/inst/gen_axi4_axi3.axi3_conv_inst/USE_WRITE.write_addr_inst/USE_BURSTS.cmd_queue/inst/fifo_gen_inst/inst_fifo_gen/gconvfifo.rf/grf.rf/gntv_or_sync_fifo.gl0.wr/wpntr/gcc0.gc0.count_d1_reg[0]/C
                            (rising edge-triggered cell FDCE clocked by clk_fpga_0  {rise@0.000ns fall@10.000ns period=20.000ns})
  Destination:            design_1_i/axi_interconnect_0/m01_couplers/auto_pc/inst/gen_axi4_axi3.axi3_conv_inst/USE_WRITE.write_addr_inst/USE_BURSTS.cmd_queue/inst/fifo_gen_inst/inst_fifo_gen/gconvfifo.rf/grf.rf/gntv_or_sync_fifo.mem/gdm.dm_gen.dm/RAM_reg_0_31_0_4/RAMA_D1/WADR0
                            (rising edge-triggered cell RAMD32 clocked by clk_fpga_0  {rise@0.000ns fall@10.000ns period=20.000ns})
  Path Group:             clk_fpga_0
  Path Type:              Hold (Min at Fast Process Corner)
  Requirement:            0.000ns  (clk_fpga_0 rise@0.000ns - clk_fpga_0 rise@0.000ns)
  Data Path Delay:        0.359ns  (logic 0.141ns (39.235%)  route 0.218ns (60.765%))
  Logic Levels:           0  
  Clock Path Skew:        0.013ns (DCD - SCD - CPR)
    Destination Clock Delay (DCD):    1.177ns
    Source Clock Delay      (SCD):    0.882ns
    Clock Pessimism Removal (CPR):    0.282ns

    Location             Delay type                Incr(ns)  Path(ns)    Netlist Resource(s)
  -------------------------------------------------------------------    -------------------
                         (clock clk_fpga_0 rise edge)
                                                      0.000     0.000 r  
    PS7_X0Y0             PS7                          0.000     0.000 r  design_1_i/processing_system7_0/inst/PS7_i/FCLKCLK[0]
                         net (fo=1, routed)           0.310     0.310    design_1_i/processing_system7_0/inst/FCLK_CLK_unbuffered[0]
    BUFGCTRL_X0Y16       BUFG (Prop_bufg_I_O)         0.026     0.336 r  design_1_i/processing_system7_0/inst/buffer_fclk_clk_0.FCLK_CLK_0_BUFG/O
                         net (fo=8415, routed)        0.546     0.882    design_1_i/axi_interconnect_0/m01_couplers/auto_pc/inst/gen_axi4_axi3.axi3_conv_inst/USE_WRITE.write_addr_inst/USE_BURSTS.cmd_queue/inst/fifo_gen_inst/inst_fifo_gen/gconvfifo.rf/grf.rf/gntv_or_sync_fifo.gl0.wr/wpntr/clk
    SLICE_X37Y72         FDCE                                         r  design_1_i/axi_interconnect_0/m01_couplers/auto_pc/inst/gen_axi4_axi3.axi3_conv_inst/USE_WRITE.write_addr_inst/USE_BURSTS.cmd_queue/inst/fifo_gen_inst/inst_fifo_gen/gconvfifo.rf/grf.rf/gntv_or_sync_fifo.gl0.wr/wpntr/gcc0.gc0.count_d1_reg[0]/C
  -------------------------------------------------------------------    -------------------
    SLICE_X37Y72         FDCE (Prop_fdce_C_Q)         0.141     1.023 r  design_1_i/axi_interconnect_0/m01_couplers/auto_pc/inst/gen_axi4_axi3.axi3_conv_inst/USE_WRITE.write_addr_inst/USE_BURSTS.cmd_queue/inst/fifo_gen_inst/inst_fifo_gen/gconvfifo.rf/grf.rf/gntv_or_sync_fifo.gl0.wr/wpntr/gcc0.gc0.count_d1_reg[0]/Q
                         net (fo=10, routed)          0.218     1.241    design_1_i/axi_interconnect_0/m01_couplers/auto_pc/inst/gen_axi4_axi3.axi3_conv_inst/USE_WRITE.write_addr_inst/USE_BURSTS.cmd_queue/inst/fifo_gen_inst/inst_fifo_gen/gconvfifo.rf/grf.rf/gntv_or_sync_fifo.mem/gdm.dm_gen.dm/RAM_reg_0_31_0_4/ADDRD0
    SLICE_X36Y72         RAMD32                                       r  design_1_i/axi_interconnect_0/m01_couplers/auto_pc/inst/gen_axi4_axi3.axi3_conv_inst/USE_WRITE.write_addr_inst/USE_BURSTS.cmd_queue/inst/fifo_gen_inst/inst_fifo_gen/gconvfifo.rf/grf.rf/gntv_or_sync_fifo.mem/gdm.dm_gen.dm/RAM_reg_0_31_0_4/RAMA_D1/WADR0
  -------------------------------------------------------------------    -------------------

                         (clock clk_fpga_0 rise edge)
                                                      0.000     0.000 r  
    PS7_X0Y0             PS7                          0.000     0.000 r  design_1_i/processing_system7_0/inst/PS7_i/FCLKCLK[0]
                         net (fo=1, routed)           0.337     0.337    design_1_i/processing_system7_0/inst/FCLK_CLK_unbuffered[0]
    BUFGCTRL_X0Y16       BUFG (Prop_bufg_I_O)         0.029     0.366 r  design_1_i/processing_system7_0/inst/buffer_fclk_clk_0.FCLK_CLK_0_BUFG/O
                         net (fo=8415, routed)        0.811     1.177    design_1_i/axi_interconnect_0/m01_couplers/auto_pc/inst/gen_axi4_axi3.axi3_conv_inst/USE_WRITE.write_addr_inst/USE_BURSTS.cmd_queue/inst/fifo_gen_inst/inst_fifo_gen/gconvfifo.rf/grf.rf/gntv_or_sync_fifo.mem/gdm.dm_gen.dm/RAM_reg_0_31_0_4/WCLK
    SLICE_X36Y72         RAMD32                                       r  design_1_i/axi_interconnect_0/m01_couplers/auto_pc/inst/gen_axi4_axi3.axi3_conv_inst/USE_WRITE.write_addr_inst/USE_BURSTS.cmd_queue/inst/fifo_gen_inst/inst_fifo_gen/gconvfifo.rf/grf.rf/gntv_or_sync_fifo.mem/gdm.dm_gen.dm/RAM_reg_0_31_0_4/RAMA_D1/CLK
                         clock pessimism             -0.282     0.895    
    SLICE_X36Y72         RAMD32 (Hold_ramd32_CLK_WADR0)
                                                      0.310     1.205    design_1_i/axi_interconnect_0/m01_couplers/auto_pc/inst/gen_axi4_axi3.axi3_conv_inst/USE_WRITE.write_addr_inst/USE_BURSTS.cmd_queue/inst/fifo_gen_inst/inst_fifo_gen/gconvfifo.rf/grf.rf/gntv_or_sync_fifo.mem/gdm.dm_gen.dm/RAM_reg_0_31_0_4/RAMA_D1
  -------------------------------------------------------------------
                         required time                         -1.205    
                         arrival time                           1.241    
  -------------------------------------------------------------------
                         slack                                  0.036    

Slack (MET) :             0.036ns  (arrival time - required time)
  Source:                 design_1_i/axi_interconnect_0/m01_couplers/auto_pc/inst/gen_axi4_axi3.axi3_conv_inst/USE_WRITE.write_addr_inst/USE_BURSTS.cmd_queue/inst/fifo_gen_inst/inst_fifo_gen/gconvfifo.rf/grf.rf/gntv_or_sync_fifo.gl0.wr/wpntr/gcc0.gc0.count_d1_reg[0]/C
                            (rising edge-triggered cell FDCE clocked by clk_fpga_0  {rise@0.000ns fall@10.000ns period=20.000ns})
  Destination:            design_1_i/axi_interconnect_0/m01_couplers/auto_pc/inst/gen_axi4_axi3.axi3_conv_inst/USE_WRITE.write_addr_inst/USE_BURSTS.cmd_queue/inst/fifo_gen_inst/inst_fifo_gen/gconvfifo.rf/grf.rf/gntv_or_sync_fifo.mem/gdm.dm_gen.dm/RAM_reg_0_31_0_4/RAMB/WADR0
                            (rising edge-triggered cell RAMD32 clocked by clk_fpga_0  {rise@0.000ns fall@10.000ns period=20.000ns})
  Path Group:             clk_fpga_0
  Path Type:              Hold (Min at Fast Process Corner)
  Requirement:            0.000ns  (clk_fpga_0 rise@0.000ns - clk_fpga_0 rise@0.000ns)
  Data Path Delay:        0.359ns  (logic 0.141ns (39.235%)  route 0.218ns (60.765%))
  Logic Levels:           0  
  Clock Path Skew:        0.013ns (DCD - SCD - CPR)
    Destination Clock Delay (DCD):    1.177ns
    Source Clock Delay      (SCD):    0.882ns
    Clock Pessimism Removal (CPR):    0.282ns

    Location             Delay type                Incr(ns)  Path(ns)    Netlist Resource(s)
  -------------------------------------------------------------------    -------------------
                         (clock clk_fpga_0 rise edge)
                                                      0.000     0.000 r  
    PS7_X0Y0             PS7                          0.000     0.000 r  design_1_i/processing_system7_0/inst/PS7_i/FCLKCLK[0]
                         net (fo=1, routed)           0.310     0.310    design_1_i/processing_system7_0/inst/FCLK_CLK_unbuffered[0]
    BUFGCTRL_X0Y16       BUFG (Prop_bufg_I_O)         0.026     0.336 r  design_1_i/processing_system7_0/inst/buffer_fclk_clk_0.FCLK_CLK_0_BUFG/O
                         net (fo=8415, routed)        0.546     0.882    design_1_i/axi_interconnect_0/m01_couplers/auto_pc/inst/gen_axi4_axi3.axi3_conv_inst/USE_WRITE.write_addr_inst/USE_BURSTS.cmd_queue/inst/fifo_gen_inst/inst_fifo_gen/gconvfifo.rf/grf.rf/gntv_or_sync_fifo.gl0.wr/wpntr/clk
    SLICE_X37Y72         FDCE                                         r  design_1_i/axi_interconnect_0/m01_couplers/auto_pc/inst/gen_axi4_axi3.axi3_conv_inst/USE_WRITE.write_addr_inst/USE_BURSTS.cmd_queue/inst/fifo_gen_inst/inst_fifo_gen/gconvfifo.rf/grf.rf/gntv_or_sync_fifo.gl0.wr/wpntr/gcc0.gc0.count_d1_reg[0]/C
  -------------------------------------------------------------------    -------------------
    SLICE_X37Y72         FDCE (Prop_fdce_C_Q)         0.141     1.023 r  design_1_i/axi_interconnect_0/m01_couplers/auto_pc/inst/gen_axi4_axi3.axi3_conv_inst/USE_WRITE.write_addr_inst/USE_BURSTS.cmd_queue/inst/fifo_gen_inst/inst_fifo_gen/gconvfifo.rf/grf.rf/gntv_or_sync_fifo.gl0.wr/wpntr/gcc0.gc0.count_d1_reg[0]/Q
                         net (fo=10, routed)          0.218     1.241    design_1_i/axi_interconnect_0/m01_couplers/auto_pc/inst/gen_axi4_axi3.axi3_conv_inst/USE_WRITE.write_addr_inst/USE_BURSTS.cmd_queue/inst/fifo_gen_inst/inst_fifo_gen/gconvfifo.rf/grf.rf/gntv_or_sync_fifo.mem/gdm.dm_gen.dm/RAM_reg_0_31_0_4/ADDRD0
    SLICE_X36Y72         RAMD32                                       r  design_1_i/axi_interconnect_0/m01_couplers/auto_pc/inst/gen_axi4_axi3.axi3_conv_inst/USE_WRITE.write_addr_inst/USE_BURSTS.cmd_queue/inst/fifo_gen_inst/inst_fifo_gen/gconvfifo.rf/grf.rf/gntv_or_sync_fifo.mem/gdm.dm_gen.dm/RAM_reg_0_31_0_4/RAMB/WADR0
  -------------------------------------------------------------------    -------------------

                         (clock clk_fpga_0 rise edge)
                                                      0.000     0.000 r  
    PS7_X0Y0             PS7                          0.000     0.000 r  design_1_i/processing_system7_0/inst/PS7_i/FCLKCLK[0]
                         net (fo=1, routed)           0.337     0.337    design_1_i/processing_system7_0/inst/FCLK_CLK_unbuffered[0]
    BUFGCTRL_X0Y16       BUFG (Prop_bufg_I_O)         0.029     0.366 r  design_1_i/processing_system7_0/inst/buffer_fclk_clk_0.FCLK_CLK_0_BUFG/O
                         net (fo=8415, routed)        0.811     1.177    design_1_i/axi_interconnect_0/m01_couplers/auto_pc/inst/gen_axi4_axi3.axi3_conv_inst/USE_WRITE.write_addr_inst/USE_BURSTS.cmd_queue/inst/fifo_gen_inst/inst_fifo_gen/gconvfifo.rf/grf.rf/gntv_or_sync_fifo.mem/gdm.dm_gen.dm/RAM_reg_0_31_0_4/WCLK
    SLICE_X36Y72         RAMD32                                       r  design_1_i/axi_interconnect_0/m01_couplers/auto_pc/inst/gen_axi4_axi3.axi3_conv_inst/USE_WRITE.write_addr_inst/USE_BURSTS.cmd_queue/inst/fifo_gen_inst/inst_fifo_gen/gconvfifo.rf/grf.rf/gntv_or_sync_fifo.mem/gdm.dm_gen.dm/RAM_reg_0_31_0_4/RAMB/CLK
                         clock pessimism             -0.282     0.895    
    SLICE_X36Y72         RAMD32 (Hold_ramd32_CLK_WADR0)
                                                      0.310     1.205    design_1_i/axi_interconnect_0/m01_couplers/auto_pc/inst/gen_axi4_axi3.axi3_conv_inst/USE_WRITE.write_addr_inst/USE_BURSTS.cmd_queue/inst/fifo_gen_inst/inst_fifo_gen/gconvfifo.rf/grf.rf/gntv_or_sync_fifo.mem/gdm.dm_gen.dm/RAM_reg_0_31_0_4/RAMB
  -------------------------------------------------------------------
                         required time                         -1.205    
                         arrival time                           1.241    
  -------------------------------------------------------------------
                         slack                                  0.036    

Slack (MET) :             0.036ns  (arrival time - required time)
  Source:                 design_1_i/axi_interconnect_0/m01_couplers/auto_pc/inst/gen_axi4_axi3.axi3_conv_inst/USE_WRITE.write_addr_inst/USE_BURSTS.cmd_queue/inst/fifo_gen_inst/inst_fifo_gen/gconvfifo.rf/grf.rf/gntv_or_sync_fifo.gl0.wr/wpntr/gcc0.gc0.count_d1_reg[0]/C
                            (rising edge-triggered cell FDCE clocked by clk_fpga_0  {rise@0.000ns fall@10.000ns period=20.000ns})
  Destination:            design_1_i/axi_interconnect_0/m01_couplers/auto_pc/inst/gen_axi4_axi3.axi3_conv_inst/USE_WRITE.write_addr_inst/USE_BURSTS.cmd_queue/inst/fifo_gen_inst/inst_fifo_gen/gconvfifo.rf/grf.rf/gntv_or_sync_fifo.mem/gdm.dm_gen.dm/RAM_reg_0_31_0_4/RAMB_D1/WADR0
                            (rising edge-triggered cell RAMD32 clocked by clk_fpga_0  {rise@0.000ns fall@10.000ns period=20.000ns})
  Path Group:             clk_fpga_0
  Path Type:              Hold (Min at Fast Process Corner)
  Requirement:            0.000ns  (clk_fpga_0 rise@0.000ns - clk_fpga_0 rise@0.000ns)
  Data Path Delay:        0.359ns  (logic 0.141ns (39.235%)  route 0.218ns (60.765%))
  Logic Levels:           0  
  Clock Path Skew:        0.013ns (DCD - SCD - CPR)
    Destination Clock Delay (DCD):    1.177ns
    Source Clock Delay      (SCD):    0.882ns
    Clock Pessimism Removal (CPR):    0.282ns

    Location             Delay type                Incr(ns)  Path(ns)    Netlist Resource(s)
  -------------------------------------------------------------------    -------------------
                         (clock clk_fpga_0 rise edge)
                                                      0.000     0.000 r  
    PS7_X0Y0             PS7                          0.000     0.000 r  design_1_i/processing_system7_0/inst/PS7_i/FCLKCLK[0]
                         net (fo=1, routed)           0.310     0.310    design_1_i/processing_system7_0/inst/FCLK_CLK_unbuffered[0]
    BUFGCTRL_X0Y16       BUFG (Prop_bufg_I_O)         0.026     0.336 r  design_1_i/processing_system7_0/inst/buffer_fclk_clk_0.FCLK_CLK_0_BUFG/O
                         net (fo=8415, routed)        0.546     0.882    design_1_i/axi_interconnect_0/m01_couplers/auto_pc/inst/gen_axi4_axi3.axi3_conv_inst/USE_WRITE.write_addr_inst/USE_BURSTS.cmd_queue/inst/fifo_gen_inst/inst_fifo_gen/gconvfifo.rf/grf.rf/gntv_or_sync_fifo.gl0.wr/wpntr/clk
    SLICE_X37Y72         FDCE                                         r  design_1_i/axi_interconnect_0/m01_couplers/auto_pc/inst/gen_axi4_axi3.axi3_conv_inst/USE_WRITE.write_addr_inst/USE_BURSTS.cmd_queue/inst/fifo_gen_inst/inst_fifo_gen/gconvfifo.rf/grf.rf/gntv_or_sync_fifo.gl0.wr/wpntr/gcc0.gc0.count_d1_reg[0]/C
  -------------------------------------------------------------------    -------------------
    SLICE_X37Y72         FDCE (Prop_fdce_C_Q)         0.141     1.023 r  design_1_i/axi_interconnect_0/m01_couplers/auto_pc/inst/gen_axi4_axi3.axi3_conv_inst/USE_WRITE.write_addr_inst/USE_BURSTS.cmd_queue/inst/fifo_gen_inst/inst_fifo_gen/gconvfifo.rf/grf.rf/gntv_or_sync_fifo.gl0.wr/wpntr/gcc0.gc0.count_d1_reg[0]/Q
                         net (fo=10, routed)          0.218     1.241    design_1_i/axi_interconnect_0/m01_couplers/auto_pc/inst/gen_axi4_axi3.axi3_conv_inst/USE_WRITE.write_addr_inst/USE_BURSTS.cmd_queue/inst/fifo_gen_inst/inst_fifo_gen/gconvfifo.rf/grf.rf/gntv_or_sync_fifo.mem/gdm.dm_gen.dm/RAM_reg_0_31_0_4/ADDRD0
    SLICE_X36Y72         RAMD32                                       r  design_1_i/axi_interconnect_0/m01_couplers/auto_pc/inst/gen_axi4_axi3.axi3_conv_inst/USE_WRITE.write_addr_inst/USE_BURSTS.cmd_queue/inst/fifo_gen_inst/inst_fifo_gen/gconvfifo.rf/grf.rf/gntv_or_sync_fifo.mem/gdm.dm_gen.dm/RAM_reg_0_31_0_4/RAMB_D1/WADR0
  -------------------------------------------------------------------    -------------------

                         (clock clk_fpga_0 rise edge)
                                                      0.000     0.000 r  
    PS7_X0Y0             PS7                          0.000     0.000 r  design_1_i/processing_system7_0/inst/PS7_i/FCLKCLK[0]
                         net (fo=1, routed)           0.337     0.337    design_1_i/processing_system7_0/inst/FCLK_CLK_unbuffered[0]
    BUFGCTRL_X0Y16       BUFG (Prop_bufg_I_O)         0.029     0.366 r  design_1_i/processing_system7_0/inst/buffer_fclk_clk_0.FCLK_CLK_0_BUFG/O
                         net (fo=8415, routed)        0.811     1.177    design_1_i/axi_interconnect_0/m01_couplers/auto_pc/inst/gen_axi4_axi3.axi3_conv_inst/USE_WRITE.write_addr_inst/USE_BURSTS.cmd_queue/inst/fifo_gen_inst/inst_fifo_gen/gconvfifo.rf/grf.rf/gntv_or_sync_fifo.mem/gdm.dm_gen.dm/RAM_reg_0_31_0_4/WCLK
    SLICE_X36Y72         RAMD32                                       r  design_1_i/axi_interconnect_0/m01_couplers/auto_pc/inst/gen_axi4_axi3.axi3_conv_inst/USE_WRITE.write_addr_inst/USE_BURSTS.cmd_queue/inst/fifo_gen_inst/inst_fifo_gen/gconvfifo.rf/grf.rf/gntv_or_sync_fifo.mem/gdm.dm_gen.dm/RAM_reg_0_31_0_4/RAMB_D1/CLK
                         clock pessimism             -0.282     0.895    
    SLICE_X36Y72         RAMD32 (Hold_ramd32_CLK_WADR0)
                                                      0.310     1.205    design_1_i/axi_interconnect_0/m01_couplers/auto_pc/inst/gen_axi4_axi3.axi3_conv_inst/USE_WRITE.write_addr_inst/USE_BURSTS.cmd_queue/inst/fifo_gen_inst/inst_fifo_gen/gconvfifo.rf/grf.rf/gntv_or_sync_fifo.mem/gdm.dm_gen.dm/RAM_reg_0_31_0_4/RAMB_D1
  -------------------------------------------------------------------
                         required time                         -1.205    
                         arrival time                           1.241    
  -------------------------------------------------------------------
                         slack                                  0.036    

Slack (MET) :             0.036ns  (arrival time - required time)
  Source:                 design_1_i/axi_interconnect_0/m01_couplers/auto_pc/inst/gen_axi4_axi3.axi3_conv_inst/USE_WRITE.write_addr_inst/USE_BURSTS.cmd_queue/inst/fifo_gen_inst/inst_fifo_gen/gconvfifo.rf/grf.rf/gntv_or_sync_fifo.gl0.wr/wpntr/gcc0.gc0.count_d1_reg[0]/C
                            (rising edge-triggered cell FDCE clocked by clk_fpga_0  {rise@0.000ns fall@10.000ns period=20.000ns})
  Destination:            design_1_i/axi_interconnect_0/m01_couplers/auto_pc/inst/gen_axi4_axi3.axi3_conv_inst/USE_WRITE.write_addr_inst/USE_BURSTS.cmd_queue/inst/fifo_gen_inst/inst_fifo_gen/gconvfifo.rf/grf.rf/gntv_or_sync_fifo.mem/gdm.dm_gen.dm/RAM_reg_0_31_0_4/RAMC/WADR0
                            (rising edge-triggered cell RAMD32 clocked by clk_fpga_0  {rise@0.000ns fall@10.000ns period=20.000ns})
  Path Group:             clk_fpga_0
  Path Type:              Hold (Min at Fast Process Corner)
  Requirement:            0.000ns  (clk_fpga_0 rise@0.000ns - clk_fpga_0 rise@0.000ns)
  Data Path Delay:        0.359ns  (logic 0.141ns (39.235%)  route 0.218ns (60.765%))
  Logic Levels:           0  
  Clock Path Skew:        0.013ns (DCD - SCD - CPR)
    Destination Clock Delay (DCD):    1.177ns
    Source Clock Delay      (SCD):    0.882ns
    Clock Pessimism Removal (CPR):    0.282ns

    Location             Delay type                Incr(ns)  Path(ns)    Netlist Resource(s)
  -------------------------------------------------------------------    -------------------
                         (clock clk_fpga_0 rise edge)
                                                      0.000     0.000 r  
    PS7_X0Y0             PS7                          0.000     0.000 r  design_1_i/processing_system7_0/inst/PS7_i/FCLKCLK[0]
                         net (fo=1, routed)           0.310     0.310    design_1_i/processing_system7_0/inst/FCLK_CLK_unbuffered[0]
    BUFGCTRL_X0Y16       BUFG (Prop_bufg_I_O)         0.026     0.336 r  design_1_i/processing_system7_0/inst/buffer_fclk_clk_0.FCLK_CLK_0_BUFG/O
                         net (fo=8415, routed)        0.546     0.882    design_1_i/axi_interconnect_0/m01_couplers/auto_pc/inst/gen_axi4_axi3.axi3_conv_inst/USE_WRITE.write_addr_inst/USE_BURSTS.cmd_queue/inst/fifo_gen_inst/inst_fifo_gen/gconvfifo.rf/grf.rf/gntv_or_sync_fifo.gl0.wr/wpntr/clk
    SLICE_X37Y72         FDCE                                         r  design_1_i/axi_interconnect_0/m01_couplers/auto_pc/inst/gen_axi4_axi3.axi3_conv_inst/USE_WRITE.write_addr_inst/USE_BURSTS.cmd_queue/inst/fifo_gen_inst/inst_fifo_gen/gconvfifo.rf/grf.rf/gntv_or_sync_fifo.gl0.wr/wpntr/gcc0.gc0.count_d1_reg[0]/C
  -------------------------------------------------------------------    -------------------
    SLICE_X37Y72         FDCE (Prop_fdce_C_Q)         0.141     1.023 r  design_1_i/axi_interconnect_0/m01_couplers/auto_pc/inst/gen_axi4_axi3.axi3_conv_inst/USE_WRITE.write_addr_inst/USE_BURSTS.cmd_queue/inst/fifo_gen_inst/inst_fifo_gen/gconvfifo.rf/grf.rf/gntv_or_sync_fifo.gl0.wr/wpntr/gcc0.gc0.count_d1_reg[0]/Q
                         net (fo=10, routed)          0.218     1.241    design_1_i/axi_interconnect_0/m01_couplers/auto_pc/inst/gen_axi4_axi3.axi3_conv_inst/USE_WRITE.write_addr_inst/USE_BURSTS.cmd_queue/inst/fifo_gen_inst/inst_fifo_gen/gconvfifo.rf/grf.rf/gntv_or_sync_fifo.mem/gdm.dm_gen.dm/RAM_reg_0_31_0_4/ADDRD0
    SLICE_X36Y72         RAMD32                                       r  design_1_i/axi_interconnect_0/m01_couplers/auto_pc/inst/gen_axi4_axi3.axi3_conv_inst/USE_WRITE.write_addr_inst/USE_BURSTS.cmd_queue/inst/fifo_gen_inst/inst_fifo_gen/gconvfifo.rf/grf.rf/gntv_or_sync_fifo.mem/gdm.dm_gen.dm/RAM_reg_0_31_0_4/RAMC/WADR0
  -------------------------------------------------------------------    -------------------

                         (clock clk_fpga_0 rise edge)
                                                      0.000     0.000 r  
    PS7_X0Y0             PS7                          0.000     0.000 r  design_1_i/processing_system7_0/inst/PS7_i/FCLKCLK[0]
                         net (fo=1, routed)           0.337     0.337    design_1_i/processing_system7_0/inst/FCLK_CLK_unbuffered[0]
    BUFGCTRL_X0Y16       BUFG (Prop_bufg_I_O)         0.029     0.366 r  design_1_i/processing_system7_0/inst/buffer_fclk_clk_0.FCLK_CLK_0_BUFG/O
                         net (fo=8415, routed)        0.811     1.177    design_1_i/axi_interconnect_0/m01_couplers/auto_pc/inst/gen_axi4_axi3.axi3_conv_inst/USE_WRITE.write_addr_inst/USE_BURSTS.cmd_queue/inst/fifo_gen_inst/inst_fifo_gen/gconvfifo.rf/grf.rf/gntv_or_sync_fifo.mem/gdm.dm_gen.dm/RAM_reg_0_31_0_4/WCLK
    SLICE_X36Y72         RAMD32                                       r  design_1_i/axi_interconnect_0/m01_couplers/auto_pc/inst/gen_axi4_axi3.axi3_conv_inst/USE_WRITE.write_addr_inst/USE_BURSTS.cmd_queue/inst/fifo_gen_inst/inst_fifo_gen/gconvfifo.rf/grf.rf/gntv_or_sync_fifo.mem/gdm.dm_gen.dm/RAM_reg_0_31_0_4/RAMC/CLK
                         clock pessimism             -0.282     0.895    
    SLICE_X36Y72         RAMD32 (Hold_ramd32_CLK_WADR0)
                                                      0.310     1.205    design_1_i/axi_interconnect_0/m01_couplers/auto_pc/inst/gen_axi4_axi3.axi3_conv_inst/USE_WRITE.write_addr_inst/USE_BURSTS.cmd_queue/inst/fifo_gen_inst/inst_fifo_gen/gconvfifo.rf/grf.rf/gntv_or_sync_fifo.mem/gdm.dm_gen.dm/RAM_reg_0_31_0_4/RAMC
  -------------------------------------------------------------------
                         required time                         -1.205    
                         arrival time                           1.241    
  -------------------------------------------------------------------
                         slack                                  0.036    





Pulse Width Checks
--------------------------------------------------------------------------------------
Clock Name:         clk_fpga_0
Waveform(ns):       { 0.000 10.000 }
Period(ns):         20.000
Sources:            { design_1_i/processing_system7_0/inst/PS7_i/FCLKCLK[0] }

Check Type        Corner  Lib Pin      Reference Pin  Required(ns)  Actual(ns)  Slack(ns)  Location      Pin
Min Period        n/a     DSP48E1/CLK  n/a            3.884         20.000      16.116     DSP48_X3Y7    design_1_i/Conv2D_HW_0/inst/empty_45_reg_668_reg/CLK
Min Period        n/a     DSP48E1/CLK  n/a            3.884         20.000      16.116     DSP48_X0Y13   design_1_i/Conv2D_HW_0/inst/mul_ln13_1_reg_635_reg/CLK
Min Period        n/a     DSP48E1/CLK  n/a            3.884         20.000      16.116     DSP48_X1Y9    design_1_i/Conv2D_HW_0/inst/mul_ln13_1_reg_635_reg__0/CLK
Min Period        n/a     DSP48E1/CLK  n/a            3.884         20.000      16.116     DSP48_X0Y9    design_1_i/Conv2D_HW_0/inst/mul_ln13_1_reg_635_reg__1/CLK
Min Period        n/a     DSP48E1/CLK  n/a            3.884         20.000      16.116     DSP48_X1Y13   design_1_i/Conv2D_HW_0/inst/mul_ln39_reg_629_reg/CLK
Min Period        n/a     DSP48E1/CLK  n/a            3.884         20.000      16.116     DSP48_X2Y9    design_1_i/Conv2D_HW_0/inst/zext_ln56_reg_674_reg/CLK
Min Period        n/a     DSP48E1/CLK  n/a            3.884         20.000      16.116     DSP48_X2Y2    design_1_i/Conv2D_HW_0/inst/grp_Conv2D_HW_Pipeline_loop_acc_x_fu_303/mul_32s_32s_32_1_1_U24/dout/CLK
Min Period        n/a     DSP48E1/CLK  n/a            3.884         20.000      16.116     DSP48_X2Y1    design_1_i/Conv2D_HW_0/inst/grp_Conv2D_HW_Pipeline_loop_acc_x_fu_303/mul_32s_32s_32_1_1_U25/dout/CLK
Min Period        n/a     DSP48E1/CLK  n/a            3.884         20.000      16.116     DSP48_X1Y16   design_1_i/Conv2D_HW_0/inst/grp_Conv2D_HW_Pipeline_loop_load_coef_x_fu_280/mul_ln43_reg_756_reg/CLK
Min Period        n/a     DSP48E1/CLK  n/a            3.884         20.000      16.116     DSP48_X1Y14   design_1_i/Conv2D_HW_0/inst/grp_Conv2D_HW_Pipeline_loop_load_coef_x_fu_280/mul_32s_32s_32_1_1_U2/dout/CLK
Low Pulse Width   Slow    RAMD32/CLK   n/a            1.250         10.000      8.750      SLICE_X54Y52  design_1_i/axi_interconnect_0/m00_couplers/auto_pc/inst/gen_axi4_axi3.axi3_conv_inst/USE_READ.USE_SPLIT_R.read_addr_inst/USE_R_CHANNEL.cmd_queue/inst/fifo_gen_inst/inst_fifo_gen/gconvfifo.rf/grf.rf/gntv_or_sync_fifo.mem/gdm.dm_gen.dm/RAM_reg_0_31_0_0/DP/CLK
Low Pulse Width   Fast    RAMD32/CLK   n/a            1.250         10.000      8.750      SLICE_X54Y52  design_1_i/axi_interconnect_0/m00_couplers/auto_pc/inst/gen_axi4_axi3.axi3_conv_inst/USE_READ.USE_SPLIT_R.read_addr_inst/USE_R_CHANNEL.cmd_queue/inst/fifo_gen_inst/inst_fifo_gen/gconvfifo.rf/grf.rf/gntv_or_sync_fifo.mem/gdm.dm_gen.dm/RAM_reg_0_31_0_0/DP/CLK
Low Pulse Width   Slow    RAMD32/CLK   n/a            1.250         10.000      8.750      SLICE_X54Y52  design_1_i/axi_interconnect_0/m00_couplers/auto_pc/inst/gen_axi4_axi3.axi3_conv_inst/USE_READ.USE_SPLIT_R.read_addr_inst/USE_R_CHANNEL.cmd_queue/inst/fifo_gen_inst/inst_fifo_gen/gconvfifo.rf/grf.rf/gntv_or_sync_fifo.mem/gdm.dm_gen.dm/RAM_reg_0_31_0_0/SP/CLK
Low Pulse Width   Fast    RAMD32/CLK   n/a            1.250         10.000      8.750      SLICE_X54Y52  design_1_i/axi_interconnect_0/m00_couplers/auto_pc/inst/gen_axi4_axi3.axi3_conv_inst/USE_READ.USE_SPLIT_R.read_addr_inst/USE_R_CHANNEL.cmd_queue/inst/fifo_gen_inst/inst_fifo_gen/gconvfifo.rf/grf.rf/gntv_or_sync_fifo.mem/gdm.dm_gen.dm/RAM_reg_0_31_0_0/SP/CLK
Low Pulse Width   Slow    RAMD32/CLK   n/a            1.250         10.000      8.750      SLICE_X50Y57  design_1_i/axi_interconnect_0/m00_couplers/auto_pc/inst/gen_axi4_axi3.axi3_conv_inst/USE_WRITE.write_addr_inst/USE_BURSTS.cmd_queue/inst/fifo_gen_inst/inst_fifo_gen/gconvfifo.rf/grf.rf/gntv_or_sync_fifo.mem/gdm.dm_gen.dm/RAM_reg_0_31_0_4/RAMA/CLK
Low Pulse Width   Fast    RAMD32/CLK   n/a            1.250         10.000      8.750      SLICE_X50Y57  design_1_i/axi_interconnect_0/m00_couplers/auto_pc/inst/gen_axi4_axi3.axi3_conv_inst/USE_WRITE.write_addr_inst/USE_BURSTS.cmd_queue/inst/fifo_gen_inst/inst_fifo_gen/gconvfifo.rf/grf.rf/gntv_or_sync_fifo.mem/gdm.dm_gen.dm/RAM_reg_0_31_0_4/RAMA/CLK
Low Pulse Width   Slow    RAMD32/CLK   n/a            1.250         10.000      8.750      SLICE_X50Y57  design_1_i/axi_interconnect_0/m00_couplers/auto_pc/inst/gen_axi4_axi3.axi3_conv_inst/USE_WRITE.write_addr_inst/USE_BURSTS.cmd_queue/inst/fifo_gen_inst/inst_fifo_gen/gconvfifo.rf/grf.rf/gntv_or_sync_fifo.mem/gdm.dm_gen.dm/RAM_reg_0_31_0_4/RAMA_D1/CLK
Low Pulse Width   Fast    RAMD32/CLK   n/a            1.250         10.000      8.750      SLICE_X50Y57  design_1_i/axi_interconnect_0/m00_couplers/auto_pc/inst/gen_axi4_axi3.axi3_conv_inst/USE_WRITE.write_addr_inst/USE_BURSTS.cmd_queue/inst/fifo_gen_inst/inst_fifo_gen/gconvfifo.rf/grf.rf/gntv_or_sync_fifo.mem/gdm.dm_gen.dm/RAM_reg_0_31_0_4/RAMA_D1/CLK
Low Pulse Width   Slow    RAMD32/CLK   n/a            1.250         10.000      8.750      SLICE_X50Y57  design_1_i/axi_interconnect_0/m00_couplers/auto_pc/inst/gen_axi4_axi3.axi3_conv_inst/USE_WRITE.write_addr_inst/USE_BURSTS.cmd_queue/inst/fifo_gen_inst/inst_fifo_gen/gconvfifo.rf/grf.rf/gntv_or_sync_fifo.mem/gdm.dm_gen.dm/RAM_reg_0_31_0_4/RAMB/CLK
Low Pulse Width   Fast    RAMD32/CLK   n/a            1.250         10.000      8.750      SLICE_X50Y57  design_1_i/axi_interconnect_0/m00_couplers/auto_pc/inst/gen_axi4_axi3.axi3_conv_inst/USE_WRITE.write_addr_inst/USE_BURSTS.cmd_queue/inst/fifo_gen_inst/inst_fifo_gen/gconvfifo.rf/grf.rf/gntv_or_sync_fifo.mem/gdm.dm_gen.dm/RAM_reg_0_31_0_4/RAMB/CLK
High Pulse Width  Slow    RAMD32/CLK   n/a            1.250         10.000      8.750      SLICE_X54Y52  design_1_i/axi_interconnect_0/m00_couplers/auto_pc/inst/gen_axi4_axi3.axi3_conv_inst/USE_READ.USE_SPLIT_R.read_addr_inst/USE_R_CHANNEL.cmd_queue/inst/fifo_gen_inst/inst_fifo_gen/gconvfifo.rf/grf.rf/gntv_or_sync_fifo.mem/gdm.dm_gen.dm/RAM_reg_0_31_0_0/DP/CLK
High Pulse Width  Fast    RAMD32/CLK   n/a            1.250         10.000      8.750      SLICE_X54Y52  design_1_i/axi_interconnect_0/m00_couplers/auto_pc/inst/gen_axi4_axi3.axi3_conv_inst/USE_READ.USE_SPLIT_R.read_addr_inst/USE_R_CHANNEL.cmd_queue/inst/fifo_gen_inst/inst_fifo_gen/gconvfifo.rf/grf.rf/gntv_or_sync_fifo.mem/gdm.dm_gen.dm/RAM_reg_0_31_0_0/DP/CLK
High Pulse Width  Slow    RAMD32/CLK   n/a            1.250         10.000      8.750      SLICE_X54Y52  design_1_i/axi_interconnect_0/m00_couplers/auto_pc/inst/gen_axi4_axi3.axi3_conv_inst/USE_READ.USE_SPLIT_R.read_addr_inst/USE_R_CHANNEL.cmd_queue/inst/fifo_gen_inst/inst_fifo_gen/gconvfifo.rf/grf.rf/gntv_or_sync_fifo.mem/gdm.dm_gen.dm/RAM_reg_0_31_0_0/SP/CLK
High Pulse Width  Fast    RAMD32/CLK   n/a            1.250         10.000      8.750      SLICE_X54Y52  design_1_i/axi_interconnect_0/m00_couplers/auto_pc/inst/gen_axi4_axi3.axi3_conv_inst/USE_READ.USE_SPLIT_R.read_addr_inst/USE_R_CHANNEL.cmd_queue/inst/fifo_gen_inst/inst_fifo_gen/gconvfifo.rf/grf.rf/gntv_or_sync_fifo.mem/gdm.dm_gen.dm/RAM_reg_0_31_0_0/SP/CLK
High Pulse Width  Slow    RAMD32/CLK   n/a            1.250         10.000      8.750      SLICE_X50Y57  design_1_i/axi_interconnect_0/m00_couplers/auto_pc/inst/gen_axi4_axi3.axi3_conv_inst/USE_WRITE.write_addr_inst/USE_BURSTS.cmd_queue/inst/fifo_gen_inst/inst_fifo_gen/gconvfifo.rf/grf.rf/gntv_or_sync_fifo.mem/gdm.dm_gen.dm/RAM_reg_0_31_0_4/RAMA/CLK
High Pulse Width  Fast    RAMD32/CLK   n/a            1.250         10.000      8.750      SLICE_X50Y57  design_1_i/axi_interconnect_0/m00_couplers/auto_pc/inst/gen_axi4_axi3.axi3_conv_inst/USE_WRITE.write_addr_inst/USE_BURSTS.cmd_queue/inst/fifo_gen_inst/inst_fifo_gen/gconvfifo.rf/grf.rf/gntv_or_sync_fifo.mem/gdm.dm_gen.dm/RAM_reg_0_31_0_4/RAMA/CLK
High Pulse Width  Slow    RAMD32/CLK   n/a            1.250         10.000      8.750      SLICE_X50Y57  design_1_i/axi_interconnect_0/m00_couplers/auto_pc/inst/gen_axi4_axi3.axi3_conv_inst/USE_WRITE.write_addr_inst/USE_BURSTS.cmd_queue/inst/fifo_gen_inst/inst_fifo_gen/gconvfifo.rf/grf.rf/gntv_or_sync_fifo.mem/gdm.dm_gen.dm/RAM_reg_0_31_0_4/RAMA_D1/CLK
High Pulse Width  Fast    RAMD32/CLK   n/a            1.250         10.000      8.750      SLICE_X50Y57  design_1_i/axi_interconnect_0/m00_couplers/auto_pc/inst/gen_axi4_axi3.axi3_conv_inst/USE_WRITE.write_addr_inst/USE_BURSTS.cmd_queue/inst/fifo_gen_inst/inst_fifo_gen/gconvfifo.rf/grf.rf/gntv_or_sync_fifo.mem/gdm.dm_gen.dm/RAM_reg_0_31_0_4/RAMA_D1/CLK
High Pulse Width  Slow    RAMD32/CLK   n/a            1.250         10.000      8.750      SLICE_X50Y57  design_1_i/axi_interconnect_0/m00_couplers/auto_pc/inst/gen_axi4_axi3.axi3_conv_inst/USE_WRITE.write_addr_inst/USE_BURSTS.cmd_queue/inst/fifo_gen_inst/inst_fifo_gen/gconvfifo.rf/grf.rf/gntv_or_sync_fifo.mem/gdm.dm_gen.dm/RAM_reg_0_31_0_4/RAMB/CLK
High Pulse Width  Fast    RAMD32/CLK   n/a            1.250         10.000      8.750      SLICE_X50Y57  design_1_i/axi_interconnect_0/m00_couplers/auto_pc/inst/gen_axi4_axi3.axi3_conv_inst/USE_WRITE.write_addr_inst/USE_BURSTS.cmd_queue/inst/fifo_gen_inst/inst_fifo_gen/gconvfifo.rf/grf.rf/gntv_or_sync_fifo.mem/gdm.dm_gen.dm/RAM_reg_0_31_0_4/RAMB/CLK



---------------------------------------------------------------------------------------------------
Path Group:  **async_default**
From Clock:  clk_fpga_0
  To Clock:  clk_fpga_0

Setup :            0  Failing Endpoints,  Worst Slack       16.301ns,  Total Violation        0.000ns
Hold  :            0  Failing Endpoints,  Worst Slack        0.564ns,  Total Violation        0.000ns
---------------------------------------------------------------------------------------------------


Max Delay Paths
--------------------------------------------------------------------------------------
Slack (MET) :             16.301ns  (required time - arrival time)
  Source:                 design_1_i/axi_interconnect_0/m00_couplers/auto_pc/inst/gen_axi4_axi3.axi3_conv_inst/USE_READ.USE_SPLIT_R.read_addr_inst/USE_R_CHANNEL.cmd_queue/inst/fifo_gen_inst/inst_fifo_gen/gconvfifo.rf/grf.rf/rstblk/ngwrdrst.grst.g7serrst.gnsckt_wrst.gcc_rst.sckt_wr_rst_cc_reg[1]/C
                            (rising edge-triggered cell FDRE clocked by clk_fpga_0  {rise@0.000ns fall@10.000ns period=20.000ns})
  Destination:            design_1_i/axi_interconnect_0/m00_couplers/auto_pc/inst/gen_axi4_axi3.axi3_conv_inst/USE_READ.USE_SPLIT_R.read_addr_inst/USE_R_CHANNEL.cmd_queue/inst/fifo_gen_inst/inst_fifo_gen/gconvfifo.rf/grf.rf/gntv_or_sync_fifo.gl0.rd/gr1.gr1_int.rfwft/gpregsm1.curr_fwft_state_reg[0]/CLR
                            (recovery check against rising-edge clock clk_fpga_0  {rise@0.000ns fall@10.000ns period=20.000ns})
  Path Group:             **async_default**
  Path Type:              Recovery (Max at Slow Process Corner)
  Requirement:            20.000ns  (clk_fpga_0 rise@20.000ns - clk_fpga_0 rise@0.000ns)
  Data Path Delay:        2.861ns  (logic 0.715ns (24.992%)  route 2.146ns (75.008%))
  Logic Levels:           1  (LUT3=1)
  Clock Path Skew:        -0.131ns (DCD - SCD + CPR)
    Destination Clock Delay (DCD):    2.645ns = ( 22.645 - 20.000 ) 
    Source Clock Delay      (SCD):    3.005ns
    Clock Pessimism Removal (CPR):    0.229ns
  Clock Uncertainty:      0.302ns  ((TSJ^2 + TIJ^2)^1/2 + DJ) / 2 + PE
    Total System Jitter     (TSJ):    0.071ns
    Total Input Jitter      (TIJ):    0.600ns
    Discrete Jitter          (DJ):    0.000ns
    Phase Error              (PE):    0.000ns

    Location             Delay type                Incr(ns)  Path(ns)    Netlist Resource(s)
  -------------------------------------------------------------------    -------------------
                         (clock clk_fpga_0 rise edge)
                                                      0.000     0.000 r  
    PS7_X0Y0             PS7                          0.000     0.000 r  design_1_i/processing_system7_0/inst/PS7_i/FCLKCLK[0]
                         net (fo=1, routed)           1.193     1.193    design_1_i/processing_system7_0/inst/FCLK_CLK_unbuffered[0]
    BUFGCTRL_X0Y16       BUFG (Prop_bufg_I_O)         0.101     1.294 r  design_1_i/processing_system7_0/inst/buffer_fclk_clk_0.FCLK_CLK_0_BUFG/O
                         net (fo=8415, routed)        1.711     3.005    design_1_i/axi_interconnect_0/m00_couplers/auto_pc/inst/gen_axi4_axi3.axi3_conv_inst/USE_READ.USE_SPLIT_R.read_addr_inst/USE_R_CHANNEL.cmd_queue/inst/fifo_gen_inst/inst_fifo_gen/gconvfifo.rf/grf.rf/rstblk/clk
    SLICE_X55Y53         FDRE                                         r  design_1_i/axi_interconnect_0/m00_couplers/auto_pc/inst/gen_axi4_axi3.axi3_conv_inst/USE_READ.USE_SPLIT_R.read_addr_inst/USE_R_CHANNEL.cmd_queue/inst/fifo_gen_inst/inst_fifo_gen/gconvfifo.rf/grf.rf/rstblk/ngwrdrst.grst.g7serrst.gnsckt_wrst.gcc_rst.sckt_wr_rst_cc_reg[1]/C
  -------------------------------------------------------------------    -------------------
    SLICE_X55Y53         FDRE (Prop_fdre_C_Q)         0.419     3.424 f  design_1_i/axi_interconnect_0/m00_couplers/auto_pc/inst/gen_axi4_axi3.axi3_conv_inst/USE_READ.USE_SPLIT_R.read_addr_inst/USE_R_CHANNEL.cmd_queue/inst/fifo_gen_inst/inst_fifo_gen/gconvfifo.rf/grf.rf/rstblk/ngwrdrst.grst.g7serrst.gnsckt_wrst.gcc_rst.sckt_wr_rst_cc_reg[1]/Q
                         net (fo=1, routed)           0.825     4.249    design_1_i/axi_interconnect_0/m00_couplers/auto_pc/inst/gen_axi4_axi3.axi3_conv_inst/USE_READ.USE_SPLIT_R.read_addr_inst/USE_R_CHANNEL.cmd_queue/inst/fifo_gen_inst/inst_fifo_gen/gconvfifo.rf/grf.rf/rstblk/ngwrdrst.grst.g7serrst.gnsckt_wrst.gcc_rst.sckt_wr_rst_cc[1]
    SLICE_X54Y52         LUT3 (Prop_lut3_I0_O)        0.296     4.545 f  design_1_i/axi_interconnect_0/m00_couplers/auto_pc/inst/gen_axi4_axi3.axi3_conv_inst/USE_READ.USE_SPLIT_R.read_addr_inst/USE_R_CHANNEL.cmd_queue/inst/fifo_gen_inst/inst_fifo_gen/gconvfifo.rf/grf.rf/rstblk/gpregsm1.curr_fwft_state[1]_i_2/O
                         net (fo=33, routed)          1.321     5.866    design_1_i/axi_interconnect_0/m00_couplers/auto_pc/inst/gen_axi4_axi3.axi3_conv_inst/USE_READ.USE_SPLIT_R.read_addr_inst/USE_R_CHANNEL.cmd_queue/inst/fifo_gen_inst/inst_fifo_gen/gconvfifo.rf/grf.rf/gntv_or_sync_fifo.gl0.rd/gr1.gr1_int.rfwft/gpregsm1.user_valid_reg_0
    SLICE_X53Y53         FDCE                                         f  design_1_i/axi_interconnect_0/m00_couplers/auto_pc/inst/gen_axi4_axi3.axi3_conv_inst/USE_READ.USE_SPLIT_R.read_addr_inst/USE_R_CHANNEL.cmd_queue/inst/fifo_gen_inst/inst_fifo_gen/gconvfifo.rf/grf.rf/gntv_or_sync_fifo.gl0.rd/gr1.gr1_int.rfwft/gpregsm1.curr_fwft_state_reg[0]/CLR
  -------------------------------------------------------------------    -------------------

                         (clock clk_fpga_0 rise edge)
                                                     20.000    20.000 r  
    PS7_X0Y0             PS7                          0.000    20.000 r  design_1_i/processing_system7_0/inst/PS7_i/FCLKCLK[0]
                         net (fo=1, routed)           1.088    21.088    design_1_i/processing_system7_0/inst/FCLK_CLK_unbuffered[0]
    BUFGCTRL_X0Y16       BUFG (Prop_bufg_I_O)         0.091    21.179 r  design_1_i/processing_system7_0/inst/buffer_fclk_clk_0.FCLK_CLK_0_BUFG/O
                         net (fo=8415, routed)        1.466    22.645    design_1_i/axi_interconnect_0/m00_couplers/auto_pc/inst/gen_axi4_axi3.axi3_conv_inst/USE_READ.USE_SPLIT_R.read_addr_inst/USE_R_CHANNEL.cmd_queue/inst/fifo_gen_inst/inst_fifo_gen/gconvfifo.rf/grf.rf/gntv_or_sync_fifo.gl0.rd/gr1.gr1_int.rfwft/clk
    SLICE_X53Y53         FDCE                                         r  design_1_i/axi_interconnect_0/m00_couplers/auto_pc/inst/gen_axi4_axi3.axi3_conv_inst/USE_READ.USE_SPLIT_R.read_addr_inst/USE_R_CHANNEL.cmd_queue/inst/fifo_gen_inst/inst_fifo_gen/gconvfifo.rf/grf.rf/gntv_or_sync_fifo.gl0.rd/gr1.gr1_int.rfwft/gpregsm1.curr_fwft_state_reg[0]/C
                         clock pessimism              0.229    22.874    
                         clock uncertainty           -0.302    22.572    
    SLICE_X53Y53         FDCE (Recov_fdce_C_CLR)     -0.405    22.167    design_1_i/axi_interconnect_0/m00_couplers/auto_pc/inst/gen_axi4_axi3.axi3_conv_inst/USE_READ.USE_SPLIT_R.read_addr_inst/USE_R_CHANNEL.cmd_queue/inst/fifo_gen_inst/inst_fifo_gen/gconvfifo.rf/grf.rf/gntv_or_sync_fifo.gl0.rd/gr1.gr1_int.rfwft/gpregsm1.curr_fwft_state_reg[0]
  -------------------------------------------------------------------
                         required time                         22.167    
                         arrival time                          -5.866    
  -------------------------------------------------------------------
                         slack                                 16.301    

Slack (MET) :             16.301ns  (required time - arrival time)
  Source:                 design_1_i/axi_interconnect_0/m00_couplers/auto_pc/inst/gen_axi4_axi3.axi3_conv_inst/USE_READ.USE_SPLIT_R.read_addr_inst/USE_R_CHANNEL.cmd_queue/inst/fifo_gen_inst/inst_fifo_gen/gconvfifo.rf/grf.rf/rstblk/ngwrdrst.grst.g7serrst.gnsckt_wrst.gcc_rst.sckt_wr_rst_cc_reg[1]/C
                            (rising edge-triggered cell FDRE clocked by clk_fpga_0  {rise@0.000ns fall@10.000ns period=20.000ns})
  Destination:            design_1_i/axi_interconnect_0/m00_couplers/auto_pc/inst/gen_axi4_axi3.axi3_conv_inst/USE_READ.USE_SPLIT_R.read_addr_inst/USE_R_CHANNEL.cmd_queue/inst/fifo_gen_inst/inst_fifo_gen/gconvfifo.rf/grf.rf/gntv_or_sync_fifo.gl0.rd/gr1.gr1_int.rfwft/gpregsm1.curr_fwft_state_reg[1]/CLR
                            (recovery check against rising-edge clock clk_fpga_0  {rise@0.000ns fall@10.000ns period=20.000ns})
  Path Group:             **async_default**
  Path Type:              Recovery (Max at Slow Process Corner)
  Requirement:            20.000ns  (clk_fpga_0 rise@20.000ns - clk_fpga_0 rise@0.000ns)
  Data Path Delay:        2.861ns  (logic 0.715ns (24.992%)  route 2.146ns (75.008%))
  Logic Levels:           1  (LUT3=1)
  Clock Path Skew:        -0.131ns (DCD - SCD + CPR)
    Destination Clock Delay (DCD):    2.645ns = ( 22.645 - 20.000 ) 
    Source Clock Delay      (SCD):    3.005ns
    Clock Pessimism Removal (CPR):    0.229ns
  Clock Uncertainty:      0.302ns  ((TSJ^2 + TIJ^2)^1/2 + DJ) / 2 + PE
    Total System Jitter     (TSJ):    0.071ns
    Total Input Jitter      (TIJ):    0.600ns
    Discrete Jitter          (DJ):    0.000ns
    Phase Error              (PE):    0.000ns

    Location             Delay type                Incr(ns)  Path(ns)    Netlist Resource(s)
  -------------------------------------------------------------------    -------------------
                         (clock clk_fpga_0 rise edge)
                                                      0.000     0.000 r  
    PS7_X0Y0             PS7                          0.000     0.000 r  design_1_i/processing_system7_0/inst/PS7_i/FCLKCLK[0]
                         net (fo=1, routed)           1.193     1.193    design_1_i/processing_system7_0/inst/FCLK_CLK_unbuffered[0]
    BUFGCTRL_X0Y16       BUFG (Prop_bufg_I_O)         0.101     1.294 r  design_1_i/processing_system7_0/inst/buffer_fclk_clk_0.FCLK_CLK_0_BUFG/O
                         net (fo=8415, routed)        1.711     3.005    design_1_i/axi_interconnect_0/m00_couplers/auto_pc/inst/gen_axi4_axi3.axi3_conv_inst/USE_READ.USE_SPLIT_R.read_addr_inst/USE_R_CHANNEL.cmd_queue/inst/fifo_gen_inst/inst_fifo_gen/gconvfifo.rf/grf.rf/rstblk/clk
    SLICE_X55Y53         FDRE                                         r  design_1_i/axi_interconnect_0/m00_couplers/auto_pc/inst/gen_axi4_axi3.axi3_conv_inst/USE_READ.USE_SPLIT_R.read_addr_inst/USE_R_CHANNEL.cmd_queue/inst/fifo_gen_inst/inst_fifo_gen/gconvfifo.rf/grf.rf/rstblk/ngwrdrst.grst.g7serrst.gnsckt_wrst.gcc_rst.sckt_wr_rst_cc_reg[1]/C
  -------------------------------------------------------------------    -------------------
    SLICE_X55Y53         FDRE (Prop_fdre_C_Q)         0.419     3.424 f  design_1_i/axi_interconnect_0/m00_couplers/auto_pc/inst/gen_axi4_axi3.axi3_conv_inst/USE_READ.USE_SPLIT_R.read_addr_inst/USE_R_CHANNEL.cmd_queue/inst/fifo_gen_inst/inst_fifo_gen/gconvfifo.rf/grf.rf/rstblk/ngwrdrst.grst.g7serrst.gnsckt_wrst.gcc_rst.sckt_wr_rst_cc_reg[1]/Q
                         net (fo=1, routed)           0.825     4.249    design_1_i/axi_interconnect_0/m00_couplers/auto_pc/inst/gen_axi4_axi3.axi3_conv_inst/USE_READ.USE_SPLIT_R.read_addr_inst/USE_R_CHANNEL.cmd_queue/inst/fifo_gen_inst/inst_fifo_gen/gconvfifo.rf/grf.rf/rstblk/ngwrdrst.grst.g7serrst.gnsckt_wrst.gcc_rst.sckt_wr_rst_cc[1]
    SLICE_X54Y52         LUT3 (Prop_lut3_I0_O)        0.296     4.545 f  design_1_i/axi_interconnect_0/m00_couplers/auto_pc/inst/gen_axi4_axi3.axi3_conv_inst/USE_READ.USE_SPLIT_R.read_addr_inst/USE_R_CHANNEL.cmd_queue/inst/fifo_gen_inst/inst_fifo_gen/gconvfifo.rf/grf.rf/rstblk/gpregsm1.curr_fwft_state[1]_i_2/O
                         net (fo=33, routed)          1.321     5.866    design_1_i/axi_interconnect_0/m00_couplers/auto_pc/inst/gen_axi4_axi3.axi3_conv_inst/USE_READ.USE_SPLIT_R.read_addr_inst/USE_R_CHANNEL.cmd_queue/inst/fifo_gen_inst/inst_fifo_gen/gconvfifo.rf/grf.rf/gntv_or_sync_fifo.gl0.rd/gr1.gr1_int.rfwft/gpregsm1.user_valid_reg_0
    SLICE_X53Y53         FDCE                                         f  design_1_i/axi_interconnect_0/m00_couplers/auto_pc/inst/gen_axi4_axi3.axi3_conv_inst/USE_READ.USE_SPLIT_R.read_addr_inst/USE_R_CHANNEL.cmd_queue/inst/fifo_gen_inst/inst_fifo_gen/gconvfifo.rf/grf.rf/gntv_or_sync_fifo.gl0.rd/gr1.gr1_int.rfwft/gpregsm1.curr_fwft_state_reg[1]/CLR
  -------------------------------------------------------------------    -------------------

                         (clock clk_fpga_0 rise edge)
                                                     20.000    20.000 r  
    PS7_X0Y0             PS7                          0.000    20.000 r  design_1_i/processing_system7_0/inst/PS7_i/FCLKCLK[0]
                         net (fo=1, routed)           1.088    21.088    design_1_i/processing_system7_0/inst/FCLK_CLK_unbuffered[0]
    BUFGCTRL_X0Y16       BUFG (Prop_bufg_I_O)         0.091    21.179 r  design_1_i/processing_system7_0/inst/buffer_fclk_clk_0.FCLK_CLK_0_BUFG/O
                         net (fo=8415, routed)        1.466    22.645    design_1_i/axi_interconnect_0/m00_couplers/auto_pc/inst/gen_axi4_axi3.axi3_conv_inst/USE_READ.USE_SPLIT_R.read_addr_inst/USE_R_CHANNEL.cmd_queue/inst/fifo_gen_inst/inst_fifo_gen/gconvfifo.rf/grf.rf/gntv_or_sync_fifo.gl0.rd/gr1.gr1_int.rfwft/clk
    SLICE_X53Y53         FDCE                                         r  design_1_i/axi_interconnect_0/m00_couplers/auto_pc/inst/gen_axi4_axi3.axi3_conv_inst/USE_READ.USE_SPLIT_R.read_addr_inst/USE_R_CHANNEL.cmd_queue/inst/fifo_gen_inst/inst_fifo_gen/gconvfifo.rf/grf.rf/gntv_or_sync_fifo.gl0.rd/gr1.gr1_int.rfwft/gpregsm1.curr_fwft_state_reg[1]/C
                         clock pessimism              0.229    22.874    
                         clock uncertainty           -0.302    22.572    
    SLICE_X53Y53         FDCE (Recov_fdce_C_CLR)     -0.405    22.167    design_1_i/axi_interconnect_0/m00_couplers/auto_pc/inst/gen_axi4_axi3.axi3_conv_inst/USE_READ.USE_SPLIT_R.read_addr_inst/USE_R_CHANNEL.cmd_queue/inst/fifo_gen_inst/inst_fifo_gen/gconvfifo.rf/grf.rf/gntv_or_sync_fifo.gl0.rd/gr1.gr1_int.rfwft/gpregsm1.curr_fwft_state_reg[1]
  -------------------------------------------------------------------
                         required time                         22.167    
                         arrival time                          -5.866    
  -------------------------------------------------------------------
                         slack                                 16.301    

Slack (MET) :             16.301ns  (required time - arrival time)
  Source:                 design_1_i/axi_interconnect_0/m00_couplers/auto_pc/inst/gen_axi4_axi3.axi3_conv_inst/USE_READ.USE_SPLIT_R.read_addr_inst/USE_R_CHANNEL.cmd_queue/inst/fifo_gen_inst/inst_fifo_gen/gconvfifo.rf/grf.rf/rstblk/ngwrdrst.grst.g7serrst.gnsckt_wrst.gcc_rst.sckt_wr_rst_cc_reg[1]/C
                            (rising edge-triggered cell FDRE clocked by clk_fpga_0  {rise@0.000ns fall@10.000ns period=20.000ns})
  Destination:            design_1_i/axi_interconnect_0/m00_couplers/auto_pc/inst/gen_axi4_axi3.axi3_conv_inst/USE_READ.USE_SPLIT_R.read_addr_inst/USE_R_CHANNEL.cmd_queue/inst/fifo_gen_inst/inst_fifo_gen/gconvfifo.rf/grf.rf/gntv_or_sync_fifo.gl0.rd/gr1.gr1_int.rfwft/gpregsm1.user_valid_reg/CLR
                            (recovery check against rising-edge clock clk_fpga_0  {rise@0.000ns fall@10.000ns period=20.000ns})
  Path Group:             **async_default**
  Path Type:              Recovery (Max at Slow Process Corner)
  Requirement:            20.000ns  (clk_fpga_0 rise@20.000ns - clk_fpga_0 rise@0.000ns)
  Data Path Delay:        2.861ns  (logic 0.715ns (24.992%)  route 2.146ns (75.008%))
  Logic Levels:           1  (LUT3=1)
  Clock Path Skew:        -0.131ns (DCD - SCD + CPR)
    Destination Clock Delay (DCD):    2.645ns = ( 22.645 - 20.000 ) 
    Source Clock Delay      (SCD):    3.005ns
    Clock Pessimism Removal (CPR):    0.229ns
  Clock Uncertainty:      0.302ns  ((TSJ^2 + TIJ^2)^1/2 + DJ) / 2 + PE
    Total System Jitter     (TSJ):    0.071ns
    Total Input Jitter      (TIJ):    0.600ns
    Discrete Jitter          (DJ):    0.000ns
    Phase Error              (PE):    0.000ns

    Location             Delay type                Incr(ns)  Path(ns)    Netlist Resource(s)
  -------------------------------------------------------------------    -------------------
                         (clock clk_fpga_0 rise edge)
                                                      0.000     0.000 r  
    PS7_X0Y0             PS7                          0.000     0.000 r  design_1_i/processing_system7_0/inst/PS7_i/FCLKCLK[0]
                         net (fo=1, routed)           1.193     1.193    design_1_i/processing_system7_0/inst/FCLK_CLK_unbuffered[0]
    BUFGCTRL_X0Y16       BUFG (Prop_bufg_I_O)         0.101     1.294 r  design_1_i/processing_system7_0/inst/buffer_fclk_clk_0.FCLK_CLK_0_BUFG/O
                         net (fo=8415, routed)        1.711     3.005    design_1_i/axi_interconnect_0/m00_couplers/auto_pc/inst/gen_axi4_axi3.axi3_conv_inst/USE_READ.USE_SPLIT_R.read_addr_inst/USE_R_CHANNEL.cmd_queue/inst/fifo_gen_inst/inst_fifo_gen/gconvfifo.rf/grf.rf/rstblk/clk
    SLICE_X55Y53         FDRE                                         r  design_1_i/axi_interconnect_0/m00_couplers/auto_pc/inst/gen_axi4_axi3.axi3_conv_inst/USE_READ.USE_SPLIT_R.read_addr_inst/USE_R_CHANNEL.cmd_queue/inst/fifo_gen_inst/inst_fifo_gen/gconvfifo.rf/grf.rf/rstblk/ngwrdrst.grst.g7serrst.gnsckt_wrst.gcc_rst.sckt_wr_rst_cc_reg[1]/C
  -------------------------------------------------------------------    -------------------
    SLICE_X55Y53         FDRE (Prop_fdre_C_Q)         0.419     3.424 f  design_1_i/axi_interconnect_0/m00_couplers/auto_pc/inst/gen_axi4_axi3.axi3_conv_inst/USE_READ.USE_SPLIT_R.read_addr_inst/USE_R_CHANNEL.cmd_queue/inst/fifo_gen_inst/inst_fifo_gen/gconvfifo.rf/grf.rf/rstblk/ngwrdrst.grst.g7serrst.gnsckt_wrst.gcc_rst.sckt_wr_rst_cc_reg[1]/Q
                         net (fo=1, routed)           0.825     4.249    design_1_i/axi_interconnect_0/m00_couplers/auto_pc/inst/gen_axi4_axi3.axi3_conv_inst/USE_READ.USE_SPLIT_R.read_addr_inst/USE_R_CHANNEL.cmd_queue/inst/fifo_gen_inst/inst_fifo_gen/gconvfifo.rf/grf.rf/rstblk/ngwrdrst.grst.g7serrst.gnsckt_wrst.gcc_rst.sckt_wr_rst_cc[1]
    SLICE_X54Y52         LUT3 (Prop_lut3_I0_O)        0.296     4.545 f  design_1_i/axi_interconnect_0/m00_couplers/auto_pc/inst/gen_axi4_axi3.axi3_conv_inst/USE_READ.USE_SPLIT_R.read_addr_inst/USE_R_CHANNEL.cmd_queue/inst/fifo_gen_inst/inst_fifo_gen/gconvfifo.rf/grf.rf/rstblk/gpregsm1.curr_fwft_state[1]_i_2/O
                         net (fo=33, routed)          1.321     5.866    design_1_i/axi_interconnect_0/m00_couplers/auto_pc/inst/gen_axi4_axi3.axi3_conv_inst/USE_READ.USE_SPLIT_R.read_addr_inst/USE_R_CHANNEL.cmd_queue/inst/fifo_gen_inst/inst_fifo_gen/gconvfifo.rf/grf.rf/gntv_or_sync_fifo.gl0.rd/gr1.gr1_int.rfwft/gpregsm1.user_valid_reg_0
    SLICE_X53Y53         FDCE                                         f  design_1_i/axi_interconnect_0/m00_couplers/auto_pc/inst/gen_axi4_axi3.axi3_conv_inst/USE_READ.USE_SPLIT_R.read_addr_inst/USE_R_CHANNEL.cmd_queue/inst/fifo_gen_inst/inst_fifo_gen/gconvfifo.rf/grf.rf/gntv_or_sync_fifo.gl0.rd/gr1.gr1_int.rfwft/gpregsm1.user_valid_reg/CLR
  -------------------------------------------------------------------    -------------------

                         (clock clk_fpga_0 rise edge)
                                                     20.000    20.000 r  
    PS7_X0Y0             PS7                          0.000    20.000 r  design_1_i/processing_system7_0/inst/PS7_i/FCLKCLK[0]
                         net (fo=1, routed)           1.088    21.088    design_1_i/processing_system7_0/inst/FCLK_CLK_unbuffered[0]
    BUFGCTRL_X0Y16       BUFG (Prop_bufg_I_O)         0.091    21.179 r  design_1_i/processing_system7_0/inst/buffer_fclk_clk_0.FCLK_CLK_0_BUFG/O
                         net (fo=8415, routed)        1.466    22.645    design_1_i/axi_interconnect_0/m00_couplers/auto_pc/inst/gen_axi4_axi3.axi3_conv_inst/USE_READ.USE_SPLIT_R.read_addr_inst/USE_R_CHANNEL.cmd_queue/inst/fifo_gen_inst/inst_fifo_gen/gconvfifo.rf/grf.rf/gntv_or_sync_fifo.gl0.rd/gr1.gr1_int.rfwft/clk
    SLICE_X53Y53         FDCE                                         r  design_1_i/axi_interconnect_0/m00_couplers/auto_pc/inst/gen_axi4_axi3.axi3_conv_inst/USE_READ.USE_SPLIT_R.read_addr_inst/USE_R_CHANNEL.cmd_queue/inst/fifo_gen_inst/inst_fifo_gen/gconvfifo.rf/grf.rf/gntv_or_sync_fifo.gl0.rd/gr1.gr1_int.rfwft/gpregsm1.user_valid_reg/C
                         clock pessimism              0.229    22.874    
                         clock uncertainty           -0.302    22.572    
    SLICE_X53Y53         FDCE (Recov_fdce_C_CLR)     -0.405    22.167    design_1_i/axi_interconnect_0/m00_couplers/auto_pc/inst/gen_axi4_axi3.axi3_conv_inst/USE_READ.USE_SPLIT_R.read_addr_inst/USE_R_CHANNEL.cmd_queue/inst/fifo_gen_inst/inst_fifo_gen/gconvfifo.rf/grf.rf/gntv_or_sync_fifo.gl0.rd/gr1.gr1_int.rfwft/gpregsm1.user_valid_reg
  -------------------------------------------------------------------
                         required time                         22.167    
                         arrival time                          -5.866    
  -------------------------------------------------------------------
                         slack                                 16.301    

Slack (MET) :             16.343ns  (required time - arrival time)
  Source:                 design_1_i/axi_interconnect_0/m00_couplers/auto_pc/inst/gen_axi4_axi3.axi3_conv_inst/USE_READ.USE_SPLIT_R.read_addr_inst/USE_R_CHANNEL.cmd_queue/inst/fifo_gen_inst/inst_fifo_gen/gconvfifo.rf/grf.rf/rstblk/ngwrdrst.grst.g7serrst.gnsckt_wrst.gcc_rst.sckt_wr_rst_cc_reg[1]/C
                            (rising edge-triggered cell FDRE clocked by clk_fpga_0  {rise@0.000ns fall@10.000ns period=20.000ns})
  Destination:            design_1_i/axi_interconnect_0/m00_couplers/auto_pc/inst/gen_axi4_axi3.axi3_conv_inst/USE_READ.USE_SPLIT_R.read_addr_inst/USE_R_CHANNEL.cmd_queue/inst/fifo_gen_inst/inst_fifo_gen/gconvfifo.rf/grf.rf/gntv_or_sync_fifo.gl0.rd/gr1.gr1_int.rfwft/empty_fwft_fb_i_reg/PRE
                            (recovery check against rising-edge clock clk_fpga_0  {rise@0.000ns fall@10.000ns period=20.000ns})
  Path Group:             **async_default**
  Path Type:              Recovery (Max at Slow Process Corner)
  Requirement:            20.000ns  (clk_fpga_0 rise@20.000ns - clk_fpga_0 rise@0.000ns)
  Data Path Delay:        2.865ns  (logic 0.715ns (24.954%)  route 2.150ns (75.046%))
  Logic Levels:           1  (LUT3=1)
  Clock Path Skew:        -0.131ns (DCD - SCD + CPR)
    Destination Clock Delay (DCD):    2.645ns = ( 22.645 - 20.000 ) 
    Source Clock Delay      (SCD):    3.005ns
    Clock Pessimism Removal (CPR):    0.229ns
  Clock Uncertainty:      0.302ns  ((TSJ^2 + TIJ^2)^1/2 + DJ) / 2 + PE
    Total System Jitter     (TSJ):    0.071ns
    Total Input Jitter      (TIJ):    0.600ns
    Discrete Jitter          (DJ):    0.000ns
    Phase Error              (PE):    0.000ns

    Location             Delay type                Incr(ns)  Path(ns)    Netlist Resource(s)
  -------------------------------------------------------------------    -------------------
                         (clock clk_fpga_0 rise edge)
                                                      0.000     0.000 r  
    PS7_X0Y0             PS7                          0.000     0.000 r  design_1_i/processing_system7_0/inst/PS7_i/FCLKCLK[0]
                         net (fo=1, routed)           1.193     1.193    design_1_i/processing_system7_0/inst/FCLK_CLK_unbuffered[0]
    BUFGCTRL_X0Y16       BUFG (Prop_bufg_I_O)         0.101     1.294 r  design_1_i/processing_system7_0/inst/buffer_fclk_clk_0.FCLK_CLK_0_BUFG/O
                         net (fo=8415, routed)        1.711     3.005    design_1_i/axi_interconnect_0/m00_couplers/auto_pc/inst/gen_axi4_axi3.axi3_conv_inst/USE_READ.USE_SPLIT_R.read_addr_inst/USE_R_CHANNEL.cmd_queue/inst/fifo_gen_inst/inst_fifo_gen/gconvfifo.rf/grf.rf/rstblk/clk
    SLICE_X55Y53         FDRE                                         r  design_1_i/axi_interconnect_0/m00_couplers/auto_pc/inst/gen_axi4_axi3.axi3_conv_inst/USE_READ.USE_SPLIT_R.read_addr_inst/USE_R_CHANNEL.cmd_queue/inst/fifo_gen_inst/inst_fifo_gen/gconvfifo.rf/grf.rf/rstblk/ngwrdrst.grst.g7serrst.gnsckt_wrst.gcc_rst.sckt_wr_rst_cc_reg[1]/C
  -------------------------------------------------------------------    -------------------
    SLICE_X55Y53         FDRE (Prop_fdre_C_Q)         0.419     3.424 f  design_1_i/axi_interconnect_0/m00_couplers/auto_pc/inst/gen_axi4_axi3.axi3_conv_inst/USE_READ.USE_SPLIT_R.read_addr_inst/USE_R_CHANNEL.cmd_queue/inst/fifo_gen_inst/inst_fifo_gen/gconvfifo.rf/grf.rf/rstblk/ngwrdrst.grst.g7serrst.gnsckt_wrst.gcc_rst.sckt_wr_rst_cc_reg[1]/Q
                         net (fo=1, routed)           0.825     4.249    design_1_i/axi_interconnect_0/m00_couplers/auto_pc/inst/gen_axi4_axi3.axi3_conv_inst/USE_READ.USE_SPLIT_R.read_addr_inst/USE_R_CHANNEL.cmd_queue/inst/fifo_gen_inst/inst_fifo_gen/gconvfifo.rf/grf.rf/rstblk/ngwrdrst.grst.g7serrst.gnsckt_wrst.gcc_rst.sckt_wr_rst_cc[1]
    SLICE_X54Y52         LUT3 (Prop_lut3_I0_O)        0.296     4.545 f  design_1_i/axi_interconnect_0/m00_couplers/auto_pc/inst/gen_axi4_axi3.axi3_conv_inst/USE_READ.USE_SPLIT_R.read_addr_inst/USE_R_CHANNEL.cmd_queue/inst/fifo_gen_inst/inst_fifo_gen/gconvfifo.rf/grf.rf/rstblk/gpregsm1.curr_fwft_state[1]_i_2/O
                         net (fo=33, routed)          1.325     5.870    design_1_i/axi_interconnect_0/m00_couplers/auto_pc/inst/gen_axi4_axi3.axi3_conv_inst/USE_READ.USE_SPLIT_R.read_addr_inst/USE_R_CHANNEL.cmd_queue/inst/fifo_gen_inst/inst_fifo_gen/gconvfifo.rf/grf.rf/gntv_or_sync_fifo.gl0.rd/gr1.gr1_int.rfwft/gpregsm1.user_valid_reg_0
    SLICE_X52Y53         FDPE                                         f  design_1_i/axi_interconnect_0/m00_couplers/auto_pc/inst/gen_axi4_axi3.axi3_conv_inst/USE_READ.USE_SPLIT_R.read_addr_inst/USE_R_CHANNEL.cmd_queue/inst/fifo_gen_inst/inst_fifo_gen/gconvfifo.rf/grf.rf/gntv_or_sync_fifo.gl0.rd/gr1.gr1_int.rfwft/empty_fwft_fb_i_reg/PRE
  -------------------------------------------------------------------    -------------------

                         (clock clk_fpga_0 rise edge)
                                                     20.000    20.000 r  
    PS7_X0Y0             PS7                          0.000    20.000 r  design_1_i/processing_system7_0/inst/PS7_i/FCLKCLK[0]
                         net (fo=1, routed)           1.088    21.088    design_1_i/processing_system7_0/inst/FCLK_CLK_unbuffered[0]
    BUFGCTRL_X0Y16       BUFG (Prop_bufg_I_O)         0.091    21.179 r  design_1_i/processing_system7_0/inst/buffer_fclk_clk_0.FCLK_CLK_0_BUFG/O
                         net (fo=8415, routed)        1.466    22.645    design_1_i/axi_interconnect_0/m00_couplers/auto_pc/inst/gen_axi4_axi3.axi3_conv_inst/USE_READ.USE_SPLIT_R.read_addr_inst/USE_R_CHANNEL.cmd_queue/inst/fifo_gen_inst/inst_fifo_gen/gconvfifo.rf/grf.rf/gntv_or_sync_fifo.gl0.rd/gr1.gr1_int.rfwft/clk
    SLICE_X52Y53         FDPE                                         r  design_1_i/axi_interconnect_0/m00_couplers/auto_pc/inst/gen_axi4_axi3.axi3_conv_inst/USE_READ.USE_SPLIT_R.read_addr_inst/USE_R_CHANNEL.cmd_queue/inst/fifo_gen_inst/inst_fifo_gen/gconvfifo.rf/grf.rf/gntv_or_sync_fifo.gl0.rd/gr1.gr1_int.rfwft/empty_fwft_fb_i_reg/C
                         clock pessimism              0.229    22.874    
                         clock uncertainty           -0.302    22.572    
    SLICE_X52Y53         FDPE (Recov_fdpe_C_PRE)     -0.359    22.213    design_1_i/axi_interconnect_0/m00_couplers/auto_pc/inst/gen_axi4_axi3.axi3_conv_inst/USE_READ.USE_SPLIT_R.read_addr_inst/USE_R_CHANNEL.cmd_queue/inst/fifo_gen_inst/inst_fifo_gen/gconvfifo.rf/grf.rf/gntv_or_sync_fifo.gl0.rd/gr1.gr1_int.rfwft/empty_fwft_fb_i_reg
  -------------------------------------------------------------------
                         required time                         22.213    
                         arrival time                          -5.870    
  -------------------------------------------------------------------
                         slack                                 16.343    

Slack (MET) :             16.343ns  (required time - arrival time)
  Source:                 design_1_i/axi_interconnect_0/m00_couplers/auto_pc/inst/gen_axi4_axi3.axi3_conv_inst/USE_READ.USE_SPLIT_R.read_addr_inst/USE_R_CHANNEL.cmd_queue/inst/fifo_gen_inst/inst_fifo_gen/gconvfifo.rf/grf.rf/rstblk/ngwrdrst.grst.g7serrst.gnsckt_wrst.gcc_rst.sckt_wr_rst_cc_reg[1]/C
                            (rising edge-triggered cell FDRE clocked by clk_fpga_0  {rise@0.000ns fall@10.000ns period=20.000ns})
  Destination:            design_1_i/axi_interconnect_0/m00_couplers/auto_pc/inst/gen_axi4_axi3.axi3_conv_inst/USE_READ.USE_SPLIT_R.read_addr_inst/USE_R_CHANNEL.cmd_queue/inst/fifo_gen_inst/inst_fifo_gen/gconvfifo.rf/grf.rf/gntv_or_sync_fifo.gl0.rd/gr1.gr1_int.rfwft/empty_fwft_i_reg/PRE
                            (recovery check against rising-edge clock clk_fpga_0  {rise@0.000ns fall@10.000ns period=20.000ns})
  Path Group:             **async_default**
  Path Type:              Recovery (Max at Slow Process Corner)
  Requirement:            20.000ns  (clk_fpga_0 rise@20.000ns - clk_fpga_0 rise@0.000ns)
  Data Path Delay:        2.865ns  (logic 0.715ns (24.954%)  route 2.150ns (75.046%))
  Logic Levels:           1  (LUT3=1)
  Clock Path Skew:        -0.131ns (DCD - SCD + CPR)
    Destination Clock Delay (DCD):    2.645ns = ( 22.645 - 20.000 ) 
    Source Clock Delay      (SCD):    3.005ns
    Clock Pessimism Removal (CPR):    0.229ns
  Clock Uncertainty:      0.302ns  ((TSJ^2 + TIJ^2)^1/2 + DJ) / 2 + PE
    Total System Jitter     (TSJ):    0.071ns
    Total Input Jitter      (TIJ):    0.600ns
    Discrete Jitter          (DJ):    0.000ns
    Phase Error              (PE):    0.000ns

    Location             Delay type                Incr(ns)  Path(ns)    Netlist Resource(s)
  -------------------------------------------------------------------    -------------------
                         (clock clk_fpga_0 rise edge)
                                                      0.000     0.000 r  
    PS7_X0Y0             PS7                          0.000     0.000 r  design_1_i/processing_system7_0/inst/PS7_i/FCLKCLK[0]
                         net (fo=1, routed)           1.193     1.193    design_1_i/processing_system7_0/inst/FCLK_CLK_unbuffered[0]
    BUFGCTRL_X0Y16       BUFG (Prop_bufg_I_O)         0.101     1.294 r  design_1_i/processing_system7_0/inst/buffer_fclk_clk_0.FCLK_CLK_0_BUFG/O
                         net (fo=8415, routed)        1.711     3.005    design_1_i/axi_interconnect_0/m00_couplers/auto_pc/inst/gen_axi4_axi3.axi3_conv_inst/USE_READ.USE_SPLIT_R.read_addr_inst/USE_R_CHANNEL.cmd_queue/inst/fifo_gen_inst/inst_fifo_gen/gconvfifo.rf/grf.rf/rstblk/clk
    SLICE_X55Y53         FDRE                                         r  design_1_i/axi_interconnect_0/m00_couplers/auto_pc/inst/gen_axi4_axi3.axi3_conv_inst/USE_READ.USE_SPLIT_R.read_addr_inst/USE_R_CHANNEL.cmd_queue/inst/fifo_gen_inst/inst_fifo_gen/gconvfifo.rf/grf.rf/rstblk/ngwrdrst.grst.g7serrst.gnsckt_wrst.gcc_rst.sckt_wr_rst_cc_reg[1]/C
  -------------------------------------------------------------------    -------------------
    SLICE_X55Y53         FDRE (Prop_fdre_C_Q)         0.419     3.424 f  design_1_i/axi_interconnect_0/m00_couplers/auto_pc/inst/gen_axi4_axi3.axi3_conv_inst/USE_READ.USE_SPLIT_R.read_addr_inst/USE_R_CHANNEL.cmd_queue/inst/fifo_gen_inst/inst_fifo_gen/gconvfifo.rf/grf.rf/rstblk/ngwrdrst.grst.g7serrst.gnsckt_wrst.gcc_rst.sckt_wr_rst_cc_reg[1]/Q
                         net (fo=1, routed)           0.825     4.249    design_1_i/axi_interconnect_0/m00_couplers/auto_pc/inst/gen_axi4_axi3.axi3_conv_inst/USE_READ.USE_SPLIT_R.read_addr_inst/USE_R_CHANNEL.cmd_queue/inst/fifo_gen_inst/inst_fifo_gen/gconvfifo.rf/grf.rf/rstblk/ngwrdrst.grst.g7serrst.gnsckt_wrst.gcc_rst.sckt_wr_rst_cc[1]
    SLICE_X54Y52         LUT3 (Prop_lut3_I0_O)        0.296     4.545 f  design_1_i/axi_interconnect_0/m00_couplers/auto_pc/inst/gen_axi4_axi3.axi3_conv_inst/USE_READ.USE_SPLIT_R.read_addr_inst/USE_R_CHANNEL.cmd_queue/inst/fifo_gen_inst/inst_fifo_gen/gconvfifo.rf/grf.rf/rstblk/gpregsm1.curr_fwft_state[1]_i_2/O
                         net (fo=33, routed)          1.325     5.870    design_1_i/axi_interconnect_0/m00_couplers/auto_pc/inst/gen_axi4_axi3.axi3_conv_inst/USE_READ.USE_SPLIT_R.read_addr_inst/USE_R_CHANNEL.cmd_queue/inst/fifo_gen_inst/inst_fifo_gen/gconvfifo.rf/grf.rf/gntv_or_sync_fifo.gl0.rd/gr1.gr1_int.rfwft/gpregsm1.user_valid_reg_0
    SLICE_X52Y53         FDPE                                         f  design_1_i/axi_interconnect_0/m00_couplers/auto_pc/inst/gen_axi4_axi3.axi3_conv_inst/USE_READ.USE_SPLIT_R.read_addr_inst/USE_R_CHANNEL.cmd_queue/inst/fifo_gen_inst/inst_fifo_gen/gconvfifo.rf/grf.rf/gntv_or_sync_fifo.gl0.rd/gr1.gr1_int.rfwft/empty_fwft_i_reg/PRE
  -------------------------------------------------------------------    -------------------

                         (clock clk_fpga_0 rise edge)
                                                     20.000    20.000 r  
    PS7_X0Y0             PS7                          0.000    20.000 r  design_1_i/processing_system7_0/inst/PS7_i/FCLKCLK[0]
                         net (fo=1, routed)           1.088    21.088    design_1_i/processing_system7_0/inst/FCLK_CLK_unbuffered[0]
    BUFGCTRL_X0Y16       BUFG (Prop_bufg_I_O)         0.091    21.179 r  design_1_i/processing_system7_0/inst/buffer_fclk_clk_0.FCLK_CLK_0_BUFG/O
                         net (fo=8415, routed)        1.466    22.645    design_1_i/axi_interconnect_0/m00_couplers/auto_pc/inst/gen_axi4_axi3.axi3_conv_inst/USE_READ.USE_SPLIT_R.read_addr_inst/USE_R_CHANNEL.cmd_queue/inst/fifo_gen_inst/inst_fifo_gen/gconvfifo.rf/grf.rf/gntv_or_sync_fifo.gl0.rd/gr1.gr1_int.rfwft/clk
    SLICE_X52Y53         FDPE                                         r  design_1_i/axi_interconnect_0/m00_couplers/auto_pc/inst/gen_axi4_axi3.axi3_conv_inst/USE_READ.USE_SPLIT_R.read_addr_inst/USE_R_CHANNEL.cmd_queue/inst/fifo_gen_inst/inst_fifo_gen/gconvfifo.rf/grf.rf/gntv_or_sync_fifo.gl0.rd/gr1.gr1_int.rfwft/empty_fwft_i_reg/C
                         clock pessimism              0.229    22.874    
                         clock uncertainty           -0.302    22.572    
    SLICE_X52Y53         FDPE (Recov_fdpe_C_PRE)     -0.359    22.213    design_1_i/axi_interconnect_0/m00_couplers/auto_pc/inst/gen_axi4_axi3.axi3_conv_inst/USE_READ.USE_SPLIT_R.read_addr_inst/USE_R_CHANNEL.cmd_queue/inst/fifo_gen_inst/inst_fifo_gen/gconvfifo.rf/grf.rf/gntv_or_sync_fifo.gl0.rd/gr1.gr1_int.rfwft/empty_fwft_i_reg
  -------------------------------------------------------------------
                         required time                         22.213    
                         arrival time                          -5.870    
  -------------------------------------------------------------------
                         slack                                 16.343    

Slack (MET) :             16.347ns  (required time - arrival time)
  Source:                 design_1_i/axi_interconnect_0/m00_couplers/auto_pc/inst/gen_axi4_axi3.axi3_conv_inst/USE_READ.USE_SPLIT_R.read_addr_inst/USE_R_CHANNEL.cmd_queue/inst/fifo_gen_inst/inst_fifo_gen/gconvfifo.rf/grf.rf/rstblk/ngwrdrst.grst.g7serrst.gnsckt_wrst.gcc_rst.sckt_wr_rst_cc_reg[1]/C
                            (rising edge-triggered cell FDRE clocked by clk_fpga_0  {rise@0.000ns fall@10.000ns period=20.000ns})
  Destination:            design_1_i/axi_interconnect_0/m00_couplers/auto_pc/inst/gen_axi4_axi3.axi3_conv_inst/USE_READ.USE_SPLIT_R.read_addr_inst/USE_R_CHANNEL.cmd_queue/inst/fifo_gen_inst/inst_fifo_gen/gconvfifo.rf/grf.rf/gntv_or_sync_fifo.gl0.rd/gr1.gr1_int.rfwft/empty_fwft_fb_o_i_reg/PRE
                            (recovery check against rising-edge clock clk_fpga_0  {rise@0.000ns fall@10.000ns period=20.000ns})
  Path Group:             **async_default**
  Path Type:              Recovery (Max at Slow Process Corner)
  Requirement:            20.000ns  (clk_fpga_0 rise@20.000ns - clk_fpga_0 rise@0.000ns)
  Data Path Delay:        2.861ns  (logic 0.715ns (24.992%)  route 2.146ns (75.008%))
  Logic Levels:           1  (LUT3=1)
  Clock Path Skew:        -0.131ns (DCD - SCD + CPR)
    Destination Clock Delay (DCD):    2.645ns = ( 22.645 - 20.000 ) 
    Source Clock Delay      (SCD):    3.005ns
    Clock Pessimism Removal (CPR):    0.229ns
  Clock Uncertainty:      0.302ns  ((TSJ^2 + TIJ^2)^1/2 + DJ) / 2 + PE
    Total System Jitter     (TSJ):    0.071ns
    Total Input Jitter      (TIJ):    0.600ns
    Discrete Jitter          (DJ):    0.000ns
    Phase Error              (PE):    0.000ns

    Location             Delay type                Incr(ns)  Path(ns)    Netlist Resource(s)
  -------------------------------------------------------------------    -------------------
                         (clock clk_fpga_0 rise edge)
                                                      0.000     0.000 r  
    PS7_X0Y0             PS7                          0.000     0.000 r  design_1_i/processing_system7_0/inst/PS7_i/FCLKCLK[0]
                         net (fo=1, routed)           1.193     1.193    design_1_i/processing_system7_0/inst/FCLK_CLK_unbuffered[0]
    BUFGCTRL_X0Y16       BUFG (Prop_bufg_I_O)         0.101     1.294 r  design_1_i/processing_system7_0/inst/buffer_fclk_clk_0.FCLK_CLK_0_BUFG/O
                         net (fo=8415, routed)        1.711     3.005    design_1_i/axi_interconnect_0/m00_couplers/auto_pc/inst/gen_axi4_axi3.axi3_conv_inst/USE_READ.USE_SPLIT_R.read_addr_inst/USE_R_CHANNEL.cmd_queue/inst/fifo_gen_inst/inst_fifo_gen/gconvfifo.rf/grf.rf/rstblk/clk
    SLICE_X55Y53         FDRE                                         r  design_1_i/axi_interconnect_0/m00_couplers/auto_pc/inst/gen_axi4_axi3.axi3_conv_inst/USE_READ.USE_SPLIT_R.read_addr_inst/USE_R_CHANNEL.cmd_queue/inst/fifo_gen_inst/inst_fifo_gen/gconvfifo.rf/grf.rf/rstblk/ngwrdrst.grst.g7serrst.gnsckt_wrst.gcc_rst.sckt_wr_rst_cc_reg[1]/C
  -------------------------------------------------------------------    -------------------
    SLICE_X55Y53         FDRE (Prop_fdre_C_Q)         0.419     3.424 f  design_1_i/axi_interconnect_0/m00_couplers/auto_pc/inst/gen_axi4_axi3.axi3_conv_inst/USE_READ.USE_SPLIT_R.read_addr_inst/USE_R_CHANNEL.cmd_queue/inst/fifo_gen_inst/inst_fifo_gen/gconvfifo.rf/grf.rf/rstblk/ngwrdrst.grst.g7serrst.gnsckt_wrst.gcc_rst.sckt_wr_rst_cc_reg[1]/Q
                         net (fo=1, routed)           0.825     4.249    design_1_i/axi_interconnect_0/m00_couplers/auto_pc/inst/gen_axi4_axi3.axi3_conv_inst/USE_READ.USE_SPLIT_R.read_addr_inst/USE_R_CHANNEL.cmd_queue/inst/fifo_gen_inst/inst_fifo_gen/gconvfifo.rf/grf.rf/rstblk/ngwrdrst.grst.g7serrst.gnsckt_wrst.gcc_rst.sckt_wr_rst_cc[1]
    SLICE_X54Y52         LUT3 (Prop_lut3_I0_O)        0.296     4.545 f  design_1_i/axi_interconnect_0/m00_couplers/auto_pc/inst/gen_axi4_axi3.axi3_conv_inst/USE_READ.USE_SPLIT_R.read_addr_inst/USE_R_CHANNEL.cmd_queue/inst/fifo_gen_inst/inst_fifo_gen/gconvfifo.rf/grf.rf/rstblk/gpregsm1.curr_fwft_state[1]_i_2/O
                         net (fo=33, routed)          1.321     5.866    design_1_i/axi_interconnect_0/m00_couplers/auto_pc/inst/gen_axi4_axi3.axi3_conv_inst/USE_READ.USE_SPLIT_R.read_addr_inst/USE_R_CHANNEL.cmd_queue/inst/fifo_gen_inst/inst_fifo_gen/gconvfifo.rf/grf.rf/gntv_or_sync_fifo.gl0.rd/gr1.gr1_int.rfwft/gpregsm1.user_valid_reg_0
    SLICE_X53Y53         FDPE                                         f  design_1_i/axi_interconnect_0/m00_couplers/auto_pc/inst/gen_axi4_axi3.axi3_conv_inst/USE_READ.USE_SPLIT_R.read_addr_inst/USE_R_CHANNEL.cmd_queue/inst/fifo_gen_inst/inst_fifo_gen/gconvfifo.rf/grf.rf/gntv_or_sync_fifo.gl0.rd/gr1.gr1_int.rfwft/empty_fwft_fb_o_i_reg/PRE
  -------------------------------------------------------------------    -------------------

                         (clock clk_fpga_0 rise edge)
                                                     20.000    20.000 r  
    PS7_X0Y0             PS7                          0.000    20.000 r  design_1_i/processing_system7_0/inst/PS7_i/FCLKCLK[0]
                         net (fo=1, routed)           1.088    21.088    design_1_i/processing_system7_0/inst/FCLK_CLK_unbuffered[0]
    BUFGCTRL_X0Y16       BUFG (Prop_bufg_I_O)         0.091    21.179 r  design_1_i/processing_system7_0/inst/buffer_fclk_clk_0.FCLK_CLK_0_BUFG/O
                         net (fo=8415, routed)        1.466    22.645    design_1_i/axi_interconnect_0/m00_couplers/auto_pc/inst/gen_axi4_axi3.axi3_conv_inst/USE_READ.USE_SPLIT_R.read_addr_inst/USE_R_CHANNEL.cmd_queue/inst/fifo_gen_inst/inst_fifo_gen/gconvfifo.rf/grf.rf/gntv_or_sync_fifo.gl0.rd/gr1.gr1_int.rfwft/clk
    SLICE_X53Y53         FDPE                                         r  design_1_i/axi_interconnect_0/m00_couplers/auto_pc/inst/gen_axi4_axi3.axi3_conv_inst/USE_READ.USE_SPLIT_R.read_addr_inst/USE_R_CHANNEL.cmd_queue/inst/fifo_gen_inst/inst_fifo_gen/gconvfifo.rf/grf.rf/gntv_or_sync_fifo.gl0.rd/gr1.gr1_int.rfwft/empty_fwft_fb_o_i_reg/C
                         clock pessimism              0.229    22.874    
                         clock uncertainty           -0.302    22.572    
    SLICE_X53Y53         FDPE (Recov_fdpe_C_PRE)     -0.359    22.213    design_1_i/axi_interconnect_0/m00_couplers/auto_pc/inst/gen_axi4_axi3.axi3_conv_inst/USE_READ.USE_SPLIT_R.read_addr_inst/USE_R_CHANNEL.cmd_queue/inst/fifo_gen_inst/inst_fifo_gen/gconvfifo.rf/grf.rf/gntv_or_sync_fifo.gl0.rd/gr1.gr1_int.rfwft/empty_fwft_fb_o_i_reg
  -------------------------------------------------------------------
                         required time                         22.213    
                         arrival time                          -5.866    
  -------------------------------------------------------------------
                         slack                                 16.347    

Slack (MET) :             16.402ns  (required time - arrival time)
  Source:                 design_1_i/axi_interconnect_0/m01_couplers/auto_pc/inst/gen_axi4_axi3.axi3_conv_inst/USE_READ.USE_SPLIT_R.read_addr_inst/USE_R_CHANNEL.cmd_queue/inst/fifo_gen_inst/inst_fifo_gen/gconvfifo.rf/grf.rf/rstblk/ngwrdrst.grst.g7serrst.gnsckt_wrst.rst_wr_reg2_inst/arststages_ff_reg[1]/C
                            (rising edge-triggered cell FDPE clocked by clk_fpga_0  {rise@0.000ns fall@10.000ns period=20.000ns})
  Destination:            design_1_i/axi_interconnect_0/m01_couplers/auto_pc/inst/gen_axi4_axi3.axi3_conv_inst/USE_READ.USE_SPLIT_R.read_addr_inst/USE_R_CHANNEL.cmd_queue/inst/fifo_gen_inst/inst_fifo_gen/gconvfifo.rf/grf.rf/gntv_or_sync_fifo.gl0.rd/gr1.gr1_int.rfwft/gpregsm1.curr_fwft_state_reg[0]/CLR
                            (recovery check against rising-edge clock clk_fpga_0  {rise@0.000ns fall@10.000ns period=20.000ns})
  Path Group:             **async_default**
  Path Type:              Recovery (Max at Slow Process Corner)
  Requirement:            20.000ns  (clk_fpga_0 rise@20.000ns - clk_fpga_0 rise@0.000ns)
  Data Path Delay:        2.846ns  (logic 0.718ns (25.228%)  route 2.128ns (74.772%))
  Logic Levels:           1  (LUT3=1)
  Clock Path Skew:        -0.045ns (DCD - SCD + CPR)
    Destination Clock Delay (DCD):    2.652ns = ( 22.652 - 20.000 ) 
    Source Clock Delay      (SCD):    2.926ns
    Clock Pessimism Removal (CPR):    0.229ns
  Clock Uncertainty:      0.302ns  ((TSJ^2 + TIJ^2)^1/2 + DJ) / 2 + PE
    Total System Jitter     (TSJ):    0.071ns
    Total Input Jitter      (TIJ):    0.600ns
    Discrete Jitter          (DJ):    0.000ns
    Phase Error              (PE):    0.000ns

    Location             Delay type                Incr(ns)  Path(ns)    Netlist Resource(s)
  -------------------------------------------------------------------    -------------------
                         (clock clk_fpga_0 rise edge)
                                                      0.000     0.000 r  
    PS7_X0Y0             PS7                          0.000     0.000 r  design_1_i/processing_system7_0/inst/PS7_i/FCLKCLK[0]
                         net (fo=1, routed)           1.193     1.193    design_1_i/processing_system7_0/inst/FCLK_CLK_unbuffered[0]
    BUFGCTRL_X0Y16       BUFG (Prop_bufg_I_O)         0.101     1.294 r  design_1_i/processing_system7_0/inst/buffer_fclk_clk_0.FCLK_CLK_0_BUFG/O
                         net (fo=8415, routed)        1.632     2.926    design_1_i/axi_interconnect_0/m01_couplers/auto_pc/inst/gen_axi4_axi3.axi3_conv_inst/USE_READ.USE_SPLIT_R.read_addr_inst/USE_R_CHANNEL.cmd_queue/inst/fifo_gen_inst/inst_fifo_gen/gconvfifo.rf/grf.rf/rstblk/ngwrdrst.grst.g7serrst.gnsckt_wrst.rst_wr_reg2_inst/dest_clk
    SLICE_X35Y75         FDPE                                         r  design_1_i/axi_interconnect_0/m01_couplers/auto_pc/inst/gen_axi4_axi3.axi3_conv_inst/USE_READ.USE_SPLIT_R.read_addr_inst/USE_R_CHANNEL.cmd_queue/inst/fifo_gen_inst/inst_fifo_gen/gconvfifo.rf/grf.rf/rstblk/ngwrdrst.grst.g7serrst.gnsckt_wrst.rst_wr_reg2_inst/arststages_ff_reg[1]/C
  -------------------------------------------------------------------    -------------------
    SLICE_X35Y75         FDPE (Prop_fdpe_C_Q)         0.419     3.345 f  design_1_i/axi_interconnect_0/m01_couplers/auto_pc/inst/gen_axi4_axi3.axi3_conv_inst/USE_READ.USE_SPLIT_R.read_addr_inst/USE_R_CHANNEL.cmd_queue/inst/fifo_gen_inst/inst_fifo_gen/gconvfifo.rf/grf.rf/rstblk/ngwrdrst.grst.g7serrst.gnsckt_wrst.rst_wr_reg2_inst/arststages_ff_reg[1]/Q
                         net (fo=2, routed)           0.887     4.232    design_1_i/axi_interconnect_0/m01_couplers/auto_pc/inst/gen_axi4_axi3.axi3_conv_inst/USE_READ.USE_SPLIT_R.read_addr_inst/USE_R_CHANNEL.cmd_queue/inst/fifo_gen_inst/inst_fifo_gen/gconvfifo.rf/grf.rf/rstblk/ngwrdrst.rst_wr_reg2
    SLICE_X34Y75         LUT3 (Prop_lut3_I2_O)        0.299     4.531 f  design_1_i/axi_interconnect_0/m01_couplers/auto_pc/inst/gen_axi4_axi3.axi3_conv_inst/USE_READ.USE_SPLIT_R.read_addr_inst/USE_R_CHANNEL.cmd_queue/inst/fifo_gen_inst/inst_fifo_gen/gconvfifo.rf/grf.rf/rstblk/gpregsm1.curr_fwft_state[1]_i_2/O
                         net (fo=33, routed)          1.241     5.772    design_1_i/axi_interconnect_0/m01_couplers/auto_pc/inst/gen_axi4_axi3.axi3_conv_inst/USE_READ.USE_SPLIT_R.read_addr_inst/USE_R_CHANNEL.cmd_queue/inst/fifo_gen_inst/inst_fifo_gen/gconvfifo.rf/grf.rf/gntv_or_sync_fifo.gl0.rd/gr1.gr1_int.rfwft/gpregsm1.user_valid_reg_0
    SLICE_X35Y66         FDCE                                         f  design_1_i/axi_interconnect_0/m01_couplers/auto_pc/inst/gen_axi4_axi3.axi3_conv_inst/USE_READ.USE_SPLIT_R.read_addr_inst/USE_R_CHANNEL.cmd_queue/inst/fifo_gen_inst/inst_fifo_gen/gconvfifo.rf/grf.rf/gntv_or_sync_fifo.gl0.rd/gr1.gr1_int.rfwft/gpregsm1.curr_fwft_state_reg[0]/CLR
  -------------------------------------------------------------------    -------------------

                         (clock clk_fpga_0 rise edge)
                                                     20.000    20.000 r  
    PS7_X0Y0             PS7                          0.000    20.000 r  design_1_i/processing_system7_0/inst/PS7_i/FCLKCLK[0]
                         net (fo=1, routed)           1.088    21.088    design_1_i/processing_system7_0/inst/FCLK_CLK_unbuffered[0]
    BUFGCTRL_X0Y16       BUFG (Prop_bufg_I_O)         0.091    21.179 r  design_1_i/processing_system7_0/inst/buffer_fclk_clk_0.FCLK_CLK_0_BUFG/O
                         net (fo=8415, routed)        1.473    22.652    design_1_i/axi_interconnect_0/m01_couplers/auto_pc/inst/gen_axi4_axi3.axi3_conv_inst/USE_READ.USE_SPLIT_R.read_addr_inst/USE_R_CHANNEL.cmd_queue/inst/fifo_gen_inst/inst_fifo_gen/gconvfifo.rf/grf.rf/gntv_or_sync_fifo.gl0.rd/gr1.gr1_int.rfwft/clk
    SLICE_X35Y66         FDCE                                         r  design_1_i/axi_interconnect_0/m01_couplers/auto_pc/inst/gen_axi4_axi3.axi3_conv_inst/USE_READ.USE_SPLIT_R.read_addr_inst/USE_R_CHANNEL.cmd_queue/inst/fifo_gen_inst/inst_fifo_gen/gconvfifo.rf/grf.rf/gntv_or_sync_fifo.gl0.rd/gr1.gr1_int.rfwft/gpregsm1.curr_fwft_state_reg[0]/C
                         clock pessimism              0.229    22.881    
                         clock uncertainty           -0.302    22.579    
    SLICE_X35Y66         FDCE (Recov_fdce_C_CLR)     -0.405    22.174    design_1_i/axi_interconnect_0/m01_couplers/auto_pc/inst/gen_axi4_axi3.axi3_conv_inst/USE_READ.USE_SPLIT_R.read_addr_inst/USE_R_CHANNEL.cmd_queue/inst/fifo_gen_inst/inst_fifo_gen/gconvfifo.rf/grf.rf/gntv_or_sync_fifo.gl0.rd/gr1.gr1_int.rfwft/gpregsm1.curr_fwft_state_reg[0]
  -------------------------------------------------------------------
                         required time                         22.174    
                         arrival time                          -5.772    
  -------------------------------------------------------------------
                         slack                                 16.402    

Slack (MET) :             16.402ns  (required time - arrival time)
  Source:                 design_1_i/axi_interconnect_0/m01_couplers/auto_pc/inst/gen_axi4_axi3.axi3_conv_inst/USE_READ.USE_SPLIT_R.read_addr_inst/USE_R_CHANNEL.cmd_queue/inst/fifo_gen_inst/inst_fifo_gen/gconvfifo.rf/grf.rf/rstblk/ngwrdrst.grst.g7serrst.gnsckt_wrst.rst_wr_reg2_inst/arststages_ff_reg[1]/C
                            (rising edge-triggered cell FDPE clocked by clk_fpga_0  {rise@0.000ns fall@10.000ns period=20.000ns})
  Destination:            design_1_i/axi_interconnect_0/m01_couplers/auto_pc/inst/gen_axi4_axi3.axi3_conv_inst/USE_READ.USE_SPLIT_R.read_addr_inst/USE_R_CHANNEL.cmd_queue/inst/fifo_gen_inst/inst_fifo_gen/gconvfifo.rf/grf.rf/gntv_or_sync_fifo.gl0.rd/gr1.gr1_int.rfwft/gpregsm1.curr_fwft_state_reg[1]/CLR
                            (recovery check against rising-edge clock clk_fpga_0  {rise@0.000ns fall@10.000ns period=20.000ns})
  Path Group:             **async_default**
  Path Type:              Recovery (Max at Slow Process Corner)
  Requirement:            20.000ns  (clk_fpga_0 rise@20.000ns - clk_fpga_0 rise@0.000ns)
  Data Path Delay:        2.846ns  (logic 0.718ns (25.228%)  route 2.128ns (74.772%))
  Logic Levels:           1  (LUT3=1)
  Clock Path Skew:        -0.045ns (DCD - SCD + CPR)
    Destination Clock Delay (DCD):    2.652ns = ( 22.652 - 20.000 ) 
    Source Clock Delay      (SCD):    2.926ns
    Clock Pessimism Removal (CPR):    0.229ns
  Clock Uncertainty:      0.302ns  ((TSJ^2 + TIJ^2)^1/2 + DJ) / 2 + PE
    Total System Jitter     (TSJ):    0.071ns
    Total Input Jitter      (TIJ):    0.600ns
    Discrete Jitter          (DJ):    0.000ns
    Phase Error              (PE):    0.000ns

    Location             Delay type                Incr(ns)  Path(ns)    Netlist Resource(s)
  -------------------------------------------------------------------    -------------------
                         (clock clk_fpga_0 rise edge)
                                                      0.000     0.000 r  
    PS7_X0Y0             PS7                          0.000     0.000 r  design_1_i/processing_system7_0/inst/PS7_i/FCLKCLK[0]
                         net (fo=1, routed)           1.193     1.193    design_1_i/processing_system7_0/inst/FCLK_CLK_unbuffered[0]
    BUFGCTRL_X0Y16       BUFG (Prop_bufg_I_O)         0.101     1.294 r  design_1_i/processing_system7_0/inst/buffer_fclk_clk_0.FCLK_CLK_0_BUFG/O
                         net (fo=8415, routed)        1.632     2.926    design_1_i/axi_interconnect_0/m01_couplers/auto_pc/inst/gen_axi4_axi3.axi3_conv_inst/USE_READ.USE_SPLIT_R.read_addr_inst/USE_R_CHANNEL.cmd_queue/inst/fifo_gen_inst/inst_fifo_gen/gconvfifo.rf/grf.rf/rstblk/ngwrdrst.grst.g7serrst.gnsckt_wrst.rst_wr_reg2_inst/dest_clk
    SLICE_X35Y75         FDPE                                         r  design_1_i/axi_interconnect_0/m01_couplers/auto_pc/inst/gen_axi4_axi3.axi3_conv_inst/USE_READ.USE_SPLIT_R.read_addr_inst/USE_R_CHANNEL.cmd_queue/inst/fifo_gen_inst/inst_fifo_gen/gconvfifo.rf/grf.rf/rstblk/ngwrdrst.grst.g7serrst.gnsckt_wrst.rst_wr_reg2_inst/arststages_ff_reg[1]/C
  -------------------------------------------------------------------    -------------------
    SLICE_X35Y75         FDPE (Prop_fdpe_C_Q)         0.419     3.345 f  design_1_i/axi_interconnect_0/m01_couplers/auto_pc/inst/gen_axi4_axi3.axi3_conv_inst/USE_READ.USE_SPLIT_R.read_addr_inst/USE_R_CHANNEL.cmd_queue/inst/fifo_gen_inst/inst_fifo_gen/gconvfifo.rf/grf.rf/rstblk/ngwrdrst.grst.g7serrst.gnsckt_wrst.rst_wr_reg2_inst/arststages_ff_reg[1]/Q
                         net (fo=2, routed)           0.887     4.232    design_1_i/axi_interconnect_0/m01_couplers/auto_pc/inst/gen_axi4_axi3.axi3_conv_inst/USE_READ.USE_SPLIT_R.read_addr_inst/USE_R_CHANNEL.cmd_queue/inst/fifo_gen_inst/inst_fifo_gen/gconvfifo.rf/grf.rf/rstblk/ngwrdrst.rst_wr_reg2
    SLICE_X34Y75         LUT3 (Prop_lut3_I2_O)        0.299     4.531 f  design_1_i/axi_interconnect_0/m01_couplers/auto_pc/inst/gen_axi4_axi3.axi3_conv_inst/USE_READ.USE_SPLIT_R.read_addr_inst/USE_R_CHANNEL.cmd_queue/inst/fifo_gen_inst/inst_fifo_gen/gconvfifo.rf/grf.rf/rstblk/gpregsm1.curr_fwft_state[1]_i_2/O
                         net (fo=33, routed)          1.241     5.772    design_1_i/axi_interconnect_0/m01_couplers/auto_pc/inst/gen_axi4_axi3.axi3_conv_inst/USE_READ.USE_SPLIT_R.read_addr_inst/USE_R_CHANNEL.cmd_queue/inst/fifo_gen_inst/inst_fifo_gen/gconvfifo.rf/grf.rf/gntv_or_sync_fifo.gl0.rd/gr1.gr1_int.rfwft/gpregsm1.user_valid_reg_0
    SLICE_X35Y66         FDCE                                         f  design_1_i/axi_interconnect_0/m01_couplers/auto_pc/inst/gen_axi4_axi3.axi3_conv_inst/USE_READ.USE_SPLIT_R.read_addr_inst/USE_R_CHANNEL.cmd_queue/inst/fifo_gen_inst/inst_fifo_gen/gconvfifo.rf/grf.rf/gntv_or_sync_fifo.gl0.rd/gr1.gr1_int.rfwft/gpregsm1.curr_fwft_state_reg[1]/CLR
  -------------------------------------------------------------------    -------------------

                         (clock clk_fpga_0 rise edge)
                                                     20.000    20.000 r  
    PS7_X0Y0             PS7                          0.000    20.000 r  design_1_i/processing_system7_0/inst/PS7_i/FCLKCLK[0]
                         net (fo=1, routed)           1.088    21.088    design_1_i/processing_system7_0/inst/FCLK_CLK_unbuffered[0]
    BUFGCTRL_X0Y16       BUFG (Prop_bufg_I_O)         0.091    21.179 r  design_1_i/processing_system7_0/inst/buffer_fclk_clk_0.FCLK_CLK_0_BUFG/O
                         net (fo=8415, routed)        1.473    22.652    design_1_i/axi_interconnect_0/m01_couplers/auto_pc/inst/gen_axi4_axi3.axi3_conv_inst/USE_READ.USE_SPLIT_R.read_addr_inst/USE_R_CHANNEL.cmd_queue/inst/fifo_gen_inst/inst_fifo_gen/gconvfifo.rf/grf.rf/gntv_or_sync_fifo.gl0.rd/gr1.gr1_int.rfwft/clk
    SLICE_X35Y66         FDCE                                         r  design_1_i/axi_interconnect_0/m01_couplers/auto_pc/inst/gen_axi4_axi3.axi3_conv_inst/USE_READ.USE_SPLIT_R.read_addr_inst/USE_R_CHANNEL.cmd_queue/inst/fifo_gen_inst/inst_fifo_gen/gconvfifo.rf/grf.rf/gntv_or_sync_fifo.gl0.rd/gr1.gr1_int.rfwft/gpregsm1.curr_fwft_state_reg[1]/C
                         clock pessimism              0.229    22.881    
                         clock uncertainty           -0.302    22.579    
    SLICE_X35Y66         FDCE (Recov_fdce_C_CLR)     -0.405    22.174    design_1_i/axi_interconnect_0/m01_couplers/auto_pc/inst/gen_axi4_axi3.axi3_conv_inst/USE_READ.USE_SPLIT_R.read_addr_inst/USE_R_CHANNEL.cmd_queue/inst/fifo_gen_inst/inst_fifo_gen/gconvfifo.rf/grf.rf/gntv_or_sync_fifo.gl0.rd/gr1.gr1_int.rfwft/gpregsm1.curr_fwft_state_reg[1]
  -------------------------------------------------------------------
                         required time                         22.174    
                         arrival time                          -5.772    
  -------------------------------------------------------------------
                         slack                                 16.402    

Slack (MET) :             16.402ns  (required time - arrival time)
  Source:                 design_1_i/axi_interconnect_0/m01_couplers/auto_pc/inst/gen_axi4_axi3.axi3_conv_inst/USE_READ.USE_SPLIT_R.read_addr_inst/USE_R_CHANNEL.cmd_queue/inst/fifo_gen_inst/inst_fifo_gen/gconvfifo.rf/grf.rf/rstblk/ngwrdrst.grst.g7serrst.gnsckt_wrst.rst_wr_reg2_inst/arststages_ff_reg[1]/C
                            (rising edge-triggered cell FDPE clocked by clk_fpga_0  {rise@0.000ns fall@10.000ns period=20.000ns})
  Destination:            design_1_i/axi_interconnect_0/m01_couplers/auto_pc/inst/gen_axi4_axi3.axi3_conv_inst/USE_READ.USE_SPLIT_R.read_addr_inst/USE_R_CHANNEL.cmd_queue/inst/fifo_gen_inst/inst_fifo_gen/gconvfifo.rf/grf.rf/gntv_or_sync_fifo.gl0.rd/gr1.gr1_int.rfwft/gpregsm1.user_valid_reg/CLR
                            (recovery check against rising-edge clock clk_fpga_0  {rise@0.000ns fall@10.000ns period=20.000ns})
  Path Group:             **async_default**
  Path Type:              Recovery (Max at Slow Process Corner)
  Requirement:            20.000ns  (clk_fpga_0 rise@20.000ns - clk_fpga_0 rise@0.000ns)
  Data Path Delay:        2.846ns  (logic 0.718ns (25.228%)  route 2.128ns (74.772%))
  Logic Levels:           1  (LUT3=1)
  Clock Path Skew:        -0.045ns (DCD - SCD + CPR)
    Destination Clock Delay (DCD):    2.652ns = ( 22.652 - 20.000 ) 
    Source Clock Delay      (SCD):    2.926ns
    Clock Pessimism Removal (CPR):    0.229ns
  Clock Uncertainty:      0.302ns  ((TSJ^2 + TIJ^2)^1/2 + DJ) / 2 + PE
    Total System Jitter     (TSJ):    0.071ns
    Total Input Jitter      (TIJ):    0.600ns
    Discrete Jitter          (DJ):    0.000ns
    Phase Error              (PE):    0.000ns

    Location             Delay type                Incr(ns)  Path(ns)    Netlist Resource(s)
  -------------------------------------------------------------------    -------------------
                         (clock clk_fpga_0 rise edge)
                                                      0.000     0.000 r  
    PS7_X0Y0             PS7                          0.000     0.000 r  design_1_i/processing_system7_0/inst/PS7_i/FCLKCLK[0]
                         net (fo=1, routed)           1.193     1.193    design_1_i/processing_system7_0/inst/FCLK_CLK_unbuffered[0]
    BUFGCTRL_X0Y16       BUFG (Prop_bufg_I_O)         0.101     1.294 r  design_1_i/processing_system7_0/inst/buffer_fclk_clk_0.FCLK_CLK_0_BUFG/O
                         net (fo=8415, routed)        1.632     2.926    design_1_i/axi_interconnect_0/m01_couplers/auto_pc/inst/gen_axi4_axi3.axi3_conv_inst/USE_READ.USE_SPLIT_R.read_addr_inst/USE_R_CHANNEL.cmd_queue/inst/fifo_gen_inst/inst_fifo_gen/gconvfifo.rf/grf.rf/rstblk/ngwrdrst.grst.g7serrst.gnsckt_wrst.rst_wr_reg2_inst/dest_clk
    SLICE_X35Y75         FDPE                                         r  design_1_i/axi_interconnect_0/m01_couplers/auto_pc/inst/gen_axi4_axi3.axi3_conv_inst/USE_READ.USE_SPLIT_R.read_addr_inst/USE_R_CHANNEL.cmd_queue/inst/fifo_gen_inst/inst_fifo_gen/gconvfifo.rf/grf.rf/rstblk/ngwrdrst.grst.g7serrst.gnsckt_wrst.rst_wr_reg2_inst/arststages_ff_reg[1]/C
  -------------------------------------------------------------------    -------------------
    SLICE_X35Y75         FDPE (Prop_fdpe_C_Q)         0.419     3.345 f  design_1_i/axi_interconnect_0/m01_couplers/auto_pc/inst/gen_axi4_axi3.axi3_conv_inst/USE_READ.USE_SPLIT_R.read_addr_inst/USE_R_CHANNEL.cmd_queue/inst/fifo_gen_inst/inst_fifo_gen/gconvfifo.rf/grf.rf/rstblk/ngwrdrst.grst.g7serrst.gnsckt_wrst.rst_wr_reg2_inst/arststages_ff_reg[1]/Q
                         net (fo=2, routed)           0.887     4.232    design_1_i/axi_interconnect_0/m01_couplers/auto_pc/inst/gen_axi4_axi3.axi3_conv_inst/USE_READ.USE_SPLIT_R.read_addr_inst/USE_R_CHANNEL.cmd_queue/inst/fifo_gen_inst/inst_fifo_gen/gconvfifo.rf/grf.rf/rstblk/ngwrdrst.rst_wr_reg2
    SLICE_X34Y75         LUT3 (Prop_lut3_I2_O)        0.299     4.531 f  design_1_i/axi_interconnect_0/m01_couplers/auto_pc/inst/gen_axi4_axi3.axi3_conv_inst/USE_READ.USE_SPLIT_R.read_addr_inst/USE_R_CHANNEL.cmd_queue/inst/fifo_gen_inst/inst_fifo_gen/gconvfifo.rf/grf.rf/rstblk/gpregsm1.curr_fwft_state[1]_i_2/O
                         net (fo=33, routed)          1.241     5.772    design_1_i/axi_interconnect_0/m01_couplers/auto_pc/inst/gen_axi4_axi3.axi3_conv_inst/USE_READ.USE_SPLIT_R.read_addr_inst/USE_R_CHANNEL.cmd_queue/inst/fifo_gen_inst/inst_fifo_gen/gconvfifo.rf/grf.rf/gntv_or_sync_fifo.gl0.rd/gr1.gr1_int.rfwft/gpregsm1.user_valid_reg_0
    SLICE_X35Y66         FDCE                                         f  design_1_i/axi_interconnect_0/m01_couplers/auto_pc/inst/gen_axi4_axi3.axi3_conv_inst/USE_READ.USE_SPLIT_R.read_addr_inst/USE_R_CHANNEL.cmd_queue/inst/fifo_gen_inst/inst_fifo_gen/gconvfifo.rf/grf.rf/gntv_or_sync_fifo.gl0.rd/gr1.gr1_int.rfwft/gpregsm1.user_valid_reg/CLR
  -------------------------------------------------------------------    -------------------

                         (clock clk_fpga_0 rise edge)
                                                     20.000    20.000 r  
    PS7_X0Y0             PS7                          0.000    20.000 r  design_1_i/processing_system7_0/inst/PS7_i/FCLKCLK[0]
                         net (fo=1, routed)           1.088    21.088    design_1_i/processing_system7_0/inst/FCLK_CLK_unbuffered[0]
    BUFGCTRL_X0Y16       BUFG (Prop_bufg_I_O)         0.091    21.179 r  design_1_i/processing_system7_0/inst/buffer_fclk_clk_0.FCLK_CLK_0_BUFG/O
                         net (fo=8415, routed)        1.473    22.652    design_1_i/axi_interconnect_0/m01_couplers/auto_pc/inst/gen_axi4_axi3.axi3_conv_inst/USE_READ.USE_SPLIT_R.read_addr_inst/USE_R_CHANNEL.cmd_queue/inst/fifo_gen_inst/inst_fifo_gen/gconvfifo.rf/grf.rf/gntv_or_sync_fifo.gl0.rd/gr1.gr1_int.rfwft/clk
    SLICE_X35Y66         FDCE                                         r  design_1_i/axi_interconnect_0/m01_couplers/auto_pc/inst/gen_axi4_axi3.axi3_conv_inst/USE_READ.USE_SPLIT_R.read_addr_inst/USE_R_CHANNEL.cmd_queue/inst/fifo_gen_inst/inst_fifo_gen/gconvfifo.rf/grf.rf/gntv_or_sync_fifo.gl0.rd/gr1.gr1_int.rfwft/gpregsm1.user_valid_reg/C
                         clock pessimism              0.229    22.881    
                         clock uncertainty           -0.302    22.579    
    SLICE_X35Y66         FDCE (Recov_fdce_C_CLR)     -0.405    22.174    design_1_i/axi_interconnect_0/m01_couplers/auto_pc/inst/gen_axi4_axi3.axi3_conv_inst/USE_READ.USE_SPLIT_R.read_addr_inst/USE_R_CHANNEL.cmd_queue/inst/fifo_gen_inst/inst_fifo_gen/gconvfifo.rf/grf.rf/gntv_or_sync_fifo.gl0.rd/gr1.gr1_int.rfwft/gpregsm1.user_valid_reg
  -------------------------------------------------------------------
                         required time                         22.174    
                         arrival time                          -5.772    
  -------------------------------------------------------------------
                         slack                                 16.402    

Slack (MET) :             16.406ns  (required time - arrival time)
  Source:                 design_1_i/axi_interconnect_0/m01_couplers/auto_pc/inst/gen_axi4_axi3.axi3_conv_inst/USE_WRITE.write_addr_inst/USE_BURSTS.cmd_queue/inst/fifo_gen_inst/inst_fifo_gen/gconvfifo.rf/grf.rf/rstblk/ngwrdrst.grst.g7serrst.gnsckt_wrst.rst_wr_reg2_inst/arststages_ff_reg[1]/C
                            (rising edge-triggered cell FDPE clocked by clk_fpga_0  {rise@0.000ns fall@10.000ns period=20.000ns})
  Destination:            design_1_i/axi_interconnect_0/m01_couplers/auto_pc/inst/gen_axi4_axi3.axi3_conv_inst/USE_WRITE.write_addr_inst/USE_BURSTS.cmd_queue/inst/fifo_gen_inst/inst_fifo_gen/gconvfifo.rf/grf.rf/gntv_or_sync_fifo.gl0.rd/rpntr/gc0.count_d1_reg[1]/CLR
                            (recovery check against rising-edge clock clk_fpga_0  {rise@0.000ns fall@10.000ns period=20.000ns})
  Path Group:             **async_default**
  Path Type:              Recovery (Max at Slow Process Corner)
  Requirement:            20.000ns  (clk_fpga_0 rise@20.000ns - clk_fpga_0 rise@0.000ns)
  Data Path Delay:        2.834ns  (logic 0.718ns (25.337%)  route 2.116ns (74.663%))
  Logic Levels:           1  (LUT3=1)
  Clock Path Skew:        -0.053ns (DCD - SCD + CPR)
    Destination Clock Delay (DCD):    2.646ns = ( 22.646 - 20.000 ) 
    Source Clock Delay      (SCD):    2.928ns
    Clock Pessimism Removal (CPR):    0.229ns
  Clock Uncertainty:      0.302ns  ((TSJ^2 + TIJ^2)^1/2 + DJ) / 2 + PE
    Total System Jitter     (TSJ):    0.071ns
    Total Input Jitter      (TIJ):    0.600ns
    Discrete Jitter          (DJ):    0.000ns
    Phase Error              (PE):    0.000ns

    Location             Delay type                Incr(ns)  Path(ns)    Netlist Resource(s)
  -------------------------------------------------------------------    -------------------
                         (clock clk_fpga_0 rise edge)
                                                      0.000     0.000 r  
    PS7_X0Y0             PS7                          0.000     0.000 r  design_1_i/processing_system7_0/inst/PS7_i/FCLKCLK[0]
                         net (fo=1, routed)           1.193     1.193    design_1_i/processing_system7_0/inst/FCLK_CLK_unbuffered[0]
    BUFGCTRL_X0Y16       BUFG (Prop_bufg_I_O)         0.101     1.294 r  design_1_i/processing_system7_0/inst/buffer_fclk_clk_0.FCLK_CLK_0_BUFG/O
                         net (fo=8415, routed)        1.634     2.928    design_1_i/axi_interconnect_0/m01_couplers/auto_pc/inst/gen_axi4_axi3.axi3_conv_inst/USE_WRITE.write_addr_inst/USE_BURSTS.cmd_queue/inst/fifo_gen_inst/inst_fifo_gen/gconvfifo.rf/grf.rf/rstblk/ngwrdrst.grst.g7serrst.gnsckt_wrst.rst_wr_reg2_inst/dest_clk
    SLICE_X33Y73         FDPE                                         r  design_1_i/axi_interconnect_0/m01_couplers/auto_pc/inst/gen_axi4_axi3.axi3_conv_inst/USE_WRITE.write_addr_inst/USE_BURSTS.cmd_queue/inst/fifo_gen_inst/inst_fifo_gen/gconvfifo.rf/grf.rf/rstblk/ngwrdrst.grst.g7serrst.gnsckt_wrst.rst_wr_reg2_inst/arststages_ff_reg[1]/C
  -------------------------------------------------------------------    -------------------
    SLICE_X33Y73         FDPE (Prop_fdpe_C_Q)         0.419     3.347 f  design_1_i/axi_interconnect_0/m01_couplers/auto_pc/inst/gen_axi4_axi3.axi3_conv_inst/USE_WRITE.write_addr_inst/USE_BURSTS.cmd_queue/inst/fifo_gen_inst/inst_fifo_gen/gconvfifo.rf/grf.rf/rstblk/ngwrdrst.grst.g7serrst.gnsckt_wrst.rst_wr_reg2_inst/arststages_ff_reg[1]/Q
                         net (fo=3, routed)           0.874     4.221    design_1_i/axi_interconnect_0/m01_couplers/auto_pc/inst/gen_axi4_axi3.axi3_conv_inst/USE_WRITE.write_addr_inst/USE_BURSTS.cmd_queue/inst/fifo_gen_inst/inst_fifo_gen/gconvfifo.rf/grf.rf/rstblk/ngwrdrst.rst_wr_reg2
    SLICE_X33Y73         LUT3 (Prop_lut3_I2_O)        0.299     4.520 f  design_1_i/axi_interconnect_0/m01_couplers/auto_pc/inst/gen_axi4_axi3.axi3_conv_inst/USE_WRITE.write_addr_inst/USE_BURSTS.cmd_queue/inst/fifo_gen_inst/inst_fifo_gen/gconvfifo.rf/grf.rf/rstblk/gpregsm1.curr_fwft_state[1]_i_2/O
                         net (fo=32, routed)          1.241     5.762    design_1_i/axi_interconnect_0/m01_couplers/auto_pc/inst/gen_axi4_axi3.axi3_conv_inst/USE_WRITE.write_addr_inst/USE_BURSTS.cmd_queue/inst/fifo_gen_inst/inst_fifo_gen/gconvfifo.rf/grf.rf/gntv_or_sync_fifo.gl0.rd/rpntr/gc0.count_d1_reg[4]_1
    SLICE_X37Y71         FDCE                                         f  design_1_i/axi_interconnect_0/m01_couplers/auto_pc/inst/gen_axi4_axi3.axi3_conv_inst/USE_WRITE.write_addr_inst/USE_BURSTS.cmd_queue/inst/fifo_gen_inst/inst_fifo_gen/gconvfifo.rf/grf.rf/gntv_or_sync_fifo.gl0.rd/rpntr/gc0.count_d1_reg[1]/CLR
  -------------------------------------------------------------------    -------------------

                         (clock clk_fpga_0 rise edge)
                                                     20.000    20.000 r  
    PS7_X0Y0             PS7                          0.000    20.000 r  design_1_i/processing_system7_0/inst/PS7_i/FCLKCLK[0]
                         net (fo=1, routed)           1.088    21.088    design_1_i/processing_system7_0/inst/FCLK_CLK_unbuffered[0]
    BUFGCTRL_X0Y16       BUFG (Prop_bufg_I_O)         0.091    21.179 r  design_1_i/processing_system7_0/inst/buffer_fclk_clk_0.FCLK_CLK_0_BUFG/O
                         net (fo=8415, routed)        1.467    22.646    design_1_i/axi_interconnect_0/m01_couplers/auto_pc/inst/gen_axi4_axi3.axi3_conv_inst/USE_WRITE.write_addr_inst/USE_BURSTS.cmd_queue/inst/fifo_gen_inst/inst_fifo_gen/gconvfifo.rf/grf.rf/gntv_or_sync_fifo.gl0.rd/rpntr/clk
    SLICE_X37Y71         FDCE                                         r  design_1_i/axi_interconnect_0/m01_couplers/auto_pc/inst/gen_axi4_axi3.axi3_conv_inst/USE_WRITE.write_addr_inst/USE_BURSTS.cmd_queue/inst/fifo_gen_inst/inst_fifo_gen/gconvfifo.rf/grf.rf/gntv_or_sync_fifo.gl0.rd/rpntr/gc0.count_d1_reg[1]/C
                         clock pessimism              0.229    22.875    
                         clock uncertainty           -0.302    22.573    
    SLICE_X37Y71         FDCE (Recov_fdce_C_CLR)     -0.405    22.168    design_1_i/axi_interconnect_0/m01_couplers/auto_pc/inst/gen_axi4_axi3.axi3_conv_inst/USE_WRITE.write_addr_inst/USE_BURSTS.cmd_queue/inst/fifo_gen_inst/inst_fifo_gen/gconvfifo.rf/grf.rf/gntv_or_sync_fifo.gl0.rd/rpntr/gc0.count_d1_reg[1]
  -------------------------------------------------------------------
                         required time                         22.168    
                         arrival time                          -5.762    
  -------------------------------------------------------------------
                         slack                                 16.406    





Min Delay Paths
--------------------------------------------------------------------------------------
Slack (MET) :             0.564ns  (arrival time - required time)
  Source:                 design_1_i/axi_interconnect_0/m00_couplers/auto_pc/inst/gen_axi4_axi3.axi3_conv_inst/USE_WRITE.write_addr_inst/USE_B_CHANNEL.cmd_b_queue/inst/fifo_gen_inst/inst_fifo_gen/gconvfifo.rf/grf.rf/rstblk/ngwrdrst.grst.g7serrst.gnsckt_wrst.gcc_rst.sckt_wr_rst_cc_reg[1]/C
                            (rising edge-triggered cell FDRE clocked by clk_fpga_0  {rise@0.000ns fall@10.000ns period=20.000ns})
  Destination:            design_1_i/axi_interconnect_0/m00_couplers/auto_pc/inst/gen_axi4_axi3.axi3_conv_inst/USE_WRITE.write_addr_inst/USE_B_CHANNEL.cmd_b_queue/inst/fifo_gen_inst/inst_fifo_gen/gconvfifo.rf/grf.rf/gntv_or_sync_fifo.gl0.rd/gr1.gr1_int.rfwft/aempty_fwft_fb_i_reg/PRE
                            (removal check against rising-edge clock clk_fpga_0  {rise@0.000ns fall@10.000ns period=20.000ns})
  Path Group:             **async_default**
  Path Type:              Removal (Min at Fast Process Corner)
  Requirement:            0.000ns  (clk_fpga_0 rise@0.000ns - clk_fpga_0 rise@0.000ns)
  Data Path Delay:        0.485ns  (logic 0.186ns (38.332%)  route 0.299ns (61.668%))
  Logic Levels:           1  (LUT3=1)
  Clock Path Skew:        0.016ns (DCD - SCD - CPR)
    Destination Clock Delay (DCD):    1.211ns
    Source Clock Delay      (SCD):    0.911ns
    Clock Pessimism Removal (CPR):    0.284ns

    Location             Delay type                Incr(ns)  Path(ns)    Netlist Resource(s)
  -------------------------------------------------------------------    -------------------
                         (clock clk_fpga_0 rise edge)
                                                      0.000     0.000 r  
    PS7_X0Y0             PS7                          0.000     0.000 r  design_1_i/processing_system7_0/inst/PS7_i/FCLKCLK[0]
                         net (fo=1, routed)           0.310     0.310    design_1_i/processing_system7_0/inst/FCLK_CLK_unbuffered[0]
    BUFGCTRL_X0Y16       BUFG (Prop_bufg_I_O)         0.026     0.336 r  design_1_i/processing_system7_0/inst/buffer_fclk_clk_0.FCLK_CLK_0_BUFG/O
                         net (fo=8415, routed)        0.575     0.911    design_1_i/axi_interconnect_0/m00_couplers/auto_pc/inst/gen_axi4_axi3.axi3_conv_inst/USE_WRITE.write_addr_inst/USE_B_CHANNEL.cmd_b_queue/inst/fifo_gen_inst/inst_fifo_gen/gconvfifo.rf/grf.rf/rstblk/clk
    SLICE_X56Y60         FDRE                                         r  design_1_i/axi_interconnect_0/m00_couplers/auto_pc/inst/gen_axi4_axi3.axi3_conv_inst/USE_WRITE.write_addr_inst/USE_B_CHANNEL.cmd_b_queue/inst/fifo_gen_inst/inst_fifo_gen/gconvfifo.rf/grf.rf/rstblk/ngwrdrst.grst.g7serrst.gnsckt_wrst.gcc_rst.sckt_wr_rst_cc_reg[1]/C
  -------------------------------------------------------------------    -------------------
    SLICE_X56Y60         FDRE (Prop_fdre_C_Q)         0.141     1.052 f  design_1_i/axi_interconnect_0/m00_couplers/auto_pc/inst/gen_axi4_axi3.axi3_conv_inst/USE_WRITE.write_addr_inst/USE_B_CHANNEL.cmd_b_queue/inst/fifo_gen_inst/inst_fifo_gen/gconvfifo.rf/grf.rf/rstblk/ngwrdrst.grst.g7serrst.gnsckt_wrst.gcc_rst.sckt_wr_rst_cc_reg[1]/Q
                         net (fo=2, routed)           0.164     1.215    design_1_i/axi_interconnect_0/m00_couplers/auto_pc/inst/gen_axi4_axi3.axi3_conv_inst/USE_WRITE.write_addr_inst/USE_B_CHANNEL.cmd_b_queue/inst/fifo_gen_inst/inst_fifo_gen/gconvfifo.rf/grf.rf/rstblk/ngwrdrst.grst.g7serrst.gnsckt_wrst.gcc_rst.sckt_wr_rst_cc[1]
    SLICE_X56Y60         LUT3 (Prop_lut3_I0_O)        0.045     1.260 f  design_1_i/axi_interconnect_0/m00_couplers/auto_pc/inst/gen_axi4_axi3.axi3_conv_inst/USE_WRITE.write_addr_inst/USE_B_CHANNEL.cmd_b_queue/inst/fifo_gen_inst/inst_fifo_gen/gconvfifo.rf/grf.rf/rstblk/gpregsm1.curr_fwft_state[1]_i_2/O
                         net (fo=32, routed)          0.136     1.396    design_1_i/axi_interconnect_0/m00_couplers/auto_pc/inst/gen_axi4_axi3.axi3_conv_inst/USE_WRITE.write_addr_inst/USE_B_CHANNEL.cmd_b_queue/inst/fifo_gen_inst/inst_fifo_gen/gconvfifo.rf/grf.rf/gntv_or_sync_fifo.gl0.rd/gr1.gr1_int.rfwft/gpregsm1.user_valid_reg_0
    SLICE_X57Y61         FDPE                                         f  design_1_i/axi_interconnect_0/m00_couplers/auto_pc/inst/gen_axi4_axi3.axi3_conv_inst/USE_WRITE.write_addr_inst/USE_B_CHANNEL.cmd_b_queue/inst/fifo_gen_inst/inst_fifo_gen/gconvfifo.rf/grf.rf/gntv_or_sync_fifo.gl0.rd/gr1.gr1_int.rfwft/aempty_fwft_fb_i_reg/PRE
  -------------------------------------------------------------------    -------------------

                         (clock clk_fpga_0 rise edge)
                                                      0.000     0.000 r  
    PS7_X0Y0             PS7                          0.000     0.000 r  design_1_i/processing_system7_0/inst/PS7_i/FCLKCLK[0]
                         net (fo=1, routed)           0.337     0.337    design_1_i/processing_system7_0/inst/FCLK_CLK_unbuffered[0]
    BUFGCTRL_X0Y16       BUFG (Prop_bufg_I_O)         0.029     0.366 r  design_1_i/processing_system7_0/inst/buffer_fclk_clk_0.FCLK_CLK_0_BUFG/O
                         net (fo=8415, routed)        0.845     1.211    design_1_i/axi_interconnect_0/m00_couplers/auto_pc/inst/gen_axi4_axi3.axi3_conv_inst/USE_WRITE.write_addr_inst/USE_B_CHANNEL.cmd_b_queue/inst/fifo_gen_inst/inst_fifo_gen/gconvfifo.rf/grf.rf/gntv_or_sync_fifo.gl0.rd/gr1.gr1_int.rfwft/clk
    SLICE_X57Y61         FDPE                                         r  design_1_i/axi_interconnect_0/m00_couplers/auto_pc/inst/gen_axi4_axi3.axi3_conv_inst/USE_WRITE.write_addr_inst/USE_B_CHANNEL.cmd_b_queue/inst/fifo_gen_inst/inst_fifo_gen/gconvfifo.rf/grf.rf/gntv_or_sync_fifo.gl0.rd/gr1.gr1_int.rfwft/aempty_fwft_fb_i_reg/C
                         clock pessimism             -0.284     0.927    
    SLICE_X57Y61         FDPE (Remov_fdpe_C_PRE)     -0.095     0.832    design_1_i/axi_interconnect_0/m00_couplers/auto_pc/inst/gen_axi4_axi3.axi3_conv_inst/USE_WRITE.write_addr_inst/USE_B_CHANNEL.cmd_b_queue/inst/fifo_gen_inst/inst_fifo_gen/gconvfifo.rf/grf.rf/gntv_or_sync_fifo.gl0.rd/gr1.gr1_int.rfwft/aempty_fwft_fb_i_reg
  -------------------------------------------------------------------
                         required time                         -0.832    
                         arrival time                           1.396    
  -------------------------------------------------------------------
                         slack                                  0.564    

Slack (MET) :             0.564ns  (arrival time - required time)
  Source:                 design_1_i/axi_interconnect_0/m00_couplers/auto_pc/inst/gen_axi4_axi3.axi3_conv_inst/USE_WRITE.write_addr_inst/USE_B_CHANNEL.cmd_b_queue/inst/fifo_gen_inst/inst_fifo_gen/gconvfifo.rf/grf.rf/rstblk/ngwrdrst.grst.g7serrst.gnsckt_wrst.gcc_rst.sckt_wr_rst_cc_reg[1]/C
                            (rising edge-triggered cell FDRE clocked by clk_fpga_0  {rise@0.000ns fall@10.000ns period=20.000ns})
  Destination:            design_1_i/axi_interconnect_0/m00_couplers/auto_pc/inst/gen_axi4_axi3.axi3_conv_inst/USE_WRITE.write_addr_inst/USE_B_CHANNEL.cmd_b_queue/inst/fifo_gen_inst/inst_fifo_gen/gconvfifo.rf/grf.rf/gntv_or_sync_fifo.gl0.rd/gr1.gr1_int.rfwft/aempty_fwft_i_reg/PRE
                            (removal check against rising-edge clock clk_fpga_0  {rise@0.000ns fall@10.000ns period=20.000ns})
  Path Group:             **async_default**
  Path Type:              Removal (Min at Fast Process Corner)
  Requirement:            0.000ns  (clk_fpga_0 rise@0.000ns - clk_fpga_0 rise@0.000ns)
  Data Path Delay:        0.485ns  (logic 0.186ns (38.332%)  route 0.299ns (61.668%))
  Logic Levels:           1  (LUT3=1)
  Clock Path Skew:        0.016ns (DCD - SCD - CPR)
    Destination Clock Delay (DCD):    1.211ns
    Source Clock Delay      (SCD):    0.911ns
    Clock Pessimism Removal (CPR):    0.284ns

    Location             Delay type                Incr(ns)  Path(ns)    Netlist Resource(s)
  -------------------------------------------------------------------    -------------------
                         (clock clk_fpga_0 rise edge)
                                                      0.000     0.000 r  
    PS7_X0Y0             PS7                          0.000     0.000 r  design_1_i/processing_system7_0/inst/PS7_i/FCLKCLK[0]
                         net (fo=1, routed)           0.310     0.310    design_1_i/processing_system7_0/inst/FCLK_CLK_unbuffered[0]
    BUFGCTRL_X0Y16       BUFG (Prop_bufg_I_O)         0.026     0.336 r  design_1_i/processing_system7_0/inst/buffer_fclk_clk_0.FCLK_CLK_0_BUFG/O
                         net (fo=8415, routed)        0.575     0.911    design_1_i/axi_interconnect_0/m00_couplers/auto_pc/inst/gen_axi4_axi3.axi3_conv_inst/USE_WRITE.write_addr_inst/USE_B_CHANNEL.cmd_b_queue/inst/fifo_gen_inst/inst_fifo_gen/gconvfifo.rf/grf.rf/rstblk/clk
    SLICE_X56Y60         FDRE                                         r  design_1_i/axi_interconnect_0/m00_couplers/auto_pc/inst/gen_axi4_axi3.axi3_conv_inst/USE_WRITE.write_addr_inst/USE_B_CHANNEL.cmd_b_queue/inst/fifo_gen_inst/inst_fifo_gen/gconvfifo.rf/grf.rf/rstblk/ngwrdrst.grst.g7serrst.gnsckt_wrst.gcc_rst.sckt_wr_rst_cc_reg[1]/C
  -------------------------------------------------------------------    -------------------
    SLICE_X56Y60         FDRE (Prop_fdre_C_Q)         0.141     1.052 f  design_1_i/axi_interconnect_0/m00_couplers/auto_pc/inst/gen_axi4_axi3.axi3_conv_inst/USE_WRITE.write_addr_inst/USE_B_CHANNEL.cmd_b_queue/inst/fifo_gen_inst/inst_fifo_gen/gconvfifo.rf/grf.rf/rstblk/ngwrdrst.grst.g7serrst.gnsckt_wrst.gcc_rst.sckt_wr_rst_cc_reg[1]/Q
                         net (fo=2, routed)           0.164     1.215    design_1_i/axi_interconnect_0/m00_couplers/auto_pc/inst/gen_axi4_axi3.axi3_conv_inst/USE_WRITE.write_addr_inst/USE_B_CHANNEL.cmd_b_queue/inst/fifo_gen_inst/inst_fifo_gen/gconvfifo.rf/grf.rf/rstblk/ngwrdrst.grst.g7serrst.gnsckt_wrst.gcc_rst.sckt_wr_rst_cc[1]
    SLICE_X56Y60         LUT3 (Prop_lut3_I0_O)        0.045     1.260 f  design_1_i/axi_interconnect_0/m00_couplers/auto_pc/inst/gen_axi4_axi3.axi3_conv_inst/USE_WRITE.write_addr_inst/USE_B_CHANNEL.cmd_b_queue/inst/fifo_gen_inst/inst_fifo_gen/gconvfifo.rf/grf.rf/rstblk/gpregsm1.curr_fwft_state[1]_i_2/O
                         net (fo=32, routed)          0.136     1.396    design_1_i/axi_interconnect_0/m00_couplers/auto_pc/inst/gen_axi4_axi3.axi3_conv_inst/USE_WRITE.write_addr_inst/USE_B_CHANNEL.cmd_b_queue/inst/fifo_gen_inst/inst_fifo_gen/gconvfifo.rf/grf.rf/gntv_or_sync_fifo.gl0.rd/gr1.gr1_int.rfwft/gpregsm1.user_valid_reg_0
    SLICE_X57Y61         FDPE                                         f  design_1_i/axi_interconnect_0/m00_couplers/auto_pc/inst/gen_axi4_axi3.axi3_conv_inst/USE_WRITE.write_addr_inst/USE_B_CHANNEL.cmd_b_queue/inst/fifo_gen_inst/inst_fifo_gen/gconvfifo.rf/grf.rf/gntv_or_sync_fifo.gl0.rd/gr1.gr1_int.rfwft/aempty_fwft_i_reg/PRE
  -------------------------------------------------------------------    -------------------

                         (clock clk_fpga_0 rise edge)
                                                      0.000     0.000 r  
    PS7_X0Y0             PS7                          0.000     0.000 r  design_1_i/processing_system7_0/inst/PS7_i/FCLKCLK[0]
                         net (fo=1, routed)           0.337     0.337    design_1_i/processing_system7_0/inst/FCLK_CLK_unbuffered[0]
    BUFGCTRL_X0Y16       BUFG (Prop_bufg_I_O)         0.029     0.366 r  design_1_i/processing_system7_0/inst/buffer_fclk_clk_0.FCLK_CLK_0_BUFG/O
                         net (fo=8415, routed)        0.845     1.211    design_1_i/axi_interconnect_0/m00_couplers/auto_pc/inst/gen_axi4_axi3.axi3_conv_inst/USE_WRITE.write_addr_inst/USE_B_CHANNEL.cmd_b_queue/inst/fifo_gen_inst/inst_fifo_gen/gconvfifo.rf/grf.rf/gntv_or_sync_fifo.gl0.rd/gr1.gr1_int.rfwft/clk
    SLICE_X57Y61         FDPE                                         r  design_1_i/axi_interconnect_0/m00_couplers/auto_pc/inst/gen_axi4_axi3.axi3_conv_inst/USE_WRITE.write_addr_inst/USE_B_CHANNEL.cmd_b_queue/inst/fifo_gen_inst/inst_fifo_gen/gconvfifo.rf/grf.rf/gntv_or_sync_fifo.gl0.rd/gr1.gr1_int.rfwft/aempty_fwft_i_reg/C
                         clock pessimism             -0.284     0.927    
    SLICE_X57Y61         FDPE (Remov_fdpe_C_PRE)     -0.095     0.832    design_1_i/axi_interconnect_0/m00_couplers/auto_pc/inst/gen_axi4_axi3.axi3_conv_inst/USE_WRITE.write_addr_inst/USE_B_CHANNEL.cmd_b_queue/inst/fifo_gen_inst/inst_fifo_gen/gconvfifo.rf/grf.rf/gntv_or_sync_fifo.gl0.rd/gr1.gr1_int.rfwft/aempty_fwft_i_reg
  -------------------------------------------------------------------
                         required time                         -0.832    
                         arrival time                           1.396    
  -------------------------------------------------------------------
                         slack                                  0.564    

Slack (MET) :             0.566ns  (arrival time - required time)
  Source:                 design_1_i/axi_interconnect_0/m00_couplers/auto_pc/inst/gen_axi4_axi3.axi3_conv_inst/USE_WRITE.write_addr_inst/USE_B_CHANNEL.cmd_b_queue/inst/fifo_gen_inst/inst_fifo_gen/gconvfifo.rf/grf.rf/rstblk/ngwrdrst.grst.g7serrst.gnsckt_wrst.gcc_rst.sckt_wr_rst_cc_reg[1]/C
                            (rising edge-triggered cell FDRE clocked by clk_fpga_0  {rise@0.000ns fall@10.000ns period=20.000ns})
  Destination:            design_1_i/axi_interconnect_0/m00_couplers/auto_pc/inst/gen_axi4_axi3.axi3_conv_inst/USE_WRITE.write_addr_inst/USE_B_CHANNEL.cmd_b_queue/inst/fifo_gen_inst/inst_fifo_gen/gconvfifo.rf/grf.rf/gntv_or_sync_fifo.gl0.rd/gr1.gr1_int.rfwft/gpregsm1.curr_fwft_state_reg[0]/CLR
                            (removal check against rising-edge clock clk_fpga_0  {rise@0.000ns fall@10.000ns period=20.000ns})
  Path Group:             **async_default**
  Path Type:              Removal (Min at Fast Process Corner)
  Requirement:            0.000ns  (clk_fpga_0 rise@0.000ns - clk_fpga_0 rise@0.000ns)
  Data Path Delay:        0.490ns  (logic 0.186ns (37.991%)  route 0.304ns (62.009%))
  Logic Levels:           1  (LUT3=1)
  Clock Path Skew:        0.016ns (DCD - SCD - CPR)
    Destination Clock Delay (DCD):    1.211ns
    Source Clock Delay      (SCD):    0.911ns
    Clock Pessimism Removal (CPR):    0.284ns

    Location             Delay type                Incr(ns)  Path(ns)    Netlist Resource(s)
  -------------------------------------------------------------------    -------------------
                         (clock clk_fpga_0 rise edge)
                                                      0.000     0.000 r  
    PS7_X0Y0             PS7                          0.000     0.000 r  design_1_i/processing_system7_0/inst/PS7_i/FCLKCLK[0]
                         net (fo=1, routed)           0.310     0.310    design_1_i/processing_system7_0/inst/FCLK_CLK_unbuffered[0]
    BUFGCTRL_X0Y16       BUFG (Prop_bufg_I_O)         0.026     0.336 r  design_1_i/processing_system7_0/inst/buffer_fclk_clk_0.FCLK_CLK_0_BUFG/O
                         net (fo=8415, routed)        0.575     0.911    design_1_i/axi_interconnect_0/m00_couplers/auto_pc/inst/gen_axi4_axi3.axi3_conv_inst/USE_WRITE.write_addr_inst/USE_B_CHANNEL.cmd_b_queue/inst/fifo_gen_inst/inst_fifo_gen/gconvfifo.rf/grf.rf/rstblk/clk
    SLICE_X56Y60         FDRE                                         r  design_1_i/axi_interconnect_0/m00_couplers/auto_pc/inst/gen_axi4_axi3.axi3_conv_inst/USE_WRITE.write_addr_inst/USE_B_CHANNEL.cmd_b_queue/inst/fifo_gen_inst/inst_fifo_gen/gconvfifo.rf/grf.rf/rstblk/ngwrdrst.grst.g7serrst.gnsckt_wrst.gcc_rst.sckt_wr_rst_cc_reg[1]/C
  -------------------------------------------------------------------    -------------------
    SLICE_X56Y60         FDRE (Prop_fdre_C_Q)         0.141     1.052 f  design_1_i/axi_interconnect_0/m00_couplers/auto_pc/inst/gen_axi4_axi3.axi3_conv_inst/USE_WRITE.write_addr_inst/USE_B_CHANNEL.cmd_b_queue/inst/fifo_gen_inst/inst_fifo_gen/gconvfifo.rf/grf.rf/rstblk/ngwrdrst.grst.g7serrst.gnsckt_wrst.gcc_rst.sckt_wr_rst_cc_reg[1]/Q
                         net (fo=2, routed)           0.164     1.215    design_1_i/axi_interconnect_0/m00_couplers/auto_pc/inst/gen_axi4_axi3.axi3_conv_inst/USE_WRITE.write_addr_inst/USE_B_CHANNEL.cmd_b_queue/inst/fifo_gen_inst/inst_fifo_gen/gconvfifo.rf/grf.rf/rstblk/ngwrdrst.grst.g7serrst.gnsckt_wrst.gcc_rst.sckt_wr_rst_cc[1]
    SLICE_X56Y60         LUT3 (Prop_lut3_I0_O)        0.045     1.260 f  design_1_i/axi_interconnect_0/m00_couplers/auto_pc/inst/gen_axi4_axi3.axi3_conv_inst/USE_WRITE.write_addr_inst/USE_B_CHANNEL.cmd_b_queue/inst/fifo_gen_inst/inst_fifo_gen/gconvfifo.rf/grf.rf/rstblk/gpregsm1.curr_fwft_state[1]_i_2/O
                         net (fo=32, routed)          0.140     1.400    design_1_i/axi_interconnect_0/m00_couplers/auto_pc/inst/gen_axi4_axi3.axi3_conv_inst/USE_WRITE.write_addr_inst/USE_B_CHANNEL.cmd_b_queue/inst/fifo_gen_inst/inst_fifo_gen/gconvfifo.rf/grf.rf/gntv_or_sync_fifo.gl0.rd/gr1.gr1_int.rfwft/gpregsm1.user_valid_reg_0
    SLICE_X56Y61         FDCE                                         f  design_1_i/axi_interconnect_0/m00_couplers/auto_pc/inst/gen_axi4_axi3.axi3_conv_inst/USE_WRITE.write_addr_inst/USE_B_CHANNEL.cmd_b_queue/inst/fifo_gen_inst/inst_fifo_gen/gconvfifo.rf/grf.rf/gntv_or_sync_fifo.gl0.rd/gr1.gr1_int.rfwft/gpregsm1.curr_fwft_state_reg[0]/CLR
  -------------------------------------------------------------------    -------------------

                         (clock clk_fpga_0 rise edge)
                                                      0.000     0.000 r  
    PS7_X0Y0             PS7                          0.000     0.000 r  design_1_i/processing_system7_0/inst/PS7_i/FCLKCLK[0]
                         net (fo=1, routed)           0.337     0.337    design_1_i/processing_system7_0/inst/FCLK_CLK_unbuffered[0]
    BUFGCTRL_X0Y16       BUFG (Prop_bufg_I_O)         0.029     0.366 r  design_1_i/processing_system7_0/inst/buffer_fclk_clk_0.FCLK_CLK_0_BUFG/O
                         net (fo=8415, routed)        0.845     1.211    design_1_i/axi_interconnect_0/m00_couplers/auto_pc/inst/gen_axi4_axi3.axi3_conv_inst/USE_WRITE.write_addr_inst/USE_B_CHANNEL.cmd_b_queue/inst/fifo_gen_inst/inst_fifo_gen/gconvfifo.rf/grf.rf/gntv_or_sync_fifo.gl0.rd/gr1.gr1_int.rfwft/clk
    SLICE_X56Y61         FDCE                                         r  design_1_i/axi_interconnect_0/m00_couplers/auto_pc/inst/gen_axi4_axi3.axi3_conv_inst/USE_WRITE.write_addr_inst/USE_B_CHANNEL.cmd_b_queue/inst/fifo_gen_inst/inst_fifo_gen/gconvfifo.rf/grf.rf/gntv_or_sync_fifo.gl0.rd/gr1.gr1_int.rfwft/gpregsm1.curr_fwft_state_reg[0]/C
                         clock pessimism             -0.284     0.927    
    SLICE_X56Y61         FDCE (Remov_fdce_C_CLR)     -0.092     0.835    design_1_i/axi_interconnect_0/m00_couplers/auto_pc/inst/gen_axi4_axi3.axi3_conv_inst/USE_WRITE.write_addr_inst/USE_B_CHANNEL.cmd_b_queue/inst/fifo_gen_inst/inst_fifo_gen/gconvfifo.rf/grf.rf/gntv_or_sync_fifo.gl0.rd/gr1.gr1_int.rfwft/gpregsm1.curr_fwft_state_reg[0]
  -------------------------------------------------------------------
                         required time                         -0.835    
                         arrival time                           1.400    
  -------------------------------------------------------------------
                         slack                                  0.566    

Slack (MET) :             0.566ns  (arrival time - required time)
  Source:                 design_1_i/axi_interconnect_0/m00_couplers/auto_pc/inst/gen_axi4_axi3.axi3_conv_inst/USE_WRITE.write_addr_inst/USE_B_CHANNEL.cmd_b_queue/inst/fifo_gen_inst/inst_fifo_gen/gconvfifo.rf/grf.rf/rstblk/ngwrdrst.grst.g7serrst.gnsckt_wrst.gcc_rst.sckt_wr_rst_cc_reg[1]/C
                            (rising edge-triggered cell FDRE clocked by clk_fpga_0  {rise@0.000ns fall@10.000ns period=20.000ns})
  Destination:            design_1_i/axi_interconnect_0/m00_couplers/auto_pc/inst/gen_axi4_axi3.axi3_conv_inst/USE_WRITE.write_addr_inst/USE_B_CHANNEL.cmd_b_queue/inst/fifo_gen_inst/inst_fifo_gen/gconvfifo.rf/grf.rf/gntv_or_sync_fifo.gl0.rd/gr1.gr1_int.rfwft/gpregsm1.curr_fwft_state_reg[1]/CLR
                            (removal check against rising-edge clock clk_fpga_0  {rise@0.000ns fall@10.000ns period=20.000ns})
  Path Group:             **async_default**
  Path Type:              Removal (Min at Fast Process Corner)
  Requirement:            0.000ns  (clk_fpga_0 rise@0.000ns - clk_fpga_0 rise@0.000ns)
  Data Path Delay:        0.490ns  (logic 0.186ns (37.991%)  route 0.304ns (62.009%))
  Logic Levels:           1  (LUT3=1)
  Clock Path Skew:        0.016ns (DCD - SCD - CPR)
    Destination Clock Delay (DCD):    1.211ns
    Source Clock Delay      (SCD):    0.911ns
    Clock Pessimism Removal (CPR):    0.284ns

    Location             Delay type                Incr(ns)  Path(ns)    Netlist Resource(s)
  -------------------------------------------------------------------    -------------------
                         (clock clk_fpga_0 rise edge)
                                                      0.000     0.000 r  
    PS7_X0Y0             PS7                          0.000     0.000 r  design_1_i/processing_system7_0/inst/PS7_i/FCLKCLK[0]
                         net (fo=1, routed)           0.310     0.310    design_1_i/processing_system7_0/inst/FCLK_CLK_unbuffered[0]
    BUFGCTRL_X0Y16       BUFG (Prop_bufg_I_O)         0.026     0.336 r  design_1_i/processing_system7_0/inst/buffer_fclk_clk_0.FCLK_CLK_0_BUFG/O
                         net (fo=8415, routed)        0.575     0.911    design_1_i/axi_interconnect_0/m00_couplers/auto_pc/inst/gen_axi4_axi3.axi3_conv_inst/USE_WRITE.write_addr_inst/USE_B_CHANNEL.cmd_b_queue/inst/fifo_gen_inst/inst_fifo_gen/gconvfifo.rf/grf.rf/rstblk/clk
    SLICE_X56Y60         FDRE                                         r  design_1_i/axi_interconnect_0/m00_couplers/auto_pc/inst/gen_axi4_axi3.axi3_conv_inst/USE_WRITE.write_addr_inst/USE_B_CHANNEL.cmd_b_queue/inst/fifo_gen_inst/inst_fifo_gen/gconvfifo.rf/grf.rf/rstblk/ngwrdrst.grst.g7serrst.gnsckt_wrst.gcc_rst.sckt_wr_rst_cc_reg[1]/C
  -------------------------------------------------------------------    -------------------
    SLICE_X56Y60         FDRE (Prop_fdre_C_Q)         0.141     1.052 f  design_1_i/axi_interconnect_0/m00_couplers/auto_pc/inst/gen_axi4_axi3.axi3_conv_inst/USE_WRITE.write_addr_inst/USE_B_CHANNEL.cmd_b_queue/inst/fifo_gen_inst/inst_fifo_gen/gconvfifo.rf/grf.rf/rstblk/ngwrdrst.grst.g7serrst.gnsckt_wrst.gcc_rst.sckt_wr_rst_cc_reg[1]/Q
                         net (fo=2, routed)           0.164     1.215    design_1_i/axi_interconnect_0/m00_couplers/auto_pc/inst/gen_axi4_axi3.axi3_conv_inst/USE_WRITE.write_addr_inst/USE_B_CHANNEL.cmd_b_queue/inst/fifo_gen_inst/inst_fifo_gen/gconvfifo.rf/grf.rf/rstblk/ngwrdrst.grst.g7serrst.gnsckt_wrst.gcc_rst.sckt_wr_rst_cc[1]
    SLICE_X56Y60         LUT3 (Prop_lut3_I0_O)        0.045     1.260 f  design_1_i/axi_interconnect_0/m00_couplers/auto_pc/inst/gen_axi4_axi3.axi3_conv_inst/USE_WRITE.write_addr_inst/USE_B_CHANNEL.cmd_b_queue/inst/fifo_gen_inst/inst_fifo_gen/gconvfifo.rf/grf.rf/rstblk/gpregsm1.curr_fwft_state[1]_i_2/O
                         net (fo=32, routed)          0.140     1.400    design_1_i/axi_interconnect_0/m00_couplers/auto_pc/inst/gen_axi4_axi3.axi3_conv_inst/USE_WRITE.write_addr_inst/USE_B_CHANNEL.cmd_b_queue/inst/fifo_gen_inst/inst_fifo_gen/gconvfifo.rf/grf.rf/gntv_or_sync_fifo.gl0.rd/gr1.gr1_int.rfwft/gpregsm1.user_valid_reg_0
    SLICE_X56Y61         FDCE                                         f  design_1_i/axi_interconnect_0/m00_couplers/auto_pc/inst/gen_axi4_axi3.axi3_conv_inst/USE_WRITE.write_addr_inst/USE_B_CHANNEL.cmd_b_queue/inst/fifo_gen_inst/inst_fifo_gen/gconvfifo.rf/grf.rf/gntv_or_sync_fifo.gl0.rd/gr1.gr1_int.rfwft/gpregsm1.curr_fwft_state_reg[1]/CLR
  -------------------------------------------------------------------    -------------------

                         (clock clk_fpga_0 rise edge)
                                                      0.000     0.000 r  
    PS7_X0Y0             PS7                          0.000     0.000 r  design_1_i/processing_system7_0/inst/PS7_i/FCLKCLK[0]
                         net (fo=1, routed)           0.337     0.337    design_1_i/processing_system7_0/inst/FCLK_CLK_unbuffered[0]
    BUFGCTRL_X0Y16       BUFG (Prop_bufg_I_O)         0.029     0.366 r  design_1_i/processing_system7_0/inst/buffer_fclk_clk_0.FCLK_CLK_0_BUFG/O
                         net (fo=8415, routed)        0.845     1.211    design_1_i/axi_interconnect_0/m00_couplers/auto_pc/inst/gen_axi4_axi3.axi3_conv_inst/USE_WRITE.write_addr_inst/USE_B_CHANNEL.cmd_b_queue/inst/fifo_gen_inst/inst_fifo_gen/gconvfifo.rf/grf.rf/gntv_or_sync_fifo.gl0.rd/gr1.gr1_int.rfwft/clk
    SLICE_X56Y61         FDCE                                         r  design_1_i/axi_interconnect_0/m00_couplers/auto_pc/inst/gen_axi4_axi3.axi3_conv_inst/USE_WRITE.write_addr_inst/USE_B_CHANNEL.cmd_b_queue/inst/fifo_gen_inst/inst_fifo_gen/gconvfifo.rf/grf.rf/gntv_or_sync_fifo.gl0.rd/gr1.gr1_int.rfwft/gpregsm1.curr_fwft_state_reg[1]/C
                         clock pessimism             -0.284     0.927    
    SLICE_X56Y61         FDCE (Remov_fdce_C_CLR)     -0.092     0.835    design_1_i/axi_interconnect_0/m00_couplers/auto_pc/inst/gen_axi4_axi3.axi3_conv_inst/USE_WRITE.write_addr_inst/USE_B_CHANNEL.cmd_b_queue/inst/fifo_gen_inst/inst_fifo_gen/gconvfifo.rf/grf.rf/gntv_or_sync_fifo.gl0.rd/gr1.gr1_int.rfwft/gpregsm1.curr_fwft_state_reg[1]
  -------------------------------------------------------------------
                         required time                         -0.835    
                         arrival time                           1.400    
  -------------------------------------------------------------------
                         slack                                  0.566    

Slack (MET) :             0.566ns  (arrival time - required time)
  Source:                 design_1_i/axi_interconnect_0/m00_couplers/auto_pc/inst/gen_axi4_axi3.axi3_conv_inst/USE_WRITE.write_addr_inst/USE_B_CHANNEL.cmd_b_queue/inst/fifo_gen_inst/inst_fifo_gen/gconvfifo.rf/grf.rf/rstblk/ngwrdrst.grst.g7serrst.gnsckt_wrst.gcc_rst.sckt_wr_rst_cc_reg[1]/C
                            (rising edge-triggered cell FDRE clocked by clk_fpga_0  {rise@0.000ns fall@10.000ns period=20.000ns})
  Destination:            design_1_i/axi_interconnect_0/m00_couplers/auto_pc/inst/gen_axi4_axi3.axi3_conv_inst/USE_WRITE.write_addr_inst/USE_B_CHANNEL.cmd_b_queue/inst/fifo_gen_inst/inst_fifo_gen/gconvfifo.rf/grf.rf/gntv_or_sync_fifo.gl0.rd/gr1.gr1_int.rfwft/gpregsm1.user_valid_reg/CLR
                            (removal check against rising-edge clock clk_fpga_0  {rise@0.000ns fall@10.000ns period=20.000ns})
  Path Group:             **async_default**
  Path Type:              Removal (Min at Fast Process Corner)
  Requirement:            0.000ns  (clk_fpga_0 rise@0.000ns - clk_fpga_0 rise@0.000ns)
  Data Path Delay:        0.490ns  (logic 0.186ns (37.991%)  route 0.304ns (62.009%))
  Logic Levels:           1  (LUT3=1)
  Clock Path Skew:        0.016ns (DCD - SCD - CPR)
    Destination Clock Delay (DCD):    1.211ns
    Source Clock Delay      (SCD):    0.911ns
    Clock Pessimism Removal (CPR):    0.284ns

    Location             Delay type                Incr(ns)  Path(ns)    Netlist Resource(s)
  -------------------------------------------------------------------    -------------------
                         (clock clk_fpga_0 rise edge)
                                                      0.000     0.000 r  
    PS7_X0Y0             PS7                          0.000     0.000 r  design_1_i/processing_system7_0/inst/PS7_i/FCLKCLK[0]
                         net (fo=1, routed)           0.310     0.310    design_1_i/processing_system7_0/inst/FCLK_CLK_unbuffered[0]
    BUFGCTRL_X0Y16       BUFG (Prop_bufg_I_O)         0.026     0.336 r  design_1_i/processing_system7_0/inst/buffer_fclk_clk_0.FCLK_CLK_0_BUFG/O
                         net (fo=8415, routed)        0.575     0.911    design_1_i/axi_interconnect_0/m00_couplers/auto_pc/inst/gen_axi4_axi3.axi3_conv_inst/USE_WRITE.write_addr_inst/USE_B_CHANNEL.cmd_b_queue/inst/fifo_gen_inst/inst_fifo_gen/gconvfifo.rf/grf.rf/rstblk/clk
    SLICE_X56Y60         FDRE                                         r  design_1_i/axi_interconnect_0/m00_couplers/auto_pc/inst/gen_axi4_axi3.axi3_conv_inst/USE_WRITE.write_addr_inst/USE_B_CHANNEL.cmd_b_queue/inst/fifo_gen_inst/inst_fifo_gen/gconvfifo.rf/grf.rf/rstblk/ngwrdrst.grst.g7serrst.gnsckt_wrst.gcc_rst.sckt_wr_rst_cc_reg[1]/C
  -------------------------------------------------------------------    -------------------
    SLICE_X56Y60         FDRE (Prop_fdre_C_Q)         0.141     1.052 f  design_1_i/axi_interconnect_0/m00_couplers/auto_pc/inst/gen_axi4_axi3.axi3_conv_inst/USE_WRITE.write_addr_inst/USE_B_CHANNEL.cmd_b_queue/inst/fifo_gen_inst/inst_fifo_gen/gconvfifo.rf/grf.rf/rstblk/ngwrdrst.grst.g7serrst.gnsckt_wrst.gcc_rst.sckt_wr_rst_cc_reg[1]/Q
                         net (fo=2, routed)           0.164     1.215    design_1_i/axi_interconnect_0/m00_couplers/auto_pc/inst/gen_axi4_axi3.axi3_conv_inst/USE_WRITE.write_addr_inst/USE_B_CHANNEL.cmd_b_queue/inst/fifo_gen_inst/inst_fifo_gen/gconvfifo.rf/grf.rf/rstblk/ngwrdrst.grst.g7serrst.gnsckt_wrst.gcc_rst.sckt_wr_rst_cc[1]
    SLICE_X56Y60         LUT3 (Prop_lut3_I0_O)        0.045     1.260 f  design_1_i/axi_interconnect_0/m00_couplers/auto_pc/inst/gen_axi4_axi3.axi3_conv_inst/USE_WRITE.write_addr_inst/USE_B_CHANNEL.cmd_b_queue/inst/fifo_gen_inst/inst_fifo_gen/gconvfifo.rf/grf.rf/rstblk/gpregsm1.curr_fwft_state[1]_i_2/O
                         net (fo=32, routed)          0.140     1.400    design_1_i/axi_interconnect_0/m00_couplers/auto_pc/inst/gen_axi4_axi3.axi3_conv_inst/USE_WRITE.write_addr_inst/USE_B_CHANNEL.cmd_b_queue/inst/fifo_gen_inst/inst_fifo_gen/gconvfifo.rf/grf.rf/gntv_or_sync_fifo.gl0.rd/gr1.gr1_int.rfwft/gpregsm1.user_valid_reg_0
    SLICE_X56Y61         FDCE                                         f  design_1_i/axi_interconnect_0/m00_couplers/auto_pc/inst/gen_axi4_axi3.axi3_conv_inst/USE_WRITE.write_addr_inst/USE_B_CHANNEL.cmd_b_queue/inst/fifo_gen_inst/inst_fifo_gen/gconvfifo.rf/grf.rf/gntv_or_sync_fifo.gl0.rd/gr1.gr1_int.rfwft/gpregsm1.user_valid_reg/CLR
  -------------------------------------------------------------------    -------------------

                         (clock clk_fpga_0 rise edge)
                                                      0.000     0.000 r  
    PS7_X0Y0             PS7                          0.000     0.000 r  design_1_i/processing_system7_0/inst/PS7_i/FCLKCLK[0]
                         net (fo=1, routed)           0.337     0.337    design_1_i/processing_system7_0/inst/FCLK_CLK_unbuffered[0]
    BUFGCTRL_X0Y16       BUFG (Prop_bufg_I_O)         0.029     0.366 r  design_1_i/processing_system7_0/inst/buffer_fclk_clk_0.FCLK_CLK_0_BUFG/O
                         net (fo=8415, routed)        0.845     1.211    design_1_i/axi_interconnect_0/m00_couplers/auto_pc/inst/gen_axi4_axi3.axi3_conv_inst/USE_WRITE.write_addr_inst/USE_B_CHANNEL.cmd_b_queue/inst/fifo_gen_inst/inst_fifo_gen/gconvfifo.rf/grf.rf/gntv_or_sync_fifo.gl0.rd/gr1.gr1_int.rfwft/clk
    SLICE_X56Y61         FDCE                                         r  design_1_i/axi_interconnect_0/m00_couplers/auto_pc/inst/gen_axi4_axi3.axi3_conv_inst/USE_WRITE.write_addr_inst/USE_B_CHANNEL.cmd_b_queue/inst/fifo_gen_inst/inst_fifo_gen/gconvfifo.rf/grf.rf/gntv_or_sync_fifo.gl0.rd/gr1.gr1_int.rfwft/gpregsm1.user_valid_reg/C
                         clock pessimism             -0.284     0.927    
    SLICE_X56Y61         FDCE (Remov_fdce_C_CLR)     -0.092     0.835    design_1_i/axi_interconnect_0/m00_couplers/auto_pc/inst/gen_axi4_axi3.axi3_conv_inst/USE_WRITE.write_addr_inst/USE_B_CHANNEL.cmd_b_queue/inst/fifo_gen_inst/inst_fifo_gen/gconvfifo.rf/grf.rf/gntv_or_sync_fifo.gl0.rd/gr1.gr1_int.rfwft/gpregsm1.user_valid_reg
  -------------------------------------------------------------------
                         required time                         -0.835    
                         arrival time                           1.400    
  -------------------------------------------------------------------
                         slack                                  0.566    

Slack (MET) :             0.569ns  (arrival time - required time)
  Source:                 design_1_i/axi_interconnect_0/m00_couplers/auto_pc/inst/gen_axi4_axi3.axi3_conv_inst/USE_WRITE.write_addr_inst/USE_B_CHANNEL.cmd_b_queue/inst/fifo_gen_inst/inst_fifo_gen/gconvfifo.rf/grf.rf/rstblk/ngwrdrst.grst.g7serrst.gnsckt_wrst.gcc_rst.sckt_wr_rst_cc_reg[1]/C
                            (rising edge-triggered cell FDRE clocked by clk_fpga_0  {rise@0.000ns fall@10.000ns period=20.000ns})
  Destination:            design_1_i/axi_interconnect_0/m00_couplers/auto_pc/inst/gen_axi4_axi3.axi3_conv_inst/USE_WRITE.write_addr_inst/USE_B_CHANNEL.cmd_b_queue/inst/fifo_gen_inst/inst_fifo_gen/gconvfifo.rf/grf.rf/gntv_or_sync_fifo.gl0.rd/gr1.gr1_int.rfwft/empty_fwft_fb_i_reg/PRE
                            (removal check against rising-edge clock clk_fpga_0  {rise@0.000ns fall@10.000ns period=20.000ns})
  Path Group:             **async_default**
  Path Type:              Removal (Min at Fast Process Corner)
  Requirement:            0.000ns  (clk_fpga_0 rise@0.000ns - clk_fpga_0 rise@0.000ns)
  Data Path Delay:        0.490ns  (logic 0.186ns (37.991%)  route 0.304ns (62.009%))
  Logic Levels:           1  (LUT3=1)
  Clock Path Skew:        0.016ns (DCD - SCD - CPR)
    Destination Clock Delay (DCD):    1.211ns
    Source Clock Delay      (SCD):    0.911ns
    Clock Pessimism Removal (CPR):    0.284ns

    Location             Delay type                Incr(ns)  Path(ns)    Netlist Resource(s)
  -------------------------------------------------------------------    -------------------
                         (clock clk_fpga_0 rise edge)
                                                      0.000     0.000 r  
    PS7_X0Y0             PS7                          0.000     0.000 r  design_1_i/processing_system7_0/inst/PS7_i/FCLKCLK[0]
                         net (fo=1, routed)           0.310     0.310    design_1_i/processing_system7_0/inst/FCLK_CLK_unbuffered[0]
    BUFGCTRL_X0Y16       BUFG (Prop_bufg_I_O)         0.026     0.336 r  design_1_i/processing_system7_0/inst/buffer_fclk_clk_0.FCLK_CLK_0_BUFG/O
                         net (fo=8415, routed)        0.575     0.911    design_1_i/axi_interconnect_0/m00_couplers/auto_pc/inst/gen_axi4_axi3.axi3_conv_inst/USE_WRITE.write_addr_inst/USE_B_CHANNEL.cmd_b_queue/inst/fifo_gen_inst/inst_fifo_gen/gconvfifo.rf/grf.rf/rstblk/clk
    SLICE_X56Y60         FDRE                                         r  design_1_i/axi_interconnect_0/m00_couplers/auto_pc/inst/gen_axi4_axi3.axi3_conv_inst/USE_WRITE.write_addr_inst/USE_B_CHANNEL.cmd_b_queue/inst/fifo_gen_inst/inst_fifo_gen/gconvfifo.rf/grf.rf/rstblk/ngwrdrst.grst.g7serrst.gnsckt_wrst.gcc_rst.sckt_wr_rst_cc_reg[1]/C
  -------------------------------------------------------------------    -------------------
    SLICE_X56Y60         FDRE (Prop_fdre_C_Q)         0.141     1.052 f  design_1_i/axi_interconnect_0/m00_couplers/auto_pc/inst/gen_axi4_axi3.axi3_conv_inst/USE_WRITE.write_addr_inst/USE_B_CHANNEL.cmd_b_queue/inst/fifo_gen_inst/inst_fifo_gen/gconvfifo.rf/grf.rf/rstblk/ngwrdrst.grst.g7serrst.gnsckt_wrst.gcc_rst.sckt_wr_rst_cc_reg[1]/Q
                         net (fo=2, routed)           0.164     1.215    design_1_i/axi_interconnect_0/m00_couplers/auto_pc/inst/gen_axi4_axi3.axi3_conv_inst/USE_WRITE.write_addr_inst/USE_B_CHANNEL.cmd_b_queue/inst/fifo_gen_inst/inst_fifo_gen/gconvfifo.rf/grf.rf/rstblk/ngwrdrst.grst.g7serrst.gnsckt_wrst.gcc_rst.sckt_wr_rst_cc[1]
    SLICE_X56Y60         LUT3 (Prop_lut3_I0_O)        0.045     1.260 f  design_1_i/axi_interconnect_0/m00_couplers/auto_pc/inst/gen_axi4_axi3.axi3_conv_inst/USE_WRITE.write_addr_inst/USE_B_CHANNEL.cmd_b_queue/inst/fifo_gen_inst/inst_fifo_gen/gconvfifo.rf/grf.rf/rstblk/gpregsm1.curr_fwft_state[1]_i_2/O
                         net (fo=32, routed)          0.140     1.400    design_1_i/axi_interconnect_0/m00_couplers/auto_pc/inst/gen_axi4_axi3.axi3_conv_inst/USE_WRITE.write_addr_inst/USE_B_CHANNEL.cmd_b_queue/inst/fifo_gen_inst/inst_fifo_gen/gconvfifo.rf/grf.rf/gntv_or_sync_fifo.gl0.rd/gr1.gr1_int.rfwft/gpregsm1.user_valid_reg_0
    SLICE_X56Y61         FDPE                                         f  design_1_i/axi_interconnect_0/m00_couplers/auto_pc/inst/gen_axi4_axi3.axi3_conv_inst/USE_WRITE.write_addr_inst/USE_B_CHANNEL.cmd_b_queue/inst/fifo_gen_inst/inst_fifo_gen/gconvfifo.rf/grf.rf/gntv_or_sync_fifo.gl0.rd/gr1.gr1_int.rfwft/empty_fwft_fb_i_reg/PRE
  -------------------------------------------------------------------    -------------------

                         (clock clk_fpga_0 rise edge)
                                                      0.000     0.000 r  
    PS7_X0Y0             PS7                          0.000     0.000 r  design_1_i/processing_system7_0/inst/PS7_i/FCLKCLK[0]
                         net (fo=1, routed)           0.337     0.337    design_1_i/processing_system7_0/inst/FCLK_CLK_unbuffered[0]
    BUFGCTRL_X0Y16       BUFG (Prop_bufg_I_O)         0.029     0.366 r  design_1_i/processing_system7_0/inst/buffer_fclk_clk_0.FCLK_CLK_0_BUFG/O
                         net (fo=8415, routed)        0.845     1.211    design_1_i/axi_interconnect_0/m00_couplers/auto_pc/inst/gen_axi4_axi3.axi3_conv_inst/USE_WRITE.write_addr_inst/USE_B_CHANNEL.cmd_b_queue/inst/fifo_gen_inst/inst_fifo_gen/gconvfifo.rf/grf.rf/gntv_or_sync_fifo.gl0.rd/gr1.gr1_int.rfwft/clk
    SLICE_X56Y61         FDPE                                         r  design_1_i/axi_interconnect_0/m00_couplers/auto_pc/inst/gen_axi4_axi3.axi3_conv_inst/USE_WRITE.write_addr_inst/USE_B_CHANNEL.cmd_b_queue/inst/fifo_gen_inst/inst_fifo_gen/gconvfifo.rf/grf.rf/gntv_or_sync_fifo.gl0.rd/gr1.gr1_int.rfwft/empty_fwft_fb_i_reg/C
                         clock pessimism             -0.284     0.927    
    SLICE_X56Y61         FDPE (Remov_fdpe_C_PRE)     -0.095     0.832    design_1_i/axi_interconnect_0/m00_couplers/auto_pc/inst/gen_axi4_axi3.axi3_conv_inst/USE_WRITE.write_addr_inst/USE_B_CHANNEL.cmd_b_queue/inst/fifo_gen_inst/inst_fifo_gen/gconvfifo.rf/grf.rf/gntv_or_sync_fifo.gl0.rd/gr1.gr1_int.rfwft/empty_fwft_fb_i_reg
  -------------------------------------------------------------------
                         required time                         -0.832    
                         arrival time                           1.400    
  -------------------------------------------------------------------
                         slack                                  0.569    

Slack (MET) :             0.593ns  (arrival time - required time)
  Source:                 design_1_i/axi_interconnect_0/m01_couplers/auto_pc/inst/gen_axi4_axi3.axi3_conv_inst/USE_WRITE.write_addr_inst/USE_BURSTS.cmd_queue/inst/fifo_gen_inst/inst_fifo_gen/gconvfifo.rf/grf.rf/rstblk/ngwrdrst.grst.g7serrst.gnsckt_wrst.gcc_rst.sckt_wr_rst_cc_reg[0]/C
                            (rising edge-triggered cell FDRE clocked by clk_fpga_0  {rise@0.000ns fall@10.000ns period=20.000ns})
  Destination:            design_1_i/axi_interconnect_0/m01_couplers/auto_pc/inst/gen_axi4_axi3.axi3_conv_inst/USE_WRITE.write_addr_inst/USE_BURSTS.cmd_queue/inst/fifo_gen_inst/inst_fifo_gen/gconvfifo.rf/grf.rf/gntv_or_sync_fifo.gl0.rd/gr1.gr1_int.rfwft/aempty_fwft_fb_i_reg/PRE
                            (removal check against rising-edge clock clk_fpga_0  {rise@0.000ns fall@10.000ns period=20.000ns})
  Path Group:             **async_default**
  Path Type:              Removal (Min at Fast Process Corner)
  Requirement:            0.000ns  (clk_fpga_0 rise@0.000ns - clk_fpga_0 rise@0.000ns)
  Data Path Delay:        0.552ns  (logic 0.209ns (37.869%)  route 0.343ns (62.131%))
  Logic Levels:           1  (LUT3=1)
  Clock Path Skew:        0.030ns (DCD - SCD - CPR)
    Destination Clock Delay (DCD):    1.176ns
    Source Clock Delay      (SCD):    0.882ns
    Clock Pessimism Removal (CPR):    0.264ns

    Location             Delay type                Incr(ns)  Path(ns)    Netlist Resource(s)
  -------------------------------------------------------------------    -------------------
                         (clock clk_fpga_0 rise edge)
                                                      0.000     0.000 r  
    PS7_X0Y0             PS7                          0.000     0.000 r  design_1_i/processing_system7_0/inst/PS7_i/FCLKCLK[0]
                         net (fo=1, routed)           0.310     0.310    design_1_i/processing_system7_0/inst/FCLK_CLK_unbuffered[0]
    BUFGCTRL_X0Y16       BUFG (Prop_bufg_I_O)         0.026     0.336 r  design_1_i/processing_system7_0/inst/buffer_fclk_clk_0.FCLK_CLK_0_BUFG/O
                         net (fo=8415, routed)        0.546     0.882    design_1_i/axi_interconnect_0/m01_couplers/auto_pc/inst/gen_axi4_axi3.axi3_conv_inst/USE_WRITE.write_addr_inst/USE_BURSTS.cmd_queue/inst/fifo_gen_inst/inst_fifo_gen/gconvfifo.rf/grf.rf/rstblk/clk
    SLICE_X32Y73         FDRE                                         r  design_1_i/axi_interconnect_0/m01_couplers/auto_pc/inst/gen_axi4_axi3.axi3_conv_inst/USE_WRITE.write_addr_inst/USE_BURSTS.cmd_queue/inst/fifo_gen_inst/inst_fifo_gen/gconvfifo.rf/grf.rf/rstblk/ngwrdrst.grst.g7serrst.gnsckt_wrst.gcc_rst.sckt_wr_rst_cc_reg[0]/C
  -------------------------------------------------------------------    -------------------
    SLICE_X32Y73         FDRE (Prop_fdre_C_Q)         0.164     1.046 f  design_1_i/axi_interconnect_0/m01_couplers/auto_pc/inst/gen_axi4_axi3.axi3_conv_inst/USE_WRITE.write_addr_inst/USE_BURSTS.cmd_queue/inst/fifo_gen_inst/inst_fifo_gen/gconvfifo.rf/grf.rf/rstblk/ngwrdrst.grst.g7serrst.gnsckt_wrst.gcc_rst.sckt_wr_rst_cc_reg[0]/Q
                         net (fo=3, routed)           0.094     1.140    design_1_i/axi_interconnect_0/m01_couplers/auto_pc/inst/gen_axi4_axi3.axi3_conv_inst/USE_WRITE.write_addr_inst/USE_BURSTS.cmd_queue/inst/fifo_gen_inst/inst_fifo_gen/gconvfifo.rf/grf.rf/rstblk/ngwrdrst.grst.g7serrst.gnsckt_wrst.gcc_rst.sckt_wr_rst_cc[0]
    SLICE_X33Y73         LUT3 (Prop_lut3_I1_O)        0.045     1.185 f  design_1_i/axi_interconnect_0/m01_couplers/auto_pc/inst/gen_axi4_axi3.axi3_conv_inst/USE_WRITE.write_addr_inst/USE_BURSTS.cmd_queue/inst/fifo_gen_inst/inst_fifo_gen/gconvfifo.rf/grf.rf/rstblk/gpregsm1.curr_fwft_state[1]_i_2/O
                         net (fo=32, routed)          0.249     1.434    design_1_i/axi_interconnect_0/m01_couplers/auto_pc/inst/gen_axi4_axi3.axi3_conv_inst/USE_WRITE.write_addr_inst/USE_BURSTS.cmd_queue/inst/fifo_gen_inst/inst_fifo_gen/gconvfifo.rf/grf.rf/gntv_or_sync_fifo.gl0.rd/gr1.gr1_int.rfwft/gpregsm1.user_valid_reg_0
    SLICE_X34Y73         FDPE                                         f  design_1_i/axi_interconnect_0/m01_couplers/auto_pc/inst/gen_axi4_axi3.axi3_conv_inst/USE_WRITE.write_addr_inst/USE_BURSTS.cmd_queue/inst/fifo_gen_inst/inst_fifo_gen/gconvfifo.rf/grf.rf/gntv_or_sync_fifo.gl0.rd/gr1.gr1_int.rfwft/aempty_fwft_fb_i_reg/PRE
  -------------------------------------------------------------------    -------------------

                         (clock clk_fpga_0 rise edge)
                                                      0.000     0.000 r  
    PS7_X0Y0             PS7                          0.000     0.000 r  design_1_i/processing_system7_0/inst/PS7_i/FCLKCLK[0]
                         net (fo=1, routed)           0.337     0.337    design_1_i/processing_system7_0/inst/FCLK_CLK_unbuffered[0]
    BUFGCTRL_X0Y16       BUFG (Prop_bufg_I_O)         0.029     0.366 r  design_1_i/processing_system7_0/inst/buffer_fclk_clk_0.FCLK_CLK_0_BUFG/O
                         net (fo=8415, routed)        0.810     1.176    design_1_i/axi_interconnect_0/m01_couplers/auto_pc/inst/gen_axi4_axi3.axi3_conv_inst/USE_WRITE.write_addr_inst/USE_BURSTS.cmd_queue/inst/fifo_gen_inst/inst_fifo_gen/gconvfifo.rf/grf.rf/gntv_or_sync_fifo.gl0.rd/gr1.gr1_int.rfwft/clk
    SLICE_X34Y73         FDPE                                         r  design_1_i/axi_interconnect_0/m01_couplers/auto_pc/inst/gen_axi4_axi3.axi3_conv_inst/USE_WRITE.write_addr_inst/USE_BURSTS.cmd_queue/inst/fifo_gen_inst/inst_fifo_gen/gconvfifo.rf/grf.rf/gntv_or_sync_fifo.gl0.rd/gr1.gr1_int.rfwft/aempty_fwft_fb_i_reg/C
                         clock pessimism             -0.264     0.912    
    SLICE_X34Y73         FDPE (Remov_fdpe_C_PRE)     -0.071     0.841    design_1_i/axi_interconnect_0/m01_couplers/auto_pc/inst/gen_axi4_axi3.axi3_conv_inst/USE_WRITE.write_addr_inst/USE_BURSTS.cmd_queue/inst/fifo_gen_inst/inst_fifo_gen/gconvfifo.rf/grf.rf/gntv_or_sync_fifo.gl0.rd/gr1.gr1_int.rfwft/aempty_fwft_fb_i_reg
  -------------------------------------------------------------------
                         required time                         -0.841    
                         arrival time                           1.434    
  -------------------------------------------------------------------
                         slack                                  0.593    

Slack (MET) :             0.593ns  (arrival time - required time)
  Source:                 design_1_i/axi_interconnect_0/m01_couplers/auto_pc/inst/gen_axi4_axi3.axi3_conv_inst/USE_WRITE.write_addr_inst/USE_BURSTS.cmd_queue/inst/fifo_gen_inst/inst_fifo_gen/gconvfifo.rf/grf.rf/rstblk/ngwrdrst.grst.g7serrst.gnsckt_wrst.gcc_rst.sckt_wr_rst_cc_reg[0]/C
                            (rising edge-triggered cell FDRE clocked by clk_fpga_0  {rise@0.000ns fall@10.000ns period=20.000ns})
  Destination:            design_1_i/axi_interconnect_0/m01_couplers/auto_pc/inst/gen_axi4_axi3.axi3_conv_inst/USE_WRITE.write_addr_inst/USE_BURSTS.cmd_queue/inst/fifo_gen_inst/inst_fifo_gen/gconvfifo.rf/grf.rf/gntv_or_sync_fifo.gl0.rd/gr1.gr1_int.rfwft/aempty_fwft_i_reg/PRE
                            (removal check against rising-edge clock clk_fpga_0  {rise@0.000ns fall@10.000ns period=20.000ns})
  Path Group:             **async_default**
  Path Type:              Removal (Min at Fast Process Corner)
  Requirement:            0.000ns  (clk_fpga_0 rise@0.000ns - clk_fpga_0 rise@0.000ns)
  Data Path Delay:        0.552ns  (logic 0.209ns (37.869%)  route 0.343ns (62.131%))
  Logic Levels:           1  (LUT3=1)
  Clock Path Skew:        0.030ns (DCD - SCD - CPR)
    Destination Clock Delay (DCD):    1.176ns
    Source Clock Delay      (SCD):    0.882ns
    Clock Pessimism Removal (CPR):    0.264ns

    Location             Delay type                Incr(ns)  Path(ns)    Netlist Resource(s)
  -------------------------------------------------------------------    -------------------
                         (clock clk_fpga_0 rise edge)
                                                      0.000     0.000 r  
    PS7_X0Y0             PS7                          0.000     0.000 r  design_1_i/processing_system7_0/inst/PS7_i/FCLKCLK[0]
                         net (fo=1, routed)           0.310     0.310    design_1_i/processing_system7_0/inst/FCLK_CLK_unbuffered[0]
    BUFGCTRL_X0Y16       BUFG (Prop_bufg_I_O)         0.026     0.336 r  design_1_i/processing_system7_0/inst/buffer_fclk_clk_0.FCLK_CLK_0_BUFG/O
                         net (fo=8415, routed)        0.546     0.882    design_1_i/axi_interconnect_0/m01_couplers/auto_pc/inst/gen_axi4_axi3.axi3_conv_inst/USE_WRITE.write_addr_inst/USE_BURSTS.cmd_queue/inst/fifo_gen_inst/inst_fifo_gen/gconvfifo.rf/grf.rf/rstblk/clk
    SLICE_X32Y73         FDRE                                         r  design_1_i/axi_interconnect_0/m01_couplers/auto_pc/inst/gen_axi4_axi3.axi3_conv_inst/USE_WRITE.write_addr_inst/USE_BURSTS.cmd_queue/inst/fifo_gen_inst/inst_fifo_gen/gconvfifo.rf/grf.rf/rstblk/ngwrdrst.grst.g7serrst.gnsckt_wrst.gcc_rst.sckt_wr_rst_cc_reg[0]/C
  -------------------------------------------------------------------    -------------------
    SLICE_X32Y73         FDRE (Prop_fdre_C_Q)         0.164     1.046 f  design_1_i/axi_interconnect_0/m01_couplers/auto_pc/inst/gen_axi4_axi3.axi3_conv_inst/USE_WRITE.write_addr_inst/USE_BURSTS.cmd_queue/inst/fifo_gen_inst/inst_fifo_gen/gconvfifo.rf/grf.rf/rstblk/ngwrdrst.grst.g7serrst.gnsckt_wrst.gcc_rst.sckt_wr_rst_cc_reg[0]/Q
                         net (fo=3, routed)           0.094     1.140    design_1_i/axi_interconnect_0/m01_couplers/auto_pc/inst/gen_axi4_axi3.axi3_conv_inst/USE_WRITE.write_addr_inst/USE_BURSTS.cmd_queue/inst/fifo_gen_inst/inst_fifo_gen/gconvfifo.rf/grf.rf/rstblk/ngwrdrst.grst.g7serrst.gnsckt_wrst.gcc_rst.sckt_wr_rst_cc[0]
    SLICE_X33Y73         LUT3 (Prop_lut3_I1_O)        0.045     1.185 f  design_1_i/axi_interconnect_0/m01_couplers/auto_pc/inst/gen_axi4_axi3.axi3_conv_inst/USE_WRITE.write_addr_inst/USE_BURSTS.cmd_queue/inst/fifo_gen_inst/inst_fifo_gen/gconvfifo.rf/grf.rf/rstblk/gpregsm1.curr_fwft_state[1]_i_2/O
                         net (fo=32, routed)          0.249     1.434    design_1_i/axi_interconnect_0/m01_couplers/auto_pc/inst/gen_axi4_axi3.axi3_conv_inst/USE_WRITE.write_addr_inst/USE_BURSTS.cmd_queue/inst/fifo_gen_inst/inst_fifo_gen/gconvfifo.rf/grf.rf/gntv_or_sync_fifo.gl0.rd/gr1.gr1_int.rfwft/gpregsm1.user_valid_reg_0
    SLICE_X34Y73         FDPE                                         f  design_1_i/axi_interconnect_0/m01_couplers/auto_pc/inst/gen_axi4_axi3.axi3_conv_inst/USE_WRITE.write_addr_inst/USE_BURSTS.cmd_queue/inst/fifo_gen_inst/inst_fifo_gen/gconvfifo.rf/grf.rf/gntv_or_sync_fifo.gl0.rd/gr1.gr1_int.rfwft/aempty_fwft_i_reg/PRE
  -------------------------------------------------------------------    -------------------

                         (clock clk_fpga_0 rise edge)
                                                      0.000     0.000 r  
    PS7_X0Y0             PS7                          0.000     0.000 r  design_1_i/processing_system7_0/inst/PS7_i/FCLKCLK[0]
                         net (fo=1, routed)           0.337     0.337    design_1_i/processing_system7_0/inst/FCLK_CLK_unbuffered[0]
    BUFGCTRL_X0Y16       BUFG (Prop_bufg_I_O)         0.029     0.366 r  design_1_i/processing_system7_0/inst/buffer_fclk_clk_0.FCLK_CLK_0_BUFG/O
                         net (fo=8415, routed)        0.810     1.176    design_1_i/axi_interconnect_0/m01_couplers/auto_pc/inst/gen_axi4_axi3.axi3_conv_inst/USE_WRITE.write_addr_inst/USE_BURSTS.cmd_queue/inst/fifo_gen_inst/inst_fifo_gen/gconvfifo.rf/grf.rf/gntv_or_sync_fifo.gl0.rd/gr1.gr1_int.rfwft/clk
    SLICE_X34Y73         FDPE                                         r  design_1_i/axi_interconnect_0/m01_couplers/auto_pc/inst/gen_axi4_axi3.axi3_conv_inst/USE_WRITE.write_addr_inst/USE_BURSTS.cmd_queue/inst/fifo_gen_inst/inst_fifo_gen/gconvfifo.rf/grf.rf/gntv_or_sync_fifo.gl0.rd/gr1.gr1_int.rfwft/aempty_fwft_i_reg/C
                         clock pessimism             -0.264     0.912    
    SLICE_X34Y73         FDPE (Remov_fdpe_C_PRE)     -0.071     0.841    design_1_i/axi_interconnect_0/m01_couplers/auto_pc/inst/gen_axi4_axi3.axi3_conv_inst/USE_WRITE.write_addr_inst/USE_BURSTS.cmd_queue/inst/fifo_gen_inst/inst_fifo_gen/gconvfifo.rf/grf.rf/gntv_or_sync_fifo.gl0.rd/gr1.gr1_int.rfwft/aempty_fwft_i_reg
  -------------------------------------------------------------------
                         required time                         -0.841    
                         arrival time                           1.434    
  -------------------------------------------------------------------
                         slack                                  0.593    

Slack (MET) :             0.593ns  (arrival time - required time)
  Source:                 design_1_i/axi_interconnect_0/m01_couplers/auto_pc/inst/gen_axi4_axi3.axi3_conv_inst/USE_WRITE.write_addr_inst/USE_BURSTS.cmd_queue/inst/fifo_gen_inst/inst_fifo_gen/gconvfifo.rf/grf.rf/rstblk/ngwrdrst.grst.g7serrst.gnsckt_wrst.gcc_rst.sckt_wr_rst_cc_reg[0]/C
                            (rising edge-triggered cell FDRE clocked by clk_fpga_0  {rise@0.000ns fall@10.000ns period=20.000ns})
  Destination:            design_1_i/axi_interconnect_0/m01_couplers/auto_pc/inst/gen_axi4_axi3.axi3_conv_inst/USE_WRITE.write_addr_inst/USE_BURSTS.cmd_queue/inst/fifo_gen_inst/inst_fifo_gen/gconvfifo.rf/grf.rf/gntv_or_sync_fifo.gl0.rd/gr1.gr1_int.rfwft/empty_fwft_fb_i_reg/PRE
                            (removal check against rising-edge clock clk_fpga_0  {rise@0.000ns fall@10.000ns period=20.000ns})
  Path Group:             **async_default**
  Path Type:              Removal (Min at Fast Process Corner)
  Requirement:            0.000ns  (clk_fpga_0 rise@0.000ns - clk_fpga_0 rise@0.000ns)
  Data Path Delay:        0.552ns  (logic 0.209ns (37.869%)  route 0.343ns (62.131%))
  Logic Levels:           1  (LUT3=1)
  Clock Path Skew:        0.030ns (DCD - SCD - CPR)
    Destination Clock Delay (DCD):    1.176ns
    Source Clock Delay      (SCD):    0.882ns
    Clock Pessimism Removal (CPR):    0.264ns

    Location             Delay type                Incr(ns)  Path(ns)    Netlist Resource(s)
  -------------------------------------------------------------------    -------------------
                         (clock clk_fpga_0 rise edge)
                                                      0.000     0.000 r  
    PS7_X0Y0             PS7                          0.000     0.000 r  design_1_i/processing_system7_0/inst/PS7_i/FCLKCLK[0]
                         net (fo=1, routed)           0.310     0.310    design_1_i/processing_system7_0/inst/FCLK_CLK_unbuffered[0]
    BUFGCTRL_X0Y16       BUFG (Prop_bufg_I_O)         0.026     0.336 r  design_1_i/processing_system7_0/inst/buffer_fclk_clk_0.FCLK_CLK_0_BUFG/O
                         net (fo=8415, routed)        0.546     0.882    design_1_i/axi_interconnect_0/m01_couplers/auto_pc/inst/gen_axi4_axi3.axi3_conv_inst/USE_WRITE.write_addr_inst/USE_BURSTS.cmd_queue/inst/fifo_gen_inst/inst_fifo_gen/gconvfifo.rf/grf.rf/rstblk/clk
    SLICE_X32Y73         FDRE                                         r  design_1_i/axi_interconnect_0/m01_couplers/auto_pc/inst/gen_axi4_axi3.axi3_conv_inst/USE_WRITE.write_addr_inst/USE_BURSTS.cmd_queue/inst/fifo_gen_inst/inst_fifo_gen/gconvfifo.rf/grf.rf/rstblk/ngwrdrst.grst.g7serrst.gnsckt_wrst.gcc_rst.sckt_wr_rst_cc_reg[0]/C
  -------------------------------------------------------------------    -------------------
    SLICE_X32Y73         FDRE (Prop_fdre_C_Q)         0.164     1.046 f  design_1_i/axi_interconnect_0/m01_couplers/auto_pc/inst/gen_axi4_axi3.axi3_conv_inst/USE_WRITE.write_addr_inst/USE_BURSTS.cmd_queue/inst/fifo_gen_inst/inst_fifo_gen/gconvfifo.rf/grf.rf/rstblk/ngwrdrst.grst.g7serrst.gnsckt_wrst.gcc_rst.sckt_wr_rst_cc_reg[0]/Q
                         net (fo=3, routed)           0.094     1.140    design_1_i/axi_interconnect_0/m01_couplers/auto_pc/inst/gen_axi4_axi3.axi3_conv_inst/USE_WRITE.write_addr_inst/USE_BURSTS.cmd_queue/inst/fifo_gen_inst/inst_fifo_gen/gconvfifo.rf/grf.rf/rstblk/ngwrdrst.grst.g7serrst.gnsckt_wrst.gcc_rst.sckt_wr_rst_cc[0]
    SLICE_X33Y73         LUT3 (Prop_lut3_I1_O)        0.045     1.185 f  design_1_i/axi_interconnect_0/m01_couplers/auto_pc/inst/gen_axi4_axi3.axi3_conv_inst/USE_WRITE.write_addr_inst/USE_BURSTS.cmd_queue/inst/fifo_gen_inst/inst_fifo_gen/gconvfifo.rf/grf.rf/rstblk/gpregsm1.curr_fwft_state[1]_i_2/O
                         net (fo=32, routed)          0.249     1.434    design_1_i/axi_interconnect_0/m01_couplers/auto_pc/inst/gen_axi4_axi3.axi3_conv_inst/USE_WRITE.write_addr_inst/USE_BURSTS.cmd_queue/inst/fifo_gen_inst/inst_fifo_gen/gconvfifo.rf/grf.rf/gntv_or_sync_fifo.gl0.rd/gr1.gr1_int.rfwft/gpregsm1.user_valid_reg_0
    SLICE_X34Y73         FDPE                                         f  design_1_i/axi_interconnect_0/m01_couplers/auto_pc/inst/gen_axi4_axi3.axi3_conv_inst/USE_WRITE.write_addr_inst/USE_BURSTS.cmd_queue/inst/fifo_gen_inst/inst_fifo_gen/gconvfifo.rf/grf.rf/gntv_or_sync_fifo.gl0.rd/gr1.gr1_int.rfwft/empty_fwft_fb_i_reg/PRE
  -------------------------------------------------------------------    -------------------

                         (clock clk_fpga_0 rise edge)
                                                      0.000     0.000 r  
    PS7_X0Y0             PS7                          0.000     0.000 r  design_1_i/processing_system7_0/inst/PS7_i/FCLKCLK[0]
                         net (fo=1, routed)           0.337     0.337    design_1_i/processing_system7_0/inst/FCLK_CLK_unbuffered[0]
    BUFGCTRL_X0Y16       BUFG (Prop_bufg_I_O)         0.029     0.366 r  design_1_i/processing_system7_0/inst/buffer_fclk_clk_0.FCLK_CLK_0_BUFG/O
                         net (fo=8415, routed)        0.810     1.176    design_1_i/axi_interconnect_0/m01_couplers/auto_pc/inst/gen_axi4_axi3.axi3_conv_inst/USE_WRITE.write_addr_inst/USE_BURSTS.cmd_queue/inst/fifo_gen_inst/inst_fifo_gen/gconvfifo.rf/grf.rf/gntv_or_sync_fifo.gl0.rd/gr1.gr1_int.rfwft/clk
    SLICE_X34Y73         FDPE                                         r  design_1_i/axi_interconnect_0/m01_couplers/auto_pc/inst/gen_axi4_axi3.axi3_conv_inst/USE_WRITE.write_addr_inst/USE_BURSTS.cmd_queue/inst/fifo_gen_inst/inst_fifo_gen/gconvfifo.rf/grf.rf/gntv_or_sync_fifo.gl0.rd/gr1.gr1_int.rfwft/empty_fwft_fb_i_reg/C
                         clock pessimism             -0.264     0.912    
    SLICE_X34Y73         FDPE (Remov_fdpe_C_PRE)     -0.071     0.841    design_1_i/axi_interconnect_0/m01_couplers/auto_pc/inst/gen_axi4_axi3.axi3_conv_inst/USE_WRITE.write_addr_inst/USE_BURSTS.cmd_queue/inst/fifo_gen_inst/inst_fifo_gen/gconvfifo.rf/grf.rf/gntv_or_sync_fifo.gl0.rd/gr1.gr1_int.rfwft/empty_fwft_fb_i_reg
  -------------------------------------------------------------------
                         required time                         -0.841    
                         arrival time                           1.434    
  -------------------------------------------------------------------
                         slack                                  0.593    

Slack (MET) :             0.593ns  (arrival time - required time)
  Source:                 design_1_i/axi_interconnect_0/m01_couplers/auto_pc/inst/gen_axi4_axi3.axi3_conv_inst/USE_WRITE.write_addr_inst/USE_BURSTS.cmd_queue/inst/fifo_gen_inst/inst_fifo_gen/gconvfifo.rf/grf.rf/rstblk/ngwrdrst.grst.g7serrst.gnsckt_wrst.gcc_rst.sckt_wr_rst_cc_reg[0]/C
                            (rising edge-triggered cell FDRE clocked by clk_fpga_0  {rise@0.000ns fall@10.000ns period=20.000ns})
  Destination:            design_1_i/axi_interconnect_0/m01_couplers/auto_pc/inst/gen_axi4_axi3.axi3_conv_inst/USE_WRITE.write_addr_inst/USE_BURSTS.cmd_queue/inst/fifo_gen_inst/inst_fifo_gen/gconvfifo.rf/grf.rf/gntv_or_sync_fifo.gl0.rd/gr1.gr1_int.rfwft/empty_fwft_i_reg/PRE
                            (removal check against rising-edge clock clk_fpga_0  {rise@0.000ns fall@10.000ns period=20.000ns})
  Path Group:             **async_default**
  Path Type:              Removal (Min at Fast Process Corner)
  Requirement:            0.000ns  (clk_fpga_0 rise@0.000ns - clk_fpga_0 rise@0.000ns)
  Data Path Delay:        0.552ns  (logic 0.209ns (37.869%)  route 0.343ns (62.131%))
  Logic Levels:           1  (LUT3=1)
  Clock Path Skew:        0.030ns (DCD - SCD - CPR)
    Destination Clock Delay (DCD):    1.176ns
    Source Clock Delay      (SCD):    0.882ns
    Clock Pessimism Removal (CPR):    0.264ns

    Location             Delay type                Incr(ns)  Path(ns)    Netlist Resource(s)
  -------------------------------------------------------------------    -------------------
                         (clock clk_fpga_0 rise edge)
                                                      0.000     0.000 r  
    PS7_X0Y0             PS7                          0.000     0.000 r  design_1_i/processing_system7_0/inst/PS7_i/FCLKCLK[0]
                         net (fo=1, routed)           0.310     0.310    design_1_i/processing_system7_0/inst/FCLK_CLK_unbuffered[0]
    BUFGCTRL_X0Y16       BUFG (Prop_bufg_I_O)         0.026     0.336 r  design_1_i/processing_system7_0/inst/buffer_fclk_clk_0.FCLK_CLK_0_BUFG/O
                         net (fo=8415, routed)        0.546     0.882    design_1_i/axi_interconnect_0/m01_couplers/auto_pc/inst/gen_axi4_axi3.axi3_conv_inst/USE_WRITE.write_addr_inst/USE_BURSTS.cmd_queue/inst/fifo_gen_inst/inst_fifo_gen/gconvfifo.rf/grf.rf/rstblk/clk
    SLICE_X32Y73         FDRE                                         r  design_1_i/axi_interconnect_0/m01_couplers/auto_pc/inst/gen_axi4_axi3.axi3_conv_inst/USE_WRITE.write_addr_inst/USE_BURSTS.cmd_queue/inst/fifo_gen_inst/inst_fifo_gen/gconvfifo.rf/grf.rf/rstblk/ngwrdrst.grst.g7serrst.gnsckt_wrst.gcc_rst.sckt_wr_rst_cc_reg[0]/C
  -------------------------------------------------------------------    -------------------
    SLICE_X32Y73         FDRE (Prop_fdre_C_Q)         0.164     1.046 f  design_1_i/axi_interconnect_0/m01_couplers/auto_pc/inst/gen_axi4_axi3.axi3_conv_inst/USE_WRITE.write_addr_inst/USE_BURSTS.cmd_queue/inst/fifo_gen_inst/inst_fifo_gen/gconvfifo.rf/grf.rf/rstblk/ngwrdrst.grst.g7serrst.gnsckt_wrst.gcc_rst.sckt_wr_rst_cc_reg[0]/Q
                         net (fo=3, routed)           0.094     1.140    design_1_i/axi_interconnect_0/m01_couplers/auto_pc/inst/gen_axi4_axi3.axi3_conv_inst/USE_WRITE.write_addr_inst/USE_BURSTS.cmd_queue/inst/fifo_gen_inst/inst_fifo_gen/gconvfifo.rf/grf.rf/rstblk/ngwrdrst.grst.g7serrst.gnsckt_wrst.gcc_rst.sckt_wr_rst_cc[0]
    SLICE_X33Y73         LUT3 (Prop_lut3_I1_O)        0.045     1.185 f  design_1_i/axi_interconnect_0/m01_couplers/auto_pc/inst/gen_axi4_axi3.axi3_conv_inst/USE_WRITE.write_addr_inst/USE_BURSTS.cmd_queue/inst/fifo_gen_inst/inst_fifo_gen/gconvfifo.rf/grf.rf/rstblk/gpregsm1.curr_fwft_state[1]_i_2/O
                         net (fo=32, routed)          0.249     1.434    design_1_i/axi_interconnect_0/m01_couplers/auto_pc/inst/gen_axi4_axi3.axi3_conv_inst/USE_WRITE.write_addr_inst/USE_BURSTS.cmd_queue/inst/fifo_gen_inst/inst_fifo_gen/gconvfifo.rf/grf.rf/gntv_or_sync_fifo.gl0.rd/gr1.gr1_int.rfwft/gpregsm1.user_valid_reg_0
    SLICE_X34Y73         FDPE                                         f  design_1_i/axi_interconnect_0/m01_couplers/auto_pc/inst/gen_axi4_axi3.axi3_conv_inst/USE_WRITE.write_addr_inst/USE_BURSTS.cmd_queue/inst/fifo_gen_inst/inst_fifo_gen/gconvfifo.rf/grf.rf/gntv_or_sync_fifo.gl0.rd/gr1.gr1_int.rfwft/empty_fwft_i_reg/PRE
  -------------------------------------------------------------------    -------------------

                         (clock clk_fpga_0 rise edge)
                                                      0.000     0.000 r  
    PS7_X0Y0             PS7                          0.000     0.000 r  design_1_i/processing_system7_0/inst/PS7_i/FCLKCLK[0]
                         net (fo=1, routed)           0.337     0.337    design_1_i/processing_system7_0/inst/FCLK_CLK_unbuffered[0]
    BUFGCTRL_X0Y16       BUFG (Prop_bufg_I_O)         0.029     0.366 r  design_1_i/processing_system7_0/inst/buffer_fclk_clk_0.FCLK_CLK_0_BUFG/O
                         net (fo=8415, routed)        0.810     1.176    design_1_i/axi_interconnect_0/m01_couplers/auto_pc/inst/gen_axi4_axi3.axi3_conv_inst/USE_WRITE.write_addr_inst/USE_BURSTS.cmd_queue/inst/fifo_gen_inst/inst_fifo_gen/gconvfifo.rf/grf.rf/gntv_or_sync_fifo.gl0.rd/gr1.gr1_int.rfwft/clk
    SLICE_X34Y73         FDPE                                         r  design_1_i/axi_interconnect_0/m01_couplers/auto_pc/inst/gen_axi4_axi3.axi3_conv_inst/USE_WRITE.write_addr_inst/USE_BURSTS.cmd_queue/inst/fifo_gen_inst/inst_fifo_gen/gconvfifo.rf/grf.rf/gntv_or_sync_fifo.gl0.rd/gr1.gr1_int.rfwft/empty_fwft_i_reg/C
                         clock pessimism             -0.264     0.912    
    SLICE_X34Y73         FDPE (Remov_fdpe_C_PRE)     -0.071     0.841    design_1_i/axi_interconnect_0/m01_couplers/auto_pc/inst/gen_axi4_axi3.axi3_conv_inst/USE_WRITE.write_addr_inst/USE_BURSTS.cmd_queue/inst/fifo_gen_inst/inst_fifo_gen/gconvfifo.rf/grf.rf/gntv_or_sync_fifo.gl0.rd/gr1.gr1_int.rfwft/empty_fwft_i_reg
  -------------------------------------------------------------------
                         required time                         -0.841    
                         arrival time                           1.434    
  -------------------------------------------------------------------
                         slack                                  0.593    





--------------------------------------------------------------------------------------
Path Group:  (none)
From Clock:  
  To Clock:  clk_fpga_0

Max Delay             1 Endpoint
Min Delay             1 Endpoint
--------------------------------------------------------------------------------------


Max Delay Paths
--------------------------------------------------------------------------------------
Slack:                    inf
  Source:                 design_1_i/processing_system7_0/inst/PS7_i/FCLKRESETN[0]
                            (internal pin)
  Destination:            design_1_i/rst_ps7_0_100M/U0/EXT_LPF/ACTIVE_LOW_EXT.ACT_LO_EXT/GENERATE_LEVEL_P_S_CDC.SINGLE_BIT.CROSS_PLEVEL_IN2SCNDRY_IN_cdc_to/D
                            (rising edge-triggered cell FDRE clocked by clk_fpga_0  {rise@0.000ns fall@10.000ns period=20.000ns})
  Path Group:             (none)
  Path Type:              Setup (Max at Slow Process Corner)
  Data Path Delay:        1.552ns  (logic 0.124ns (7.990%)  route 1.428ns (92.010%))
  Logic Levels:           1  (LUT1=1)
  Clock Uncertainty:      0.301ns  ((TSJ^2 + TIJ^2)^1/2 + DJ) / 2 + PE
    Total System Jitter     (TSJ):    0.050ns
    Total Input Jitter      (TIJ):    0.600ns
    Discrete Jitter          (DJ):    0.000ns
    Phase Error              (PE):    0.000ns
  Timing Exception:       False Path

    Location             Delay type                Incr(ns)  Path(ns)    Netlist Resource(s)
  -------------------------------------------------------------------    -------------------
    PS7_X0Y0             PS7                          0.000     0.000 f  design_1_i/processing_system7_0/inst/PS7_i/FCLKRESETN[0]
                         net (fo=1, routed)           1.428     1.428    design_1_i/rst_ps7_0_100M/U0/EXT_LPF/ACTIVE_LOW_EXT.ACT_LO_EXT/ext_reset_in
    SLICE_X36Y89         LUT1 (Prop_lut1_I0_O)        0.124     1.552 r  design_1_i/rst_ps7_0_100M/U0/EXT_LPF/ACTIVE_LOW_EXT.ACT_LO_EXT/GENERATE_LEVEL_P_S_CDC.SINGLE_BIT.CROSS_PLEVEL_IN2SCNDRY_IN_cdc_to_i_1/O
                         net (fo=1, routed)           0.000     1.552    design_1_i/rst_ps7_0_100M/U0/EXT_LPF/ACTIVE_LOW_EXT.ACT_LO_EXT/exr_d1
    SLICE_X36Y89         FDRE                                         r  design_1_i/rst_ps7_0_100M/U0/EXT_LPF/ACTIVE_LOW_EXT.ACT_LO_EXT/GENERATE_LEVEL_P_S_CDC.SINGLE_BIT.CROSS_PLEVEL_IN2SCNDRY_IN_cdc_to/D
  -------------------------------------------------------------------    -------------------

                         (clock clk_fpga_0 rise edge)
                                                      0.000     0.000 r  
    PS7_X0Y0             PS7                          0.000     0.000 r  design_1_i/processing_system7_0/inst/PS7_i/FCLKCLK[0]
                         net (fo=1, routed)           1.088     1.088    design_1_i/processing_system7_0/inst/FCLK_CLK_unbuffered[0]
    BUFGCTRL_X0Y16       BUFG (Prop_bufg_I_O)         0.091     1.179 r  design_1_i/processing_system7_0/inst/buffer_fclk_clk_0.FCLK_CLK_0_BUFG/O
                         net (fo=8415, routed)        1.477     2.656    design_1_i/rst_ps7_0_100M/U0/EXT_LPF/ACTIVE_LOW_EXT.ACT_LO_EXT/slowest_sync_clk
    SLICE_X36Y89         FDRE                                         r  design_1_i/rst_ps7_0_100M/U0/EXT_LPF/ACTIVE_LOW_EXT.ACT_LO_EXT/GENERATE_LEVEL_P_S_CDC.SINGLE_BIT.CROSS_PLEVEL_IN2SCNDRY_IN_cdc_to/C





Min Delay Paths
--------------------------------------------------------------------------------------
Slack:                    inf
  Source:                 design_1_i/processing_system7_0/inst/PS7_i/FCLKRESETN[0]
                            (internal pin)
  Destination:            design_1_i/rst_ps7_0_100M/U0/EXT_LPF/ACTIVE_LOW_EXT.ACT_LO_EXT/GENERATE_LEVEL_P_S_CDC.SINGLE_BIT.CROSS_PLEVEL_IN2SCNDRY_IN_cdc_to/D
                            (rising edge-triggered cell FDRE clocked by clk_fpga_0  {rise@0.000ns fall@10.000ns period=20.000ns})
  Path Group:             (none)
  Path Type:              Hold (Min at Fast Process Corner)
  Data Path Delay:        0.617ns  (logic 0.045ns (7.294%)  route 0.572ns (92.706%))
  Logic Levels:           1  (LUT1=1)
  Clock Uncertainty:      0.301ns  ((TSJ^2 + TIJ^2)^1/2 + DJ) / 2 + PE
    Total System Jitter     (TSJ):    0.050ns
    Total Input Jitter      (TIJ):    0.600ns
    Discrete Jitter          (DJ):    0.000ns
    Phase Error              (PE):    0.000ns
  Timing Exception:       False Path

    Location             Delay type                Incr(ns)  Path(ns)    Netlist Resource(s)
  -------------------------------------------------------------------    -------------------
    PS7_X0Y0             PS7                          0.000     0.000 f  design_1_i/processing_system7_0/inst/PS7_i/FCLKRESETN[0]
                         net (fo=1, routed)           0.572     0.572    design_1_i/rst_ps7_0_100M/U0/EXT_LPF/ACTIVE_LOW_EXT.ACT_LO_EXT/ext_reset_in
    SLICE_X36Y89         LUT1 (Prop_lut1_I0_O)        0.045     0.617 r  design_1_i/rst_ps7_0_100M/U0/EXT_LPF/ACTIVE_LOW_EXT.ACT_LO_EXT/GENERATE_LEVEL_P_S_CDC.SINGLE_BIT.CROSS_PLEVEL_IN2SCNDRY_IN_cdc_to_i_1/O
                         net (fo=1, routed)           0.000     0.617    design_1_i/rst_ps7_0_100M/U0/EXT_LPF/ACTIVE_LOW_EXT.ACT_LO_EXT/exr_d1
    SLICE_X36Y89         FDRE                                         r  design_1_i/rst_ps7_0_100M/U0/EXT_LPF/ACTIVE_LOW_EXT.ACT_LO_EXT/GENERATE_LEVEL_P_S_CDC.SINGLE_BIT.CROSS_PLEVEL_IN2SCNDRY_IN_cdc_to/D
  -------------------------------------------------------------------    -------------------

                         (clock clk_fpga_0 rise edge)
                                                      0.000     0.000 r  
    PS7_X0Y0             PS7                          0.000     0.000 r  design_1_i/processing_system7_0/inst/PS7_i/FCLKCLK[0]
                         net (fo=1, routed)           0.337     0.337    design_1_i/processing_system7_0/inst/FCLK_CLK_unbuffered[0]
    BUFGCTRL_X0Y16       BUFG (Prop_bufg_I_O)         0.029     0.366 r  design_1_i/processing_system7_0/inst/buffer_fclk_clk_0.FCLK_CLK_0_BUFG/O
                         net (fo=8415, routed)        0.822     1.188    design_1_i/rst_ps7_0_100M/U0/EXT_LPF/ACTIVE_LOW_EXT.ACT_LO_EXT/slowest_sync_clk
    SLICE_X36Y89         FDRE                                         r  design_1_i/rst_ps7_0_100M/U0/EXT_LPF/ACTIVE_LOW_EXT.ACT_LO_EXT/GENERATE_LEVEL_P_S_CDC.SINGLE_BIT.CROSS_PLEVEL_IN2SCNDRY_IN_cdc_to/C





--------------------------------------------------------------------------------------
Path Group:  (none)
From Clock:  clk_fpga_0
  To Clock:  clk_fpga_0

Max Delay            12 Endpoints
Min Delay            12 Endpoints
--------------------------------------------------------------------------------------


Max Delay Paths
--------------------------------------------------------------------------------------
Slack:                    inf
  Source:                 design_1_i/rst_ps7_0_100M/U0/ACTIVE_LOW_PR_OUT_DFF[0].FDRE_PER_N/C
                            (rising edge-triggered cell FDRE clocked by clk_fpga_0  {rise@0.000ns fall@10.000ns period=20.000ns})
  Destination:            design_1_i/axi_interconnect_0/m01_couplers/auto_pc/inst/gen_axi4_axi3.axi3_conv_inst/USE_READ.USE_SPLIT_R.read_addr_inst/USE_R_CHANNEL.cmd_queue/inst/fifo_gen_inst/inst_fifo_gen/gconvfifo.rf/grf.rf/rstblk/ngwrdrst.grst.g7serrst.gnsckt_wrst.rst_wr_reg2_inst/arststages_ff_reg[0]/PRE
                            (recovery check against rising-edge clock clk_fpga_0  {rise@0.000ns fall@10.000ns period=20.000ns})
  Path Group:             (none)
  Path Type:              Recovery (Max at Slow Process Corner)
  Data Path Delay:        6.198ns  (logic 0.580ns (9.358%)  route 5.618ns (90.642%))
  Logic Levels:           1  (LUT1=1)
  Clock Path Skew:        -0.296ns (DCD - SCD + CPR)
    Destination Clock Delay (DCD):    2.642ns
    Source Clock Delay      (SCD):    2.938ns
    Clock Pessimism Removal (CPR):    0.000ns
  Clock Uncertainty:      0.302ns  ((TSJ^2 + TIJ^2)^1/2 + DJ) / 2 + PE
    Total System Jitter     (TSJ):    0.071ns
    Total Input Jitter      (TIJ):    0.600ns
    Discrete Jitter          (DJ):    0.000ns
    Phase Error              (PE):    0.000ns
  Timing Exception:       False Path

    Location             Delay type                Incr(ns)  Path(ns)    Netlist Resource(s)
  -------------------------------------------------------------------    -------------------
                         (clock clk_fpga_0 rise edge)
                                                      0.000     0.000 r  
    PS7_X0Y0             PS7                          0.000     0.000 r  design_1_i/processing_system7_0/inst/PS7_i/FCLKCLK[0]
                         net (fo=1, routed)           1.193     1.193    design_1_i/processing_system7_0/inst/FCLK_CLK_unbuffered[0]
    BUFGCTRL_X0Y16       BUFG (Prop_bufg_I_O)         0.101     1.294 r  design_1_i/processing_system7_0/inst/buffer_fclk_clk_0.FCLK_CLK_0_BUFG/O
                         net (fo=8415, routed)        1.644     2.938    design_1_i/rst_ps7_0_100M/U0/slowest_sync_clk
    SLICE_X45Y84         FDRE                                         r  design_1_i/rst_ps7_0_100M/U0/ACTIVE_LOW_PR_OUT_DFF[0].FDRE_PER_N/C
  -------------------------------------------------------------------    -------------------
    SLICE_X45Y84         FDRE (Prop_fdre_C_Q)         0.456     3.394 r  design_1_i/rst_ps7_0_100M/U0/ACTIVE_LOW_PR_OUT_DFF[0].FDRE_PER_N/Q
                         net (fo=67, routed)          1.746     5.140    design_1_i/axi_interconnect_0/m01_couplers/auto_pc/inst/gen_axi4_axi3.axi3_conv_inst/USE_WRITE.write_addr_inst/USE_BURSTS.cmd_queue/inst/aresetn
    SLICE_X38Y68         LUT1 (Prop_lut1_I0_O)        0.124     5.264 f  design_1_i/axi_interconnect_0/m01_couplers/auto_pc/inst/gen_axi4_axi3.axi3_conv_inst/USE_WRITE.write_addr_inst/USE_BURSTS.cmd_queue/inst/S_AXI_AREADY_I_i_1/O
                         net (fo=237, routed)         3.872     9.136    design_1_i/axi_interconnect_0/m01_couplers/auto_pc/inst/gen_axi4_axi3.axi3_conv_inst/USE_READ.USE_SPLIT_R.read_addr_inst/USE_R_CHANNEL.cmd_queue/inst/fifo_gen_inst/inst_fifo_gen/gconvfifo.rf/grf.rf/rstblk/ngwrdrst.grst.g7serrst.gnsckt_wrst.rst_wr_reg2_inst/src_arst
    SLICE_X35Y75         FDPE                                         f  design_1_i/axi_interconnect_0/m01_couplers/auto_pc/inst/gen_axi4_axi3.axi3_conv_inst/USE_READ.USE_SPLIT_R.read_addr_inst/USE_R_CHANNEL.cmd_queue/inst/fifo_gen_inst/inst_fifo_gen/gconvfifo.rf/grf.rf/rstblk/ngwrdrst.grst.g7serrst.gnsckt_wrst.rst_wr_reg2_inst/arststages_ff_reg[0]/PRE
  -------------------------------------------------------------------    -------------------

                         (clock clk_fpga_0 rise edge)
                                                      0.000     0.000 r  
    PS7_X0Y0             PS7                          0.000     0.000 r  design_1_i/processing_system7_0/inst/PS7_i/FCLKCLK[0]
                         net (fo=1, routed)           1.088     1.088    design_1_i/processing_system7_0/inst/FCLK_CLK_unbuffered[0]
    BUFGCTRL_X0Y16       BUFG (Prop_bufg_I_O)         0.091     1.179 r  design_1_i/processing_system7_0/inst/buffer_fclk_clk_0.FCLK_CLK_0_BUFG/O
                         net (fo=8415, routed)        1.463     2.642    design_1_i/axi_interconnect_0/m01_couplers/auto_pc/inst/gen_axi4_axi3.axi3_conv_inst/USE_READ.USE_SPLIT_R.read_addr_inst/USE_R_CHANNEL.cmd_queue/inst/fifo_gen_inst/inst_fifo_gen/gconvfifo.rf/grf.rf/rstblk/ngwrdrst.grst.g7serrst.gnsckt_wrst.rst_wr_reg2_inst/dest_clk
    SLICE_X35Y75         FDPE                                         r  design_1_i/axi_interconnect_0/m01_couplers/auto_pc/inst/gen_axi4_axi3.axi3_conv_inst/USE_READ.USE_SPLIT_R.read_addr_inst/USE_R_CHANNEL.cmd_queue/inst/fifo_gen_inst/inst_fifo_gen/gconvfifo.rf/grf.rf/rstblk/ngwrdrst.grst.g7serrst.gnsckt_wrst.rst_wr_reg2_inst/arststages_ff_reg[0]/C

Slack:                    inf
  Source:                 design_1_i/rst_ps7_0_100M/U0/ACTIVE_LOW_PR_OUT_DFF[0].FDRE_PER_N/C
                            (rising edge-triggered cell FDRE clocked by clk_fpga_0  {rise@0.000ns fall@10.000ns period=20.000ns})
  Destination:            design_1_i/axi_interconnect_0/m01_couplers/auto_pc/inst/gen_axi4_axi3.axi3_conv_inst/USE_READ.USE_SPLIT_R.read_addr_inst/USE_R_CHANNEL.cmd_queue/inst/fifo_gen_inst/inst_fifo_gen/gconvfifo.rf/grf.rf/rstblk/ngwrdrst.grst.g7serrst.gnsckt_wrst.rst_wr_reg2_inst/arststages_ff_reg[1]/PRE
                            (recovery check against rising-edge clock clk_fpga_0  {rise@0.000ns fall@10.000ns period=20.000ns})
  Path Group:             (none)
  Path Type:              Recovery (Max at Slow Process Corner)
  Data Path Delay:        6.198ns  (logic 0.580ns (9.358%)  route 5.618ns (90.642%))
  Logic Levels:           1  (LUT1=1)
  Clock Path Skew:        -0.296ns (DCD - SCD + CPR)
    Destination Clock Delay (DCD):    2.642ns
    Source Clock Delay      (SCD):    2.938ns
    Clock Pessimism Removal (CPR):    0.000ns
  Clock Uncertainty:      0.302ns  ((TSJ^2 + TIJ^2)^1/2 + DJ) / 2 + PE
    Total System Jitter     (TSJ):    0.071ns
    Total Input Jitter      (TIJ):    0.600ns
    Discrete Jitter          (DJ):    0.000ns
    Phase Error              (PE):    0.000ns
  Timing Exception:       False Path

    Location             Delay type                Incr(ns)  Path(ns)    Netlist Resource(s)
  -------------------------------------------------------------------    -------------------
                         (clock clk_fpga_0 rise edge)
                                                      0.000     0.000 r  
    PS7_X0Y0             PS7                          0.000     0.000 r  design_1_i/processing_system7_0/inst/PS7_i/FCLKCLK[0]
                         net (fo=1, routed)           1.193     1.193    design_1_i/processing_system7_0/inst/FCLK_CLK_unbuffered[0]
    BUFGCTRL_X0Y16       BUFG (Prop_bufg_I_O)         0.101     1.294 r  design_1_i/processing_system7_0/inst/buffer_fclk_clk_0.FCLK_CLK_0_BUFG/O
                         net (fo=8415, routed)        1.644     2.938    design_1_i/rst_ps7_0_100M/U0/slowest_sync_clk
    SLICE_X45Y84         FDRE                                         r  design_1_i/rst_ps7_0_100M/U0/ACTIVE_LOW_PR_OUT_DFF[0].FDRE_PER_N/C
  -------------------------------------------------------------------    -------------------
    SLICE_X45Y84         FDRE (Prop_fdre_C_Q)         0.456     3.394 r  design_1_i/rst_ps7_0_100M/U0/ACTIVE_LOW_PR_OUT_DFF[0].FDRE_PER_N/Q
                         net (fo=67, routed)          1.746     5.140    design_1_i/axi_interconnect_0/m01_couplers/auto_pc/inst/gen_axi4_axi3.axi3_conv_inst/USE_WRITE.write_addr_inst/USE_BURSTS.cmd_queue/inst/aresetn
    SLICE_X38Y68         LUT1 (Prop_lut1_I0_O)        0.124     5.264 f  design_1_i/axi_interconnect_0/m01_couplers/auto_pc/inst/gen_axi4_axi3.axi3_conv_inst/USE_WRITE.write_addr_inst/USE_BURSTS.cmd_queue/inst/S_AXI_AREADY_I_i_1/O
                         net (fo=237, routed)         3.872     9.136    design_1_i/axi_interconnect_0/m01_couplers/auto_pc/inst/gen_axi4_axi3.axi3_conv_inst/USE_READ.USE_SPLIT_R.read_addr_inst/USE_R_CHANNEL.cmd_queue/inst/fifo_gen_inst/inst_fifo_gen/gconvfifo.rf/grf.rf/rstblk/ngwrdrst.grst.g7serrst.gnsckt_wrst.rst_wr_reg2_inst/src_arst
    SLICE_X35Y75         FDPE                                         f  design_1_i/axi_interconnect_0/m01_couplers/auto_pc/inst/gen_axi4_axi3.axi3_conv_inst/USE_READ.USE_SPLIT_R.read_addr_inst/USE_R_CHANNEL.cmd_queue/inst/fifo_gen_inst/inst_fifo_gen/gconvfifo.rf/grf.rf/rstblk/ngwrdrst.grst.g7serrst.gnsckt_wrst.rst_wr_reg2_inst/arststages_ff_reg[1]/PRE
  -------------------------------------------------------------------    -------------------

                         (clock clk_fpga_0 rise edge)
                                                      0.000     0.000 r  
    PS7_X0Y0             PS7                          0.000     0.000 r  design_1_i/processing_system7_0/inst/PS7_i/FCLKCLK[0]
                         net (fo=1, routed)           1.088     1.088    design_1_i/processing_system7_0/inst/FCLK_CLK_unbuffered[0]
    BUFGCTRL_X0Y16       BUFG (Prop_bufg_I_O)         0.091     1.179 r  design_1_i/processing_system7_0/inst/buffer_fclk_clk_0.FCLK_CLK_0_BUFG/O
                         net (fo=8415, routed)        1.463     2.642    design_1_i/axi_interconnect_0/m01_couplers/auto_pc/inst/gen_axi4_axi3.axi3_conv_inst/USE_READ.USE_SPLIT_R.read_addr_inst/USE_R_CHANNEL.cmd_queue/inst/fifo_gen_inst/inst_fifo_gen/gconvfifo.rf/grf.rf/rstblk/ngwrdrst.grst.g7serrst.gnsckt_wrst.rst_wr_reg2_inst/dest_clk
    SLICE_X35Y75         FDPE                                         r  design_1_i/axi_interconnect_0/m01_couplers/auto_pc/inst/gen_axi4_axi3.axi3_conv_inst/USE_READ.USE_SPLIT_R.read_addr_inst/USE_R_CHANNEL.cmd_queue/inst/fifo_gen_inst/inst_fifo_gen/gconvfifo.rf/grf.rf/rstblk/ngwrdrst.grst.g7serrst.gnsckt_wrst.rst_wr_reg2_inst/arststages_ff_reg[1]/C

Slack:                    inf
  Source:                 design_1_i/rst_ps7_0_100M/U0/ACTIVE_LOW_PR_OUT_DFF[0].FDRE_PER_N/C
                            (rising edge-triggered cell FDRE clocked by clk_fpga_0  {rise@0.000ns fall@10.000ns period=20.000ns})
  Destination:            design_1_i/axi_interconnect_0/m01_couplers/auto_pc/inst/gen_axi4_axi3.axi3_conv_inst/USE_WRITE.write_addr_inst/USE_BURSTS.cmd_queue/inst/fifo_gen_inst/inst_fifo_gen/gconvfifo.rf/grf.rf/rstblk/ngwrdrst.grst.g7serrst.gnsckt_wrst.rst_wr_reg2_inst/arststages_ff_reg[0]/PRE
                            (recovery check against rising-edge clock clk_fpga_0  {rise@0.000ns fall@10.000ns period=20.000ns})
  Path Group:             (none)
  Path Type:              Recovery (Max at Slow Process Corner)
  Data Path Delay:        5.762ns  (logic 0.580ns (10.066%)  route 5.182ns (89.934%))
  Logic Levels:           1  (LUT1=1)
  Clock Path Skew:        -0.295ns (DCD - SCD + CPR)
    Destination Clock Delay (DCD):    2.643ns
    Source Clock Delay      (SCD):    2.938ns
    Clock Pessimism Removal (CPR):    0.000ns
  Clock Uncertainty:      0.302ns  ((TSJ^2 + TIJ^2)^1/2 + DJ) / 2 + PE
    Total System Jitter     (TSJ):    0.071ns
    Total Input Jitter      (TIJ):    0.600ns
    Discrete Jitter          (DJ):    0.000ns
    Phase Error              (PE):    0.000ns
  Timing Exception:       False Path

    Location             Delay type                Incr(ns)  Path(ns)    Netlist Resource(s)
  -------------------------------------------------------------------    -------------------
                         (clock clk_fpga_0 rise edge)
                                                      0.000     0.000 r  
    PS7_X0Y0             PS7                          0.000     0.000 r  design_1_i/processing_system7_0/inst/PS7_i/FCLKCLK[0]
                         net (fo=1, routed)           1.193     1.193    design_1_i/processing_system7_0/inst/FCLK_CLK_unbuffered[0]
    BUFGCTRL_X0Y16       BUFG (Prop_bufg_I_O)         0.101     1.294 r  design_1_i/processing_system7_0/inst/buffer_fclk_clk_0.FCLK_CLK_0_BUFG/O
                         net (fo=8415, routed)        1.644     2.938    design_1_i/rst_ps7_0_100M/U0/slowest_sync_clk
    SLICE_X45Y84         FDRE                                         r  design_1_i/rst_ps7_0_100M/U0/ACTIVE_LOW_PR_OUT_DFF[0].FDRE_PER_N/C
  -------------------------------------------------------------------    -------------------
    SLICE_X45Y84         FDRE (Prop_fdre_C_Q)         0.456     3.394 r  design_1_i/rst_ps7_0_100M/U0/ACTIVE_LOW_PR_OUT_DFF[0].FDRE_PER_N/Q
                         net (fo=67, routed)          1.746     5.140    design_1_i/axi_interconnect_0/m01_couplers/auto_pc/inst/gen_axi4_axi3.axi3_conv_inst/USE_WRITE.write_addr_inst/USE_BURSTS.cmd_queue/inst/aresetn
    SLICE_X38Y68         LUT1 (Prop_lut1_I0_O)        0.124     5.264 f  design_1_i/axi_interconnect_0/m01_couplers/auto_pc/inst/gen_axi4_axi3.axi3_conv_inst/USE_WRITE.write_addr_inst/USE_BURSTS.cmd_queue/inst/S_AXI_AREADY_I_i_1/O
                         net (fo=237, routed)         3.436     8.700    design_1_i/axi_interconnect_0/m01_couplers/auto_pc/inst/gen_axi4_axi3.axi3_conv_inst/USE_WRITE.write_addr_inst/USE_BURSTS.cmd_queue/inst/fifo_gen_inst/inst_fifo_gen/gconvfifo.rf/grf.rf/rstblk/ngwrdrst.grst.g7serrst.gnsckt_wrst.rst_wr_reg2_inst/src_arst
    SLICE_X33Y73         FDPE                                         f  design_1_i/axi_interconnect_0/m01_couplers/auto_pc/inst/gen_axi4_axi3.axi3_conv_inst/USE_WRITE.write_addr_inst/USE_BURSTS.cmd_queue/inst/fifo_gen_inst/inst_fifo_gen/gconvfifo.rf/grf.rf/rstblk/ngwrdrst.grst.g7serrst.gnsckt_wrst.rst_wr_reg2_inst/arststages_ff_reg[0]/PRE
  -------------------------------------------------------------------    -------------------

                         (clock clk_fpga_0 rise edge)
                                                      0.000     0.000 r  
    PS7_X0Y0             PS7                          0.000     0.000 r  design_1_i/processing_system7_0/inst/PS7_i/FCLKCLK[0]
                         net (fo=1, routed)           1.088     1.088    design_1_i/processing_system7_0/inst/FCLK_CLK_unbuffered[0]
    BUFGCTRL_X0Y16       BUFG (Prop_bufg_I_O)         0.091     1.179 r  design_1_i/processing_system7_0/inst/buffer_fclk_clk_0.FCLK_CLK_0_BUFG/O
                         net (fo=8415, routed)        1.464     2.643    design_1_i/axi_interconnect_0/m01_couplers/auto_pc/inst/gen_axi4_axi3.axi3_conv_inst/USE_WRITE.write_addr_inst/USE_BURSTS.cmd_queue/inst/fifo_gen_inst/inst_fifo_gen/gconvfifo.rf/grf.rf/rstblk/ngwrdrst.grst.g7serrst.gnsckt_wrst.rst_wr_reg2_inst/dest_clk
    SLICE_X33Y73         FDPE                                         r  design_1_i/axi_interconnect_0/m01_couplers/auto_pc/inst/gen_axi4_axi3.axi3_conv_inst/USE_WRITE.write_addr_inst/USE_BURSTS.cmd_queue/inst/fifo_gen_inst/inst_fifo_gen/gconvfifo.rf/grf.rf/rstblk/ngwrdrst.grst.g7serrst.gnsckt_wrst.rst_wr_reg2_inst/arststages_ff_reg[0]/C

Slack:                    inf
  Source:                 design_1_i/rst_ps7_0_100M/U0/ACTIVE_LOW_PR_OUT_DFF[0].FDRE_PER_N/C
                            (rising edge-triggered cell FDRE clocked by clk_fpga_0  {rise@0.000ns fall@10.000ns period=20.000ns})
  Destination:            design_1_i/axi_interconnect_0/m01_couplers/auto_pc/inst/gen_axi4_axi3.axi3_conv_inst/USE_WRITE.write_addr_inst/USE_BURSTS.cmd_queue/inst/fifo_gen_inst/inst_fifo_gen/gconvfifo.rf/grf.rf/rstblk/ngwrdrst.grst.g7serrst.gnsckt_wrst.rst_wr_reg2_inst/arststages_ff_reg[1]/PRE
                            (recovery check against rising-edge clock clk_fpga_0  {rise@0.000ns fall@10.000ns period=20.000ns})
  Path Group:             (none)
  Path Type:              Recovery (Max at Slow Process Corner)
  Data Path Delay:        5.762ns  (logic 0.580ns (10.066%)  route 5.182ns (89.934%))
  Logic Levels:           1  (LUT1=1)
  Clock Path Skew:        -0.295ns (DCD - SCD + CPR)
    Destination Clock Delay (DCD):    2.643ns
    Source Clock Delay      (SCD):    2.938ns
    Clock Pessimism Removal (CPR):    0.000ns
  Clock Uncertainty:      0.302ns  ((TSJ^2 + TIJ^2)^1/2 + DJ) / 2 + PE
    Total System Jitter     (TSJ):    0.071ns
    Total Input Jitter      (TIJ):    0.600ns
    Discrete Jitter          (DJ):    0.000ns
    Phase Error              (PE):    0.000ns
  Timing Exception:       False Path

    Location             Delay type                Incr(ns)  Path(ns)    Netlist Resource(s)
  -------------------------------------------------------------------    -------------------
                         (clock clk_fpga_0 rise edge)
                                                      0.000     0.000 r  
    PS7_X0Y0             PS7                          0.000     0.000 r  design_1_i/processing_system7_0/inst/PS7_i/FCLKCLK[0]
                         net (fo=1, routed)           1.193     1.193    design_1_i/processing_system7_0/inst/FCLK_CLK_unbuffered[0]
    BUFGCTRL_X0Y16       BUFG (Prop_bufg_I_O)         0.101     1.294 r  design_1_i/processing_system7_0/inst/buffer_fclk_clk_0.FCLK_CLK_0_BUFG/O
                         net (fo=8415, routed)        1.644     2.938    design_1_i/rst_ps7_0_100M/U0/slowest_sync_clk
    SLICE_X45Y84         FDRE                                         r  design_1_i/rst_ps7_0_100M/U0/ACTIVE_LOW_PR_OUT_DFF[0].FDRE_PER_N/C
  -------------------------------------------------------------------    -------------------
    SLICE_X45Y84         FDRE (Prop_fdre_C_Q)         0.456     3.394 r  design_1_i/rst_ps7_0_100M/U0/ACTIVE_LOW_PR_OUT_DFF[0].FDRE_PER_N/Q
                         net (fo=67, routed)          1.746     5.140    design_1_i/axi_interconnect_0/m01_couplers/auto_pc/inst/gen_axi4_axi3.axi3_conv_inst/USE_WRITE.write_addr_inst/USE_BURSTS.cmd_queue/inst/aresetn
    SLICE_X38Y68         LUT1 (Prop_lut1_I0_O)        0.124     5.264 f  design_1_i/axi_interconnect_0/m01_couplers/auto_pc/inst/gen_axi4_axi3.axi3_conv_inst/USE_WRITE.write_addr_inst/USE_BURSTS.cmd_queue/inst/S_AXI_AREADY_I_i_1/O
                         net (fo=237, routed)         3.436     8.700    design_1_i/axi_interconnect_0/m01_couplers/auto_pc/inst/gen_axi4_axi3.axi3_conv_inst/USE_WRITE.write_addr_inst/USE_BURSTS.cmd_queue/inst/fifo_gen_inst/inst_fifo_gen/gconvfifo.rf/grf.rf/rstblk/ngwrdrst.grst.g7serrst.gnsckt_wrst.rst_wr_reg2_inst/src_arst
    SLICE_X33Y73         FDPE                                         f  design_1_i/axi_interconnect_0/m01_couplers/auto_pc/inst/gen_axi4_axi3.axi3_conv_inst/USE_WRITE.write_addr_inst/USE_BURSTS.cmd_queue/inst/fifo_gen_inst/inst_fifo_gen/gconvfifo.rf/grf.rf/rstblk/ngwrdrst.grst.g7serrst.gnsckt_wrst.rst_wr_reg2_inst/arststages_ff_reg[1]/PRE
  -------------------------------------------------------------------    -------------------

                         (clock clk_fpga_0 rise edge)
                                                      0.000     0.000 r  
    PS7_X0Y0             PS7                          0.000     0.000 r  design_1_i/processing_system7_0/inst/PS7_i/FCLKCLK[0]
                         net (fo=1, routed)           1.088     1.088    design_1_i/processing_system7_0/inst/FCLK_CLK_unbuffered[0]
    BUFGCTRL_X0Y16       BUFG (Prop_bufg_I_O)         0.091     1.179 r  design_1_i/processing_system7_0/inst/buffer_fclk_clk_0.FCLK_CLK_0_BUFG/O
                         net (fo=8415, routed)        1.464     2.643    design_1_i/axi_interconnect_0/m01_couplers/auto_pc/inst/gen_axi4_axi3.axi3_conv_inst/USE_WRITE.write_addr_inst/USE_BURSTS.cmd_queue/inst/fifo_gen_inst/inst_fifo_gen/gconvfifo.rf/grf.rf/rstblk/ngwrdrst.grst.g7serrst.gnsckt_wrst.rst_wr_reg2_inst/dest_clk
    SLICE_X33Y73         FDPE                                         r  design_1_i/axi_interconnect_0/m01_couplers/auto_pc/inst/gen_axi4_axi3.axi3_conv_inst/USE_WRITE.write_addr_inst/USE_BURSTS.cmd_queue/inst/fifo_gen_inst/inst_fifo_gen/gconvfifo.rf/grf.rf/rstblk/ngwrdrst.grst.g7serrst.gnsckt_wrst.rst_wr_reg2_inst/arststages_ff_reg[1]/C

Slack:                    inf
  Source:                 design_1_i/rst_ps7_0_100M/U0/ACTIVE_LOW_PR_OUT_DFF[0].FDRE_PER_N/C
                            (rising edge-triggered cell FDRE clocked by clk_fpga_0  {rise@0.000ns fall@10.000ns period=20.000ns})
  Destination:            design_1_i/axi_interconnect_0/m00_couplers/auto_pc/inst/gen_axi4_axi3.axi3_conv_inst/USE_READ.USE_SPLIT_R.read_addr_inst/USE_R_CHANNEL.cmd_queue/inst/fifo_gen_inst/inst_fifo_gen/gconvfifo.rf/grf.rf/rstblk/ngwrdrst.grst.g7serrst.gnsckt_wrst.rst_wr_reg2_inst/arststages_ff_reg[0]/PRE
                            (recovery check against rising-edge clock clk_fpga_0  {rise@0.000ns fall@10.000ns period=20.000ns})
  Path Group:             (none)
  Path Type:              Recovery (Max at Slow Process Corner)
  Data Path Delay:        5.455ns  (logic 0.580ns (10.633%)  route 4.875ns (89.367%))
  Logic Levels:           1  (LUT1=1)
  Clock Path Skew:        -0.221ns (DCD - SCD + CPR)
    Destination Clock Delay (DCD):    2.717ns
    Source Clock Delay      (SCD):    2.938ns
    Clock Pessimism Removal (CPR):    0.000ns
  Clock Uncertainty:      0.302ns  ((TSJ^2 + TIJ^2)^1/2 + DJ) / 2 + PE
    Total System Jitter     (TSJ):    0.071ns
    Total Input Jitter      (TIJ):    0.600ns
    Discrete Jitter          (DJ):    0.000ns
    Phase Error              (PE):    0.000ns
  Timing Exception:       False Path

    Location             Delay type                Incr(ns)  Path(ns)    Netlist Resource(s)
  -------------------------------------------------------------------    -------------------
                         (clock clk_fpga_0 rise edge)
                                                      0.000     0.000 r  
    PS7_X0Y0             PS7                          0.000     0.000 r  design_1_i/processing_system7_0/inst/PS7_i/FCLKCLK[0]
                         net (fo=1, routed)           1.193     1.193    design_1_i/processing_system7_0/inst/FCLK_CLK_unbuffered[0]
    BUFGCTRL_X0Y16       BUFG (Prop_bufg_I_O)         0.101     1.294 r  design_1_i/processing_system7_0/inst/buffer_fclk_clk_0.FCLK_CLK_0_BUFG/O
                         net (fo=8415, routed)        1.644     2.938    design_1_i/rst_ps7_0_100M/U0/slowest_sync_clk
    SLICE_X45Y84         FDRE                                         r  design_1_i/rst_ps7_0_100M/U0/ACTIVE_LOW_PR_OUT_DFF[0].FDRE_PER_N/C
  -------------------------------------------------------------------    -------------------
    SLICE_X45Y84         FDRE (Prop_fdre_C_Q)         0.456     3.394 r  design_1_i/rst_ps7_0_100M/U0/ACTIVE_LOW_PR_OUT_DFF[0].FDRE_PER_N/Q
                         net (fo=67, routed)          2.616     6.010    design_1_i/axi_interconnect_0/m00_couplers/auto_pc/inst/gen_axi4_axi3.axi3_conv_inst/USE_WRITE.write_addr_inst/USE_BURSTS.cmd_queue/inst/aresetn
    SLICE_X48Y59         LUT1 (Prop_lut1_I0_O)        0.124     6.134 f  design_1_i/axi_interconnect_0/m00_couplers/auto_pc/inst/gen_axi4_axi3.axi3_conv_inst/USE_WRITE.write_addr_inst/USE_BURSTS.cmd_queue/inst/S_AXI_AREADY_I_i_1/O
                         net (fo=237, routed)         2.258     8.393    design_1_i/axi_interconnect_0/m00_couplers/auto_pc/inst/gen_axi4_axi3.axi3_conv_inst/USE_READ.USE_SPLIT_R.read_addr_inst/USE_R_CHANNEL.cmd_queue/inst/fifo_gen_inst/inst_fifo_gen/gconvfifo.rf/grf.rf/rstblk/ngwrdrst.grst.g7serrst.gnsckt_wrst.rst_wr_reg2_inst/src_arst
    SLICE_X57Y52         FDPE                                         f  design_1_i/axi_interconnect_0/m00_couplers/auto_pc/inst/gen_axi4_axi3.axi3_conv_inst/USE_READ.USE_SPLIT_R.read_addr_inst/USE_R_CHANNEL.cmd_queue/inst/fifo_gen_inst/inst_fifo_gen/gconvfifo.rf/grf.rf/rstblk/ngwrdrst.grst.g7serrst.gnsckt_wrst.rst_wr_reg2_inst/arststages_ff_reg[0]/PRE
  -------------------------------------------------------------------    -------------------

                         (clock clk_fpga_0 rise edge)
                                                      0.000     0.000 r  
    PS7_X0Y0             PS7                          0.000     0.000 r  design_1_i/processing_system7_0/inst/PS7_i/FCLKCLK[0]
                         net (fo=1, routed)           1.088     1.088    design_1_i/processing_system7_0/inst/FCLK_CLK_unbuffered[0]
    BUFGCTRL_X0Y16       BUFG (Prop_bufg_I_O)         0.091     1.179 r  design_1_i/processing_system7_0/inst/buffer_fclk_clk_0.FCLK_CLK_0_BUFG/O
                         net (fo=8415, routed)        1.538     2.717    design_1_i/axi_interconnect_0/m00_couplers/auto_pc/inst/gen_axi4_axi3.axi3_conv_inst/USE_READ.USE_SPLIT_R.read_addr_inst/USE_R_CHANNEL.cmd_queue/inst/fifo_gen_inst/inst_fifo_gen/gconvfifo.rf/grf.rf/rstblk/ngwrdrst.grst.g7serrst.gnsckt_wrst.rst_wr_reg2_inst/dest_clk
    SLICE_X57Y52         FDPE                                         r  design_1_i/axi_interconnect_0/m00_couplers/auto_pc/inst/gen_axi4_axi3.axi3_conv_inst/USE_READ.USE_SPLIT_R.read_addr_inst/USE_R_CHANNEL.cmd_queue/inst/fifo_gen_inst/inst_fifo_gen/gconvfifo.rf/grf.rf/rstblk/ngwrdrst.grst.g7serrst.gnsckt_wrst.rst_wr_reg2_inst/arststages_ff_reg[0]/C

Slack:                    inf
  Source:                 design_1_i/rst_ps7_0_100M/U0/ACTIVE_LOW_PR_OUT_DFF[0].FDRE_PER_N/C
                            (rising edge-triggered cell FDRE clocked by clk_fpga_0  {rise@0.000ns fall@10.000ns period=20.000ns})
  Destination:            design_1_i/axi_interconnect_0/m00_couplers/auto_pc/inst/gen_axi4_axi3.axi3_conv_inst/USE_READ.USE_SPLIT_R.read_addr_inst/USE_R_CHANNEL.cmd_queue/inst/fifo_gen_inst/inst_fifo_gen/gconvfifo.rf/grf.rf/rstblk/ngwrdrst.grst.g7serrst.gnsckt_wrst.rst_wr_reg2_inst/arststages_ff_reg[1]/PRE
                            (recovery check against rising-edge clock clk_fpga_0  {rise@0.000ns fall@10.000ns period=20.000ns})
  Path Group:             (none)
  Path Type:              Recovery (Max at Slow Process Corner)
  Data Path Delay:        5.455ns  (logic 0.580ns (10.633%)  route 4.875ns (89.367%))
  Logic Levels:           1  (LUT1=1)
  Clock Path Skew:        -0.221ns (DCD - SCD + CPR)
    Destination Clock Delay (DCD):    2.717ns
    Source Clock Delay      (SCD):    2.938ns
    Clock Pessimism Removal (CPR):    0.000ns
  Clock Uncertainty:      0.302ns  ((TSJ^2 + TIJ^2)^1/2 + DJ) / 2 + PE
    Total System Jitter     (TSJ):    0.071ns
    Total Input Jitter      (TIJ):    0.600ns
    Discrete Jitter          (DJ):    0.000ns
    Phase Error              (PE):    0.000ns
  Timing Exception:       False Path

    Location             Delay type                Incr(ns)  Path(ns)    Netlist Resource(s)
  -------------------------------------------------------------------    -------------------
                         (clock clk_fpga_0 rise edge)
                                                      0.000     0.000 r  
    PS7_X0Y0             PS7                          0.000     0.000 r  design_1_i/processing_system7_0/inst/PS7_i/FCLKCLK[0]
                         net (fo=1, routed)           1.193     1.193    design_1_i/processing_system7_0/inst/FCLK_CLK_unbuffered[0]
    BUFGCTRL_X0Y16       BUFG (Prop_bufg_I_O)         0.101     1.294 r  design_1_i/processing_system7_0/inst/buffer_fclk_clk_0.FCLK_CLK_0_BUFG/O
                         net (fo=8415, routed)        1.644     2.938    design_1_i/rst_ps7_0_100M/U0/slowest_sync_clk
    SLICE_X45Y84         FDRE                                         r  design_1_i/rst_ps7_0_100M/U0/ACTIVE_LOW_PR_OUT_DFF[0].FDRE_PER_N/C
  -------------------------------------------------------------------    -------------------
    SLICE_X45Y84         FDRE (Prop_fdre_C_Q)         0.456     3.394 r  design_1_i/rst_ps7_0_100M/U0/ACTIVE_LOW_PR_OUT_DFF[0].FDRE_PER_N/Q
                         net (fo=67, routed)          2.616     6.010    design_1_i/axi_interconnect_0/m00_couplers/auto_pc/inst/gen_axi4_axi3.axi3_conv_inst/USE_WRITE.write_addr_inst/USE_BURSTS.cmd_queue/inst/aresetn
    SLICE_X48Y59         LUT1 (Prop_lut1_I0_O)        0.124     6.134 f  design_1_i/axi_interconnect_0/m00_couplers/auto_pc/inst/gen_axi4_axi3.axi3_conv_inst/USE_WRITE.write_addr_inst/USE_BURSTS.cmd_queue/inst/S_AXI_AREADY_I_i_1/O
                         net (fo=237, routed)         2.258     8.393    design_1_i/axi_interconnect_0/m00_couplers/auto_pc/inst/gen_axi4_axi3.axi3_conv_inst/USE_READ.USE_SPLIT_R.read_addr_inst/USE_R_CHANNEL.cmd_queue/inst/fifo_gen_inst/inst_fifo_gen/gconvfifo.rf/grf.rf/rstblk/ngwrdrst.grst.g7serrst.gnsckt_wrst.rst_wr_reg2_inst/src_arst
    SLICE_X57Y52         FDPE                                         f  design_1_i/axi_interconnect_0/m00_couplers/auto_pc/inst/gen_axi4_axi3.axi3_conv_inst/USE_READ.USE_SPLIT_R.read_addr_inst/USE_R_CHANNEL.cmd_queue/inst/fifo_gen_inst/inst_fifo_gen/gconvfifo.rf/grf.rf/rstblk/ngwrdrst.grst.g7serrst.gnsckt_wrst.rst_wr_reg2_inst/arststages_ff_reg[1]/PRE
  -------------------------------------------------------------------    -------------------

                         (clock clk_fpga_0 rise edge)
                                                      0.000     0.000 r  
    PS7_X0Y0             PS7                          0.000     0.000 r  design_1_i/processing_system7_0/inst/PS7_i/FCLKCLK[0]
                         net (fo=1, routed)           1.088     1.088    design_1_i/processing_system7_0/inst/FCLK_CLK_unbuffered[0]
    BUFGCTRL_X0Y16       BUFG (Prop_bufg_I_O)         0.091     1.179 r  design_1_i/processing_system7_0/inst/buffer_fclk_clk_0.FCLK_CLK_0_BUFG/O
                         net (fo=8415, routed)        1.538     2.717    design_1_i/axi_interconnect_0/m00_couplers/auto_pc/inst/gen_axi4_axi3.axi3_conv_inst/USE_READ.USE_SPLIT_R.read_addr_inst/USE_R_CHANNEL.cmd_queue/inst/fifo_gen_inst/inst_fifo_gen/gconvfifo.rf/grf.rf/rstblk/ngwrdrst.grst.g7serrst.gnsckt_wrst.rst_wr_reg2_inst/dest_clk
    SLICE_X57Y52         FDPE                                         r  design_1_i/axi_interconnect_0/m00_couplers/auto_pc/inst/gen_axi4_axi3.axi3_conv_inst/USE_READ.USE_SPLIT_R.read_addr_inst/USE_R_CHANNEL.cmd_queue/inst/fifo_gen_inst/inst_fifo_gen/gconvfifo.rf/grf.rf/rstblk/ngwrdrst.grst.g7serrst.gnsckt_wrst.rst_wr_reg2_inst/arststages_ff_reg[1]/C

Slack:                    inf
  Source:                 design_1_i/rst_ps7_0_100M/U0/ACTIVE_LOW_PR_OUT_DFF[0].FDRE_PER_N/C
                            (rising edge-triggered cell FDRE clocked by clk_fpga_0  {rise@0.000ns fall@10.000ns period=20.000ns})
  Destination:            design_1_i/axi_interconnect_0/m01_couplers/auto_pc/inst/gen_axi4_axi3.axi3_conv_inst/USE_WRITE.write_addr_inst/USE_B_CHANNEL.cmd_b_queue/inst/fifo_gen_inst/inst_fifo_gen/gconvfifo.rf/grf.rf/rstblk/ngwrdrst.grst.g7serrst.gnsckt_wrst.rst_wr_reg2_inst/arststages_ff_reg[0]/PRE
                            (recovery check against rising-edge clock clk_fpga_0  {rise@0.000ns fall@10.000ns period=20.000ns})
  Path Group:             (none)
  Path Type:              Recovery (Max at Slow Process Corner)
  Data Path Delay:        4.958ns  (logic 0.580ns (11.697%)  route 4.378ns (88.303%))
  Logic Levels:           1  (LUT1=1)
  Clock Path Skew:        -0.291ns (DCD - SCD + CPR)
    Destination Clock Delay (DCD):    2.647ns
    Source Clock Delay      (SCD):    2.938ns
    Clock Pessimism Removal (CPR):    0.000ns
  Clock Uncertainty:      0.302ns  ((TSJ^2 + TIJ^2)^1/2 + DJ) / 2 + PE
    Total System Jitter     (TSJ):    0.071ns
    Total Input Jitter      (TIJ):    0.600ns
    Discrete Jitter          (DJ):    0.000ns
    Phase Error              (PE):    0.000ns
  Timing Exception:       False Path

    Location             Delay type                Incr(ns)  Path(ns)    Netlist Resource(s)
  -------------------------------------------------------------------    -------------------
                         (clock clk_fpga_0 rise edge)
                                                      0.000     0.000 r  
    PS7_X0Y0             PS7                          0.000     0.000 r  design_1_i/processing_system7_0/inst/PS7_i/FCLKCLK[0]
                         net (fo=1, routed)           1.193     1.193    design_1_i/processing_system7_0/inst/FCLK_CLK_unbuffered[0]
    BUFGCTRL_X0Y16       BUFG (Prop_bufg_I_O)         0.101     1.294 r  design_1_i/processing_system7_0/inst/buffer_fclk_clk_0.FCLK_CLK_0_BUFG/O
                         net (fo=8415, routed)        1.644     2.938    design_1_i/rst_ps7_0_100M/U0/slowest_sync_clk
    SLICE_X45Y84         FDRE                                         r  design_1_i/rst_ps7_0_100M/U0/ACTIVE_LOW_PR_OUT_DFF[0].FDRE_PER_N/C
  -------------------------------------------------------------------    -------------------
    SLICE_X45Y84         FDRE (Prop_fdre_C_Q)         0.456     3.394 r  design_1_i/rst_ps7_0_100M/U0/ACTIVE_LOW_PR_OUT_DFF[0].FDRE_PER_N/Q
                         net (fo=67, routed)          1.746     5.140    design_1_i/axi_interconnect_0/m01_couplers/auto_pc/inst/gen_axi4_axi3.axi3_conv_inst/USE_WRITE.write_addr_inst/USE_BURSTS.cmd_queue/inst/aresetn
    SLICE_X38Y68         LUT1 (Prop_lut1_I0_O)        0.124     5.264 f  design_1_i/axi_interconnect_0/m01_couplers/auto_pc/inst/gen_axi4_axi3.axi3_conv_inst/USE_WRITE.write_addr_inst/USE_BURSTS.cmd_queue/inst/S_AXI_AREADY_I_i_1/O
                         net (fo=237, routed)         2.632     7.896    design_1_i/axi_interconnect_0/m01_couplers/auto_pc/inst/gen_axi4_axi3.axi3_conv_inst/USE_WRITE.write_addr_inst/USE_B_CHANNEL.cmd_b_queue/inst/fifo_gen_inst/inst_fifo_gen/gconvfifo.rf/grf.rf/rstblk/ngwrdrst.grst.g7serrst.gnsckt_wrst.rst_wr_reg2_inst/src_arst
    SLICE_X43Y70         FDPE                                         f  design_1_i/axi_interconnect_0/m01_couplers/auto_pc/inst/gen_axi4_axi3.axi3_conv_inst/USE_WRITE.write_addr_inst/USE_B_CHANNEL.cmd_b_queue/inst/fifo_gen_inst/inst_fifo_gen/gconvfifo.rf/grf.rf/rstblk/ngwrdrst.grst.g7serrst.gnsckt_wrst.rst_wr_reg2_inst/arststages_ff_reg[0]/PRE
  -------------------------------------------------------------------    -------------------

                         (clock clk_fpga_0 rise edge)
                                                      0.000     0.000 r  
    PS7_X0Y0             PS7                          0.000     0.000 r  design_1_i/processing_system7_0/inst/PS7_i/FCLKCLK[0]
                         net (fo=1, routed)           1.088     1.088    design_1_i/processing_system7_0/inst/FCLK_CLK_unbuffered[0]
    BUFGCTRL_X0Y16       BUFG (Prop_bufg_I_O)         0.091     1.179 r  design_1_i/processing_system7_0/inst/buffer_fclk_clk_0.FCLK_CLK_0_BUFG/O
                         net (fo=8415, routed)        1.468     2.647    design_1_i/axi_interconnect_0/m01_couplers/auto_pc/inst/gen_axi4_axi3.axi3_conv_inst/USE_WRITE.write_addr_inst/USE_B_CHANNEL.cmd_b_queue/inst/fifo_gen_inst/inst_fifo_gen/gconvfifo.rf/grf.rf/rstblk/ngwrdrst.grst.g7serrst.gnsckt_wrst.rst_wr_reg2_inst/dest_clk
    SLICE_X43Y70         FDPE                                         r  design_1_i/axi_interconnect_0/m01_couplers/auto_pc/inst/gen_axi4_axi3.axi3_conv_inst/USE_WRITE.write_addr_inst/USE_B_CHANNEL.cmd_b_queue/inst/fifo_gen_inst/inst_fifo_gen/gconvfifo.rf/grf.rf/rstblk/ngwrdrst.grst.g7serrst.gnsckt_wrst.rst_wr_reg2_inst/arststages_ff_reg[0]/C

Slack:                    inf
  Source:                 design_1_i/rst_ps7_0_100M/U0/ACTIVE_LOW_PR_OUT_DFF[0].FDRE_PER_N/C
                            (rising edge-triggered cell FDRE clocked by clk_fpga_0  {rise@0.000ns fall@10.000ns period=20.000ns})
  Destination:            design_1_i/axi_interconnect_0/m01_couplers/auto_pc/inst/gen_axi4_axi3.axi3_conv_inst/USE_WRITE.write_addr_inst/USE_B_CHANNEL.cmd_b_queue/inst/fifo_gen_inst/inst_fifo_gen/gconvfifo.rf/grf.rf/rstblk/ngwrdrst.grst.g7serrst.gnsckt_wrst.rst_wr_reg2_inst/arststages_ff_reg[1]/PRE
                            (recovery check against rising-edge clock clk_fpga_0  {rise@0.000ns fall@10.000ns period=20.000ns})
  Path Group:             (none)
  Path Type:              Recovery (Max at Slow Process Corner)
  Data Path Delay:        4.958ns  (logic 0.580ns (11.697%)  route 4.378ns (88.303%))
  Logic Levels:           1  (LUT1=1)
  Clock Path Skew:        -0.291ns (DCD - SCD + CPR)
    Destination Clock Delay (DCD):    2.647ns
    Source Clock Delay      (SCD):    2.938ns
    Clock Pessimism Removal (CPR):    0.000ns
  Clock Uncertainty:      0.302ns  ((TSJ^2 + TIJ^2)^1/2 + DJ) / 2 + PE
    Total System Jitter     (TSJ):    0.071ns
    Total Input Jitter      (TIJ):    0.600ns
    Discrete Jitter          (DJ):    0.000ns
    Phase Error              (PE):    0.000ns
  Timing Exception:       False Path

    Location             Delay type                Incr(ns)  Path(ns)    Netlist Resource(s)
  -------------------------------------------------------------------    -------------------
                         (clock clk_fpga_0 rise edge)
                                                      0.000     0.000 r  
    PS7_X0Y0             PS7                          0.000     0.000 r  design_1_i/processing_system7_0/inst/PS7_i/FCLKCLK[0]
                         net (fo=1, routed)           1.193     1.193    design_1_i/processing_system7_0/inst/FCLK_CLK_unbuffered[0]
    BUFGCTRL_X0Y16       BUFG (Prop_bufg_I_O)         0.101     1.294 r  design_1_i/processing_system7_0/inst/buffer_fclk_clk_0.FCLK_CLK_0_BUFG/O
                         net (fo=8415, routed)        1.644     2.938    design_1_i/rst_ps7_0_100M/U0/slowest_sync_clk
    SLICE_X45Y84         FDRE                                         r  design_1_i/rst_ps7_0_100M/U0/ACTIVE_LOW_PR_OUT_DFF[0].FDRE_PER_N/C
  -------------------------------------------------------------------    -------------------
    SLICE_X45Y84         FDRE (Prop_fdre_C_Q)         0.456     3.394 r  design_1_i/rst_ps7_0_100M/U0/ACTIVE_LOW_PR_OUT_DFF[0].FDRE_PER_N/Q
                         net (fo=67, routed)          1.746     5.140    design_1_i/axi_interconnect_0/m01_couplers/auto_pc/inst/gen_axi4_axi3.axi3_conv_inst/USE_WRITE.write_addr_inst/USE_BURSTS.cmd_queue/inst/aresetn
    SLICE_X38Y68         LUT1 (Prop_lut1_I0_O)        0.124     5.264 f  design_1_i/axi_interconnect_0/m01_couplers/auto_pc/inst/gen_axi4_axi3.axi3_conv_inst/USE_WRITE.write_addr_inst/USE_BURSTS.cmd_queue/inst/S_AXI_AREADY_I_i_1/O
                         net (fo=237, routed)         2.632     7.896    design_1_i/axi_interconnect_0/m01_couplers/auto_pc/inst/gen_axi4_axi3.axi3_conv_inst/USE_WRITE.write_addr_inst/USE_B_CHANNEL.cmd_b_queue/inst/fifo_gen_inst/inst_fifo_gen/gconvfifo.rf/grf.rf/rstblk/ngwrdrst.grst.g7serrst.gnsckt_wrst.rst_wr_reg2_inst/src_arst
    SLICE_X43Y70         FDPE                                         f  design_1_i/axi_interconnect_0/m01_couplers/auto_pc/inst/gen_axi4_axi3.axi3_conv_inst/USE_WRITE.write_addr_inst/USE_B_CHANNEL.cmd_b_queue/inst/fifo_gen_inst/inst_fifo_gen/gconvfifo.rf/grf.rf/rstblk/ngwrdrst.grst.g7serrst.gnsckt_wrst.rst_wr_reg2_inst/arststages_ff_reg[1]/PRE
  -------------------------------------------------------------------    -------------------

                         (clock clk_fpga_0 rise edge)
                                                      0.000     0.000 r  
    PS7_X0Y0             PS7                          0.000     0.000 r  design_1_i/processing_system7_0/inst/PS7_i/FCLKCLK[0]
                         net (fo=1, routed)           1.088     1.088    design_1_i/processing_system7_0/inst/FCLK_CLK_unbuffered[0]
    BUFGCTRL_X0Y16       BUFG (Prop_bufg_I_O)         0.091     1.179 r  design_1_i/processing_system7_0/inst/buffer_fclk_clk_0.FCLK_CLK_0_BUFG/O
                         net (fo=8415, routed)        1.468     2.647    design_1_i/axi_interconnect_0/m01_couplers/auto_pc/inst/gen_axi4_axi3.axi3_conv_inst/USE_WRITE.write_addr_inst/USE_B_CHANNEL.cmd_b_queue/inst/fifo_gen_inst/inst_fifo_gen/gconvfifo.rf/grf.rf/rstblk/ngwrdrst.grst.g7serrst.gnsckt_wrst.rst_wr_reg2_inst/dest_clk
    SLICE_X43Y70         FDPE                                         r  design_1_i/axi_interconnect_0/m01_couplers/auto_pc/inst/gen_axi4_axi3.axi3_conv_inst/USE_WRITE.write_addr_inst/USE_B_CHANNEL.cmd_b_queue/inst/fifo_gen_inst/inst_fifo_gen/gconvfifo.rf/grf.rf/rstblk/ngwrdrst.grst.g7serrst.gnsckt_wrst.rst_wr_reg2_inst/arststages_ff_reg[1]/C

Slack:                    inf
  Source:                 design_1_i/rst_ps7_0_100M/U0/ACTIVE_LOW_PR_OUT_DFF[0].FDRE_PER_N/C
                            (rising edge-triggered cell FDRE clocked by clk_fpga_0  {rise@0.000ns fall@10.000ns period=20.000ns})
  Destination:            design_1_i/axi_interconnect_0/m00_couplers/auto_pc/inst/gen_axi4_axi3.axi3_conv_inst/USE_WRITE.write_addr_inst/USE_B_CHANNEL.cmd_b_queue/inst/fifo_gen_inst/inst_fifo_gen/gconvfifo.rf/grf.rf/rstblk/ngwrdrst.grst.g7serrst.gnsckt_wrst.rst_wr_reg2_inst/arststages_ff_reg[0]/PRE
                            (recovery check against rising-edge clock clk_fpga_0  {rise@0.000ns fall@10.000ns period=20.000ns})
  Path Group:             (none)
  Path Type:              Recovery (Max at Slow Process Corner)
  Data Path Delay:        4.922ns  (logic 0.580ns (11.784%)  route 4.342ns (88.216%))
  Logic Levels:           1  (LUT1=1)
  Clock Path Skew:        -0.225ns (DCD - SCD + CPR)
    Destination Clock Delay (DCD):    2.713ns
    Source Clock Delay      (SCD):    2.938ns
    Clock Pessimism Removal (CPR):    0.000ns
  Clock Uncertainty:      0.302ns  ((TSJ^2 + TIJ^2)^1/2 + DJ) / 2 + PE
    Total System Jitter     (TSJ):    0.071ns
    Total Input Jitter      (TIJ):    0.600ns
    Discrete Jitter          (DJ):    0.000ns
    Phase Error              (PE):    0.000ns
  Timing Exception:       False Path

    Location             Delay type                Incr(ns)  Path(ns)    Netlist Resource(s)
  -------------------------------------------------------------------    -------------------
                         (clock clk_fpga_0 rise edge)
                                                      0.000     0.000 r  
    PS7_X0Y0             PS7                          0.000     0.000 r  design_1_i/processing_system7_0/inst/PS7_i/FCLKCLK[0]
                         net (fo=1, routed)           1.193     1.193    design_1_i/processing_system7_0/inst/FCLK_CLK_unbuffered[0]
    BUFGCTRL_X0Y16       BUFG (Prop_bufg_I_O)         0.101     1.294 r  design_1_i/processing_system7_0/inst/buffer_fclk_clk_0.FCLK_CLK_0_BUFG/O
                         net (fo=8415, routed)        1.644     2.938    design_1_i/rst_ps7_0_100M/U0/slowest_sync_clk
    SLICE_X45Y84         FDRE                                         r  design_1_i/rst_ps7_0_100M/U0/ACTIVE_LOW_PR_OUT_DFF[0].FDRE_PER_N/C
  -------------------------------------------------------------------    -------------------
    SLICE_X45Y84         FDRE (Prop_fdre_C_Q)         0.456     3.394 r  design_1_i/rst_ps7_0_100M/U0/ACTIVE_LOW_PR_OUT_DFF[0].FDRE_PER_N/Q
                         net (fo=67, routed)          2.616     6.010    design_1_i/axi_interconnect_0/m00_couplers/auto_pc/inst/gen_axi4_axi3.axi3_conv_inst/USE_WRITE.write_addr_inst/USE_BURSTS.cmd_queue/inst/aresetn
    SLICE_X48Y59         LUT1 (Prop_lut1_I0_O)        0.124     6.134 f  design_1_i/axi_interconnect_0/m00_couplers/auto_pc/inst/gen_axi4_axi3.axi3_conv_inst/USE_WRITE.write_addr_inst/USE_BURSTS.cmd_queue/inst/S_AXI_AREADY_I_i_1/O
                         net (fo=237, routed)         1.726     7.860    design_1_i/axi_interconnect_0/m00_couplers/auto_pc/inst/gen_axi4_axi3.axi3_conv_inst/USE_WRITE.write_addr_inst/USE_B_CHANNEL.cmd_b_queue/inst/fifo_gen_inst/inst_fifo_gen/gconvfifo.rf/grf.rf/rstblk/ngwrdrst.grst.g7serrst.gnsckt_wrst.rst_wr_reg2_inst/src_arst
    SLICE_X55Y60         FDPE                                         f  design_1_i/axi_interconnect_0/m00_couplers/auto_pc/inst/gen_axi4_axi3.axi3_conv_inst/USE_WRITE.write_addr_inst/USE_B_CHANNEL.cmd_b_queue/inst/fifo_gen_inst/inst_fifo_gen/gconvfifo.rf/grf.rf/rstblk/ngwrdrst.grst.g7serrst.gnsckt_wrst.rst_wr_reg2_inst/arststages_ff_reg[0]/PRE
  -------------------------------------------------------------------    -------------------

                         (clock clk_fpga_0 rise edge)
                                                      0.000     0.000 r  
    PS7_X0Y0             PS7                          0.000     0.000 r  design_1_i/processing_system7_0/inst/PS7_i/FCLKCLK[0]
                         net (fo=1, routed)           1.088     1.088    design_1_i/processing_system7_0/inst/FCLK_CLK_unbuffered[0]
    BUFGCTRL_X0Y16       BUFG (Prop_bufg_I_O)         0.091     1.179 r  design_1_i/processing_system7_0/inst/buffer_fclk_clk_0.FCLK_CLK_0_BUFG/O
                         net (fo=8415, routed)        1.534     2.713    design_1_i/axi_interconnect_0/m00_couplers/auto_pc/inst/gen_axi4_axi3.axi3_conv_inst/USE_WRITE.write_addr_inst/USE_B_CHANNEL.cmd_b_queue/inst/fifo_gen_inst/inst_fifo_gen/gconvfifo.rf/grf.rf/rstblk/ngwrdrst.grst.g7serrst.gnsckt_wrst.rst_wr_reg2_inst/dest_clk
    SLICE_X55Y60         FDPE                                         r  design_1_i/axi_interconnect_0/m00_couplers/auto_pc/inst/gen_axi4_axi3.axi3_conv_inst/USE_WRITE.write_addr_inst/USE_B_CHANNEL.cmd_b_queue/inst/fifo_gen_inst/inst_fifo_gen/gconvfifo.rf/grf.rf/rstblk/ngwrdrst.grst.g7serrst.gnsckt_wrst.rst_wr_reg2_inst/arststages_ff_reg[0]/C

Slack:                    inf
  Source:                 design_1_i/rst_ps7_0_100M/U0/ACTIVE_LOW_PR_OUT_DFF[0].FDRE_PER_N/C
                            (rising edge-triggered cell FDRE clocked by clk_fpga_0  {rise@0.000ns fall@10.000ns period=20.000ns})
  Destination:            design_1_i/axi_interconnect_0/m00_couplers/auto_pc/inst/gen_axi4_axi3.axi3_conv_inst/USE_WRITE.write_addr_inst/USE_B_CHANNEL.cmd_b_queue/inst/fifo_gen_inst/inst_fifo_gen/gconvfifo.rf/grf.rf/rstblk/ngwrdrst.grst.g7serrst.gnsckt_wrst.rst_wr_reg2_inst/arststages_ff_reg[1]/PRE
                            (recovery check against rising-edge clock clk_fpga_0  {rise@0.000ns fall@10.000ns period=20.000ns})
  Path Group:             (none)
  Path Type:              Recovery (Max at Slow Process Corner)
  Data Path Delay:        4.922ns  (logic 0.580ns (11.784%)  route 4.342ns (88.216%))
  Logic Levels:           1  (LUT1=1)
  Clock Path Skew:        -0.225ns (DCD - SCD + CPR)
    Destination Clock Delay (DCD):    2.713ns
    Source Clock Delay      (SCD):    2.938ns
    Clock Pessimism Removal (CPR):    0.000ns
  Clock Uncertainty:      0.302ns  ((TSJ^2 + TIJ^2)^1/2 + DJ) / 2 + PE
    Total System Jitter     (TSJ):    0.071ns
    Total Input Jitter      (TIJ):    0.600ns
    Discrete Jitter          (DJ):    0.000ns
    Phase Error              (PE):    0.000ns
  Timing Exception:       False Path

    Location             Delay type                Incr(ns)  Path(ns)    Netlist Resource(s)
  -------------------------------------------------------------------    -------------------
                         (clock clk_fpga_0 rise edge)
                                                      0.000     0.000 r  
    PS7_X0Y0             PS7                          0.000     0.000 r  design_1_i/processing_system7_0/inst/PS7_i/FCLKCLK[0]
                         net (fo=1, routed)           1.193     1.193    design_1_i/processing_system7_0/inst/FCLK_CLK_unbuffered[0]
    BUFGCTRL_X0Y16       BUFG (Prop_bufg_I_O)         0.101     1.294 r  design_1_i/processing_system7_0/inst/buffer_fclk_clk_0.FCLK_CLK_0_BUFG/O
                         net (fo=8415, routed)        1.644     2.938    design_1_i/rst_ps7_0_100M/U0/slowest_sync_clk
    SLICE_X45Y84         FDRE                                         r  design_1_i/rst_ps7_0_100M/U0/ACTIVE_LOW_PR_OUT_DFF[0].FDRE_PER_N/C
  -------------------------------------------------------------------    -------------------
    SLICE_X45Y84         FDRE (Prop_fdre_C_Q)         0.456     3.394 r  design_1_i/rst_ps7_0_100M/U0/ACTIVE_LOW_PR_OUT_DFF[0].FDRE_PER_N/Q
                         net (fo=67, routed)          2.616     6.010    design_1_i/axi_interconnect_0/m00_couplers/auto_pc/inst/gen_axi4_axi3.axi3_conv_inst/USE_WRITE.write_addr_inst/USE_BURSTS.cmd_queue/inst/aresetn
    SLICE_X48Y59         LUT1 (Prop_lut1_I0_O)        0.124     6.134 f  design_1_i/axi_interconnect_0/m00_couplers/auto_pc/inst/gen_axi4_axi3.axi3_conv_inst/USE_WRITE.write_addr_inst/USE_BURSTS.cmd_queue/inst/S_AXI_AREADY_I_i_1/O
                         net (fo=237, routed)         1.726     7.860    design_1_i/axi_interconnect_0/m00_couplers/auto_pc/inst/gen_axi4_axi3.axi3_conv_inst/USE_WRITE.write_addr_inst/USE_B_CHANNEL.cmd_b_queue/inst/fifo_gen_inst/inst_fifo_gen/gconvfifo.rf/grf.rf/rstblk/ngwrdrst.grst.g7serrst.gnsckt_wrst.rst_wr_reg2_inst/src_arst
    SLICE_X55Y60         FDPE                                         f  design_1_i/axi_interconnect_0/m00_couplers/auto_pc/inst/gen_axi4_axi3.axi3_conv_inst/USE_WRITE.write_addr_inst/USE_B_CHANNEL.cmd_b_queue/inst/fifo_gen_inst/inst_fifo_gen/gconvfifo.rf/grf.rf/rstblk/ngwrdrst.grst.g7serrst.gnsckt_wrst.rst_wr_reg2_inst/arststages_ff_reg[1]/PRE
  -------------------------------------------------------------------    -------------------

                         (clock clk_fpga_0 rise edge)
                                                      0.000     0.000 r  
    PS7_X0Y0             PS7                          0.000     0.000 r  design_1_i/processing_system7_0/inst/PS7_i/FCLKCLK[0]
                         net (fo=1, routed)           1.088     1.088    design_1_i/processing_system7_0/inst/FCLK_CLK_unbuffered[0]
    BUFGCTRL_X0Y16       BUFG (Prop_bufg_I_O)         0.091     1.179 r  design_1_i/processing_system7_0/inst/buffer_fclk_clk_0.FCLK_CLK_0_BUFG/O
                         net (fo=8415, routed)        1.534     2.713    design_1_i/axi_interconnect_0/m00_couplers/auto_pc/inst/gen_axi4_axi3.axi3_conv_inst/USE_WRITE.write_addr_inst/USE_B_CHANNEL.cmd_b_queue/inst/fifo_gen_inst/inst_fifo_gen/gconvfifo.rf/grf.rf/rstblk/ngwrdrst.grst.g7serrst.gnsckt_wrst.rst_wr_reg2_inst/dest_clk
    SLICE_X55Y60         FDPE                                         r  design_1_i/axi_interconnect_0/m00_couplers/auto_pc/inst/gen_axi4_axi3.axi3_conv_inst/USE_WRITE.write_addr_inst/USE_B_CHANNEL.cmd_b_queue/inst/fifo_gen_inst/inst_fifo_gen/gconvfifo.rf/grf.rf/rstblk/ngwrdrst.grst.g7serrst.gnsckt_wrst.rst_wr_reg2_inst/arststages_ff_reg[1]/C





Min Delay Paths
--------------------------------------------------------------------------------------
Slack:                    inf
  Source:                 design_1_i/rst_ps7_0_100M/U0/ACTIVE_LOW_PR_OUT_DFF[0].FDRE_PER_N/C
                            (rising edge-triggered cell FDRE clocked by clk_fpga_0  {rise@0.000ns fall@10.000ns period=20.000ns})
  Destination:            design_1_i/axi_interconnect_0/m00_couplers/auto_pc/inst/gen_axi4_axi3.axi3_conv_inst/USE_WRITE.write_addr_inst/USE_BURSTS.cmd_queue/inst/fifo_gen_inst/inst_fifo_gen/gconvfifo.rf/grf.rf/rstblk/ngwrdrst.grst.g7serrst.gnsckt_wrst.rst_wr_reg2_inst/arststages_ff_reg[0]/PRE
                            (removal check against rising-edge clock clk_fpga_0  {rise@0.000ns fall@10.000ns period=20.000ns})
  Path Group:             (none)
  Path Type:              Removal (Min at Fast Process Corner)
  Data Path Delay:        1.703ns  (logic 0.186ns (10.923%)  route 1.517ns (89.077%))
  Logic Levels:           1  (LUT1=1)
  Clock Path Skew:        0.294ns (DCD - SCD - CPR)
    Destination Clock Delay (DCD):    1.182ns
    Source Clock Delay      (SCD):    0.888ns
    Clock Pessimism Removal (CPR):    -0.000ns
  Clock Uncertainty:      0.302ns  ((TSJ^2 + TIJ^2)^1/2 + DJ) / 2 + PE
    Total System Jitter     (TSJ):    0.071ns
    Total Input Jitter      (TIJ):    0.600ns
    Discrete Jitter          (DJ):    0.000ns
    Phase Error              (PE):    0.000ns
  Timing Exception:       False Path

    Location             Delay type                Incr(ns)  Path(ns)    Netlist Resource(s)
  -------------------------------------------------------------------    -------------------
                         (clock clk_fpga_0 rise edge)
                                                      0.000     0.000 r  
    PS7_X0Y0             PS7                          0.000     0.000 r  design_1_i/processing_system7_0/inst/PS7_i/FCLKCLK[0]
                         net (fo=1, routed)           0.310     0.310    design_1_i/processing_system7_0/inst/FCLK_CLK_unbuffered[0]
    BUFGCTRL_X0Y16       BUFG (Prop_bufg_I_O)         0.026     0.336 r  design_1_i/processing_system7_0/inst/buffer_fclk_clk_0.FCLK_CLK_0_BUFG/O
                         net (fo=8415, routed)        0.552     0.888    design_1_i/rst_ps7_0_100M/U0/slowest_sync_clk
    SLICE_X45Y84         FDRE                                         r  design_1_i/rst_ps7_0_100M/U0/ACTIVE_LOW_PR_OUT_DFF[0].FDRE_PER_N/C
  -------------------------------------------------------------------    -------------------
    SLICE_X45Y84         FDRE (Prop_fdre_C_Q)         0.141     1.029 r  design_1_i/rst_ps7_0_100M/U0/ACTIVE_LOW_PR_OUT_DFF[0].FDRE_PER_N/Q
                         net (fo=67, routed)          1.076     2.105    design_1_i/axi_interconnect_0/m00_couplers/auto_pc/inst/gen_axi4_axi3.axi3_conv_inst/USE_WRITE.write_addr_inst/USE_BURSTS.cmd_queue/inst/aresetn
    SLICE_X48Y59         LUT1 (Prop_lut1_I0_O)        0.045     2.150 f  design_1_i/axi_interconnect_0/m00_couplers/auto_pc/inst/gen_axi4_axi3.axi3_conv_inst/USE_WRITE.write_addr_inst/USE_BURSTS.cmd_queue/inst/S_AXI_AREADY_I_i_1/O
                         net (fo=237, routed)         0.440     2.590    design_1_i/axi_interconnect_0/m00_couplers/auto_pc/inst/gen_axi4_axi3.axi3_conv_inst/USE_WRITE.write_addr_inst/USE_BURSTS.cmd_queue/inst/fifo_gen_inst/inst_fifo_gen/gconvfifo.rf/grf.rf/rstblk/ngwrdrst.grst.g7serrst.gnsckt_wrst.rst_wr_reg2_inst/src_arst
    SLICE_X50Y62         FDPE                                         f  design_1_i/axi_interconnect_0/m00_couplers/auto_pc/inst/gen_axi4_axi3.axi3_conv_inst/USE_WRITE.write_addr_inst/USE_BURSTS.cmd_queue/inst/fifo_gen_inst/inst_fifo_gen/gconvfifo.rf/grf.rf/rstblk/ngwrdrst.grst.g7serrst.gnsckt_wrst.rst_wr_reg2_inst/arststages_ff_reg[0]/PRE
  -------------------------------------------------------------------    -------------------

                         (clock clk_fpga_0 rise edge)
                                                      0.000     0.000 r  
    PS7_X0Y0             PS7                          0.000     0.000 r  design_1_i/processing_system7_0/inst/PS7_i/FCLKCLK[0]
                         net (fo=1, routed)           0.337     0.337    design_1_i/processing_system7_0/inst/FCLK_CLK_unbuffered[0]
    BUFGCTRL_X0Y16       BUFG (Prop_bufg_I_O)         0.029     0.366 r  design_1_i/processing_system7_0/inst/buffer_fclk_clk_0.FCLK_CLK_0_BUFG/O
                         net (fo=8415, routed)        0.816     1.182    design_1_i/axi_interconnect_0/m00_couplers/auto_pc/inst/gen_axi4_axi3.axi3_conv_inst/USE_WRITE.write_addr_inst/USE_BURSTS.cmd_queue/inst/fifo_gen_inst/inst_fifo_gen/gconvfifo.rf/grf.rf/rstblk/ngwrdrst.grst.g7serrst.gnsckt_wrst.rst_wr_reg2_inst/dest_clk
    SLICE_X50Y62         FDPE                                         r  design_1_i/axi_interconnect_0/m00_couplers/auto_pc/inst/gen_axi4_axi3.axi3_conv_inst/USE_WRITE.write_addr_inst/USE_BURSTS.cmd_queue/inst/fifo_gen_inst/inst_fifo_gen/gconvfifo.rf/grf.rf/rstblk/ngwrdrst.grst.g7serrst.gnsckt_wrst.rst_wr_reg2_inst/arststages_ff_reg[0]/C

Slack:                    inf
  Source:                 design_1_i/rst_ps7_0_100M/U0/ACTIVE_LOW_PR_OUT_DFF[0].FDRE_PER_N/C
                            (rising edge-triggered cell FDRE clocked by clk_fpga_0  {rise@0.000ns fall@10.000ns period=20.000ns})
  Destination:            design_1_i/axi_interconnect_0/m00_couplers/auto_pc/inst/gen_axi4_axi3.axi3_conv_inst/USE_WRITE.write_addr_inst/USE_BURSTS.cmd_queue/inst/fifo_gen_inst/inst_fifo_gen/gconvfifo.rf/grf.rf/rstblk/ngwrdrst.grst.g7serrst.gnsckt_wrst.rst_wr_reg2_inst/arststages_ff_reg[1]/PRE
                            (removal check against rising-edge clock clk_fpga_0  {rise@0.000ns fall@10.000ns period=20.000ns})
  Path Group:             (none)
  Path Type:              Removal (Min at Fast Process Corner)
  Data Path Delay:        1.703ns  (logic 0.186ns (10.923%)  route 1.517ns (89.077%))
  Logic Levels:           1  (LUT1=1)
  Clock Path Skew:        0.294ns (DCD - SCD - CPR)
    Destination Clock Delay (DCD):    1.182ns
    Source Clock Delay      (SCD):    0.888ns
    Clock Pessimism Removal (CPR):    -0.000ns
  Clock Uncertainty:      0.302ns  ((TSJ^2 + TIJ^2)^1/2 + DJ) / 2 + PE
    Total System Jitter     (TSJ):    0.071ns
    Total Input Jitter      (TIJ):    0.600ns
    Discrete Jitter          (DJ):    0.000ns
    Phase Error              (PE):    0.000ns
  Timing Exception:       False Path

    Location             Delay type                Incr(ns)  Path(ns)    Netlist Resource(s)
  -------------------------------------------------------------------    -------------------
                         (clock clk_fpga_0 rise edge)
                                                      0.000     0.000 r  
    PS7_X0Y0             PS7                          0.000     0.000 r  design_1_i/processing_system7_0/inst/PS7_i/FCLKCLK[0]
                         net (fo=1, routed)           0.310     0.310    design_1_i/processing_system7_0/inst/FCLK_CLK_unbuffered[0]
    BUFGCTRL_X0Y16       BUFG (Prop_bufg_I_O)         0.026     0.336 r  design_1_i/processing_system7_0/inst/buffer_fclk_clk_0.FCLK_CLK_0_BUFG/O
                         net (fo=8415, routed)        0.552     0.888    design_1_i/rst_ps7_0_100M/U0/slowest_sync_clk
    SLICE_X45Y84         FDRE                                         r  design_1_i/rst_ps7_0_100M/U0/ACTIVE_LOW_PR_OUT_DFF[0].FDRE_PER_N/C
  -------------------------------------------------------------------    -------------------
    SLICE_X45Y84         FDRE (Prop_fdre_C_Q)         0.141     1.029 r  design_1_i/rst_ps7_0_100M/U0/ACTIVE_LOW_PR_OUT_DFF[0].FDRE_PER_N/Q
                         net (fo=67, routed)          1.076     2.105    design_1_i/axi_interconnect_0/m00_couplers/auto_pc/inst/gen_axi4_axi3.axi3_conv_inst/USE_WRITE.write_addr_inst/USE_BURSTS.cmd_queue/inst/aresetn
    SLICE_X48Y59         LUT1 (Prop_lut1_I0_O)        0.045     2.150 f  design_1_i/axi_interconnect_0/m00_couplers/auto_pc/inst/gen_axi4_axi3.axi3_conv_inst/USE_WRITE.write_addr_inst/USE_BURSTS.cmd_queue/inst/S_AXI_AREADY_I_i_1/O
                         net (fo=237, routed)         0.440     2.590    design_1_i/axi_interconnect_0/m00_couplers/auto_pc/inst/gen_axi4_axi3.axi3_conv_inst/USE_WRITE.write_addr_inst/USE_BURSTS.cmd_queue/inst/fifo_gen_inst/inst_fifo_gen/gconvfifo.rf/grf.rf/rstblk/ngwrdrst.grst.g7serrst.gnsckt_wrst.rst_wr_reg2_inst/src_arst
    SLICE_X50Y62         FDPE                                         f  design_1_i/axi_interconnect_0/m00_couplers/auto_pc/inst/gen_axi4_axi3.axi3_conv_inst/USE_WRITE.write_addr_inst/USE_BURSTS.cmd_queue/inst/fifo_gen_inst/inst_fifo_gen/gconvfifo.rf/grf.rf/rstblk/ngwrdrst.grst.g7serrst.gnsckt_wrst.rst_wr_reg2_inst/arststages_ff_reg[1]/PRE
  -------------------------------------------------------------------    -------------------

                         (clock clk_fpga_0 rise edge)
                                                      0.000     0.000 r  
    PS7_X0Y0             PS7                          0.000     0.000 r  design_1_i/processing_system7_0/inst/PS7_i/FCLKCLK[0]
                         net (fo=1, routed)           0.337     0.337    design_1_i/processing_system7_0/inst/FCLK_CLK_unbuffered[0]
    BUFGCTRL_X0Y16       BUFG (Prop_bufg_I_O)         0.029     0.366 r  design_1_i/processing_system7_0/inst/buffer_fclk_clk_0.FCLK_CLK_0_BUFG/O
                         net (fo=8415, routed)        0.816     1.182    design_1_i/axi_interconnect_0/m00_couplers/auto_pc/inst/gen_axi4_axi3.axi3_conv_inst/USE_WRITE.write_addr_inst/USE_BURSTS.cmd_queue/inst/fifo_gen_inst/inst_fifo_gen/gconvfifo.rf/grf.rf/rstblk/ngwrdrst.grst.g7serrst.gnsckt_wrst.rst_wr_reg2_inst/dest_clk
    SLICE_X50Y62         FDPE                                         r  design_1_i/axi_interconnect_0/m00_couplers/auto_pc/inst/gen_axi4_axi3.axi3_conv_inst/USE_WRITE.write_addr_inst/USE_BURSTS.cmd_queue/inst/fifo_gen_inst/inst_fifo_gen/gconvfifo.rf/grf.rf/rstblk/ngwrdrst.grst.g7serrst.gnsckt_wrst.rst_wr_reg2_inst/arststages_ff_reg[1]/C

Slack:                    inf
  Source:                 design_1_i/rst_ps7_0_100M/U0/ACTIVE_LOW_PR_OUT_DFF[0].FDRE_PER_N/C
                            (rising edge-triggered cell FDRE clocked by clk_fpga_0  {rise@0.000ns fall@10.000ns period=20.000ns})
  Destination:            design_1_i/axi_interconnect_0/m01_couplers/auto_pc/inst/gen_axi4_axi3.axi3_conv_inst/USE_WRITE.write_addr_inst/USE_B_CHANNEL.cmd_b_queue/inst/fifo_gen_inst/inst_fifo_gen/gconvfifo.rf/grf.rf/rstblk/ngwrdrst.grst.g7serrst.gnsckt_wrst.rst_wr_reg2_inst/arststages_ff_reg[0]/PRE
                            (removal check against rising-edge clock clk_fpga_0  {rise@0.000ns fall@10.000ns period=20.000ns})
  Path Group:             (none)
  Path Type:              Removal (Min at Fast Process Corner)
  Data Path Delay:        1.989ns  (logic 0.186ns (9.350%)  route 1.803ns (90.650%))
  Logic Levels:           1  (LUT1=1)
  Clock Path Skew:        0.291ns (DCD - SCD - CPR)
    Destination Clock Delay (DCD):    1.179ns
    Source Clock Delay      (SCD):    0.888ns
    Clock Pessimism Removal (CPR):    -0.000ns
  Clock Uncertainty:      0.302ns  ((TSJ^2 + TIJ^2)^1/2 + DJ) / 2 + PE
    Total System Jitter     (TSJ):    0.071ns
    Total Input Jitter      (TIJ):    0.600ns
    Discrete Jitter          (DJ):    0.000ns
    Phase Error              (PE):    0.000ns
  Timing Exception:       False Path

    Location             Delay type                Incr(ns)  Path(ns)    Netlist Resource(s)
  -------------------------------------------------------------------    -------------------
                         (clock clk_fpga_0 rise edge)
                                                      0.000     0.000 r  
    PS7_X0Y0             PS7                          0.000     0.000 r  design_1_i/processing_system7_0/inst/PS7_i/FCLKCLK[0]
                         net (fo=1, routed)           0.310     0.310    design_1_i/processing_system7_0/inst/FCLK_CLK_unbuffered[0]
    BUFGCTRL_X0Y16       BUFG (Prop_bufg_I_O)         0.026     0.336 r  design_1_i/processing_system7_0/inst/buffer_fclk_clk_0.FCLK_CLK_0_BUFG/O
                         net (fo=8415, routed)        0.552     0.888    design_1_i/rst_ps7_0_100M/U0/slowest_sync_clk
    SLICE_X45Y84         FDRE                                         r  design_1_i/rst_ps7_0_100M/U0/ACTIVE_LOW_PR_OUT_DFF[0].FDRE_PER_N/C
  -------------------------------------------------------------------    -------------------
    SLICE_X45Y84         FDRE (Prop_fdre_C_Q)         0.141     1.029 r  design_1_i/rst_ps7_0_100M/U0/ACTIVE_LOW_PR_OUT_DFF[0].FDRE_PER_N/Q
                         net (fo=67, routed)          0.708     1.737    design_1_i/axi_interconnect_0/m01_couplers/auto_pc/inst/gen_axi4_axi3.axi3_conv_inst/USE_WRITE.write_addr_inst/USE_BURSTS.cmd_queue/inst/aresetn
    SLICE_X38Y68         LUT1 (Prop_lut1_I0_O)        0.045     1.782 f  design_1_i/axi_interconnect_0/m01_couplers/auto_pc/inst/gen_axi4_axi3.axi3_conv_inst/USE_WRITE.write_addr_inst/USE_BURSTS.cmd_queue/inst/S_AXI_AREADY_I_i_1/O
                         net (fo=237, routed)         1.095     2.877    design_1_i/axi_interconnect_0/m01_couplers/auto_pc/inst/gen_axi4_axi3.axi3_conv_inst/USE_WRITE.write_addr_inst/USE_B_CHANNEL.cmd_b_queue/inst/fifo_gen_inst/inst_fifo_gen/gconvfifo.rf/grf.rf/rstblk/ngwrdrst.grst.g7serrst.gnsckt_wrst.rst_wr_reg2_inst/src_arst
    SLICE_X43Y70         FDPE                                         f  design_1_i/axi_interconnect_0/m01_couplers/auto_pc/inst/gen_axi4_axi3.axi3_conv_inst/USE_WRITE.write_addr_inst/USE_B_CHANNEL.cmd_b_queue/inst/fifo_gen_inst/inst_fifo_gen/gconvfifo.rf/grf.rf/rstblk/ngwrdrst.grst.g7serrst.gnsckt_wrst.rst_wr_reg2_inst/arststages_ff_reg[0]/PRE
  -------------------------------------------------------------------    -------------------

                         (clock clk_fpga_0 rise edge)
                                                      0.000     0.000 r  
    PS7_X0Y0             PS7                          0.000     0.000 r  design_1_i/processing_system7_0/inst/PS7_i/FCLKCLK[0]
                         net (fo=1, routed)           0.337     0.337    design_1_i/processing_system7_0/inst/FCLK_CLK_unbuffered[0]
    BUFGCTRL_X0Y16       BUFG (Prop_bufg_I_O)         0.029     0.366 r  design_1_i/processing_system7_0/inst/buffer_fclk_clk_0.FCLK_CLK_0_BUFG/O
                         net (fo=8415, routed)        0.813     1.179    design_1_i/axi_interconnect_0/m01_couplers/auto_pc/inst/gen_axi4_axi3.axi3_conv_inst/USE_WRITE.write_addr_inst/USE_B_CHANNEL.cmd_b_queue/inst/fifo_gen_inst/inst_fifo_gen/gconvfifo.rf/grf.rf/rstblk/ngwrdrst.grst.g7serrst.gnsckt_wrst.rst_wr_reg2_inst/dest_clk
    SLICE_X43Y70         FDPE                                         r  design_1_i/axi_interconnect_0/m01_couplers/auto_pc/inst/gen_axi4_axi3.axi3_conv_inst/USE_WRITE.write_addr_inst/USE_B_CHANNEL.cmd_b_queue/inst/fifo_gen_inst/inst_fifo_gen/gconvfifo.rf/grf.rf/rstblk/ngwrdrst.grst.g7serrst.gnsckt_wrst.rst_wr_reg2_inst/arststages_ff_reg[0]/C

Slack:                    inf
  Source:                 design_1_i/rst_ps7_0_100M/U0/ACTIVE_LOW_PR_OUT_DFF[0].FDRE_PER_N/C
                            (rising edge-triggered cell FDRE clocked by clk_fpga_0  {rise@0.000ns fall@10.000ns period=20.000ns})
  Destination:            design_1_i/axi_interconnect_0/m01_couplers/auto_pc/inst/gen_axi4_axi3.axi3_conv_inst/USE_WRITE.write_addr_inst/USE_B_CHANNEL.cmd_b_queue/inst/fifo_gen_inst/inst_fifo_gen/gconvfifo.rf/grf.rf/rstblk/ngwrdrst.grst.g7serrst.gnsckt_wrst.rst_wr_reg2_inst/arststages_ff_reg[1]/PRE
                            (removal check against rising-edge clock clk_fpga_0  {rise@0.000ns fall@10.000ns period=20.000ns})
  Path Group:             (none)
  Path Type:              Removal (Min at Fast Process Corner)
  Data Path Delay:        1.989ns  (logic 0.186ns (9.350%)  route 1.803ns (90.650%))
  Logic Levels:           1  (LUT1=1)
  Clock Path Skew:        0.291ns (DCD - SCD - CPR)
    Destination Clock Delay (DCD):    1.179ns
    Source Clock Delay      (SCD):    0.888ns
    Clock Pessimism Removal (CPR):    -0.000ns
  Clock Uncertainty:      0.302ns  ((TSJ^2 + TIJ^2)^1/2 + DJ) / 2 + PE
    Total System Jitter     (TSJ):    0.071ns
    Total Input Jitter      (TIJ):    0.600ns
    Discrete Jitter          (DJ):    0.000ns
    Phase Error              (PE):    0.000ns
  Timing Exception:       False Path

    Location             Delay type                Incr(ns)  Path(ns)    Netlist Resource(s)
  -------------------------------------------------------------------    -------------------
                         (clock clk_fpga_0 rise edge)
                                                      0.000     0.000 r  
    PS7_X0Y0             PS7                          0.000     0.000 r  design_1_i/processing_system7_0/inst/PS7_i/FCLKCLK[0]
                         net (fo=1, routed)           0.310     0.310    design_1_i/processing_system7_0/inst/FCLK_CLK_unbuffered[0]
    BUFGCTRL_X0Y16       BUFG (Prop_bufg_I_O)         0.026     0.336 r  design_1_i/processing_system7_0/inst/buffer_fclk_clk_0.FCLK_CLK_0_BUFG/O
                         net (fo=8415, routed)        0.552     0.888    design_1_i/rst_ps7_0_100M/U0/slowest_sync_clk
    SLICE_X45Y84         FDRE                                         r  design_1_i/rst_ps7_0_100M/U0/ACTIVE_LOW_PR_OUT_DFF[0].FDRE_PER_N/C
  -------------------------------------------------------------------    -------------------
    SLICE_X45Y84         FDRE (Prop_fdre_C_Q)         0.141     1.029 r  design_1_i/rst_ps7_0_100M/U0/ACTIVE_LOW_PR_OUT_DFF[0].FDRE_PER_N/Q
                         net (fo=67, routed)          0.708     1.737    design_1_i/axi_interconnect_0/m01_couplers/auto_pc/inst/gen_axi4_axi3.axi3_conv_inst/USE_WRITE.write_addr_inst/USE_BURSTS.cmd_queue/inst/aresetn
    SLICE_X38Y68         LUT1 (Prop_lut1_I0_O)        0.045     1.782 f  design_1_i/axi_interconnect_0/m01_couplers/auto_pc/inst/gen_axi4_axi3.axi3_conv_inst/USE_WRITE.write_addr_inst/USE_BURSTS.cmd_queue/inst/S_AXI_AREADY_I_i_1/O
                         net (fo=237, routed)         1.095     2.877    design_1_i/axi_interconnect_0/m01_couplers/auto_pc/inst/gen_axi4_axi3.axi3_conv_inst/USE_WRITE.write_addr_inst/USE_B_CHANNEL.cmd_b_queue/inst/fifo_gen_inst/inst_fifo_gen/gconvfifo.rf/grf.rf/rstblk/ngwrdrst.grst.g7serrst.gnsckt_wrst.rst_wr_reg2_inst/src_arst
    SLICE_X43Y70         FDPE                                         f  design_1_i/axi_interconnect_0/m01_couplers/auto_pc/inst/gen_axi4_axi3.axi3_conv_inst/USE_WRITE.write_addr_inst/USE_B_CHANNEL.cmd_b_queue/inst/fifo_gen_inst/inst_fifo_gen/gconvfifo.rf/grf.rf/rstblk/ngwrdrst.grst.g7serrst.gnsckt_wrst.rst_wr_reg2_inst/arststages_ff_reg[1]/PRE
  -------------------------------------------------------------------    -------------------

                         (clock clk_fpga_0 rise edge)
                                                      0.000     0.000 r  
    PS7_X0Y0             PS7                          0.000     0.000 r  design_1_i/processing_system7_0/inst/PS7_i/FCLKCLK[0]
                         net (fo=1, routed)           0.337     0.337    design_1_i/processing_system7_0/inst/FCLK_CLK_unbuffered[0]
    BUFGCTRL_X0Y16       BUFG (Prop_bufg_I_O)         0.029     0.366 r  design_1_i/processing_system7_0/inst/buffer_fclk_clk_0.FCLK_CLK_0_BUFG/O
                         net (fo=8415, routed)        0.813     1.179    design_1_i/axi_interconnect_0/m01_couplers/auto_pc/inst/gen_axi4_axi3.axi3_conv_inst/USE_WRITE.write_addr_inst/USE_B_CHANNEL.cmd_b_queue/inst/fifo_gen_inst/inst_fifo_gen/gconvfifo.rf/grf.rf/rstblk/ngwrdrst.grst.g7serrst.gnsckt_wrst.rst_wr_reg2_inst/dest_clk
    SLICE_X43Y70         FDPE                                         r  design_1_i/axi_interconnect_0/m01_couplers/auto_pc/inst/gen_axi4_axi3.axi3_conv_inst/USE_WRITE.write_addr_inst/USE_B_CHANNEL.cmd_b_queue/inst/fifo_gen_inst/inst_fifo_gen/gconvfifo.rf/grf.rf/rstblk/ngwrdrst.grst.g7serrst.gnsckt_wrst.rst_wr_reg2_inst/arststages_ff_reg[1]/C

Slack:                    inf
  Source:                 design_1_i/rst_ps7_0_100M/U0/ACTIVE_LOW_PR_OUT_DFF[0].FDRE_PER_N/C
                            (rising edge-triggered cell FDRE clocked by clk_fpga_0  {rise@0.000ns fall@10.000ns period=20.000ns})
  Destination:            design_1_i/axi_interconnect_0/m00_couplers/auto_pc/inst/gen_axi4_axi3.axi3_conv_inst/USE_WRITE.write_addr_inst/USE_B_CHANNEL.cmd_b_queue/inst/fifo_gen_inst/inst_fifo_gen/gconvfifo.rf/grf.rf/rstblk/ngwrdrst.grst.g7serrst.gnsckt_wrst.rst_wr_reg2_inst/arststages_ff_reg[0]/PRE
                            (removal check against rising-edge clock clk_fpga_0  {rise@0.000ns fall@10.000ns period=20.000ns})
  Path Group:             (none)
  Path Type:              Removal (Min at Fast Process Corner)
  Data Path Delay:        2.030ns  (logic 0.186ns (9.163%)  route 1.844ns (90.837%))
  Logic Levels:           1  (LUT1=1)
  Clock Path Skew:        0.321ns (DCD - SCD - CPR)
    Destination Clock Delay (DCD):    1.209ns
    Source Clock Delay      (SCD):    0.888ns
    Clock Pessimism Removal (CPR):    -0.000ns
  Clock Uncertainty:      0.302ns  ((TSJ^2 + TIJ^2)^1/2 + DJ) / 2 + PE
    Total System Jitter     (TSJ):    0.071ns
    Total Input Jitter      (TIJ):    0.600ns
    Discrete Jitter          (DJ):    0.000ns
    Phase Error              (PE):    0.000ns
  Timing Exception:       False Path

    Location             Delay type                Incr(ns)  Path(ns)    Netlist Resource(s)
  -------------------------------------------------------------------    -------------------
                         (clock clk_fpga_0 rise edge)
                                                      0.000     0.000 r  
    PS7_X0Y0             PS7                          0.000     0.000 r  design_1_i/processing_system7_0/inst/PS7_i/FCLKCLK[0]
                         net (fo=1, routed)           0.310     0.310    design_1_i/processing_system7_0/inst/FCLK_CLK_unbuffered[0]
    BUFGCTRL_X0Y16       BUFG (Prop_bufg_I_O)         0.026     0.336 r  design_1_i/processing_system7_0/inst/buffer_fclk_clk_0.FCLK_CLK_0_BUFG/O
                         net (fo=8415, routed)        0.552     0.888    design_1_i/rst_ps7_0_100M/U0/slowest_sync_clk
    SLICE_X45Y84         FDRE                                         r  design_1_i/rst_ps7_0_100M/U0/ACTIVE_LOW_PR_OUT_DFF[0].FDRE_PER_N/C
  -------------------------------------------------------------------    -------------------
    SLICE_X45Y84         FDRE (Prop_fdre_C_Q)         0.141     1.029 r  design_1_i/rst_ps7_0_100M/U0/ACTIVE_LOW_PR_OUT_DFF[0].FDRE_PER_N/Q
                         net (fo=67, routed)          1.076     2.105    design_1_i/axi_interconnect_0/m00_couplers/auto_pc/inst/gen_axi4_axi3.axi3_conv_inst/USE_WRITE.write_addr_inst/USE_BURSTS.cmd_queue/inst/aresetn
    SLICE_X48Y59         LUT1 (Prop_lut1_I0_O)        0.045     2.150 f  design_1_i/axi_interconnect_0/m00_couplers/auto_pc/inst/gen_axi4_axi3.axi3_conv_inst/USE_WRITE.write_addr_inst/USE_BURSTS.cmd_queue/inst/S_AXI_AREADY_I_i_1/O
                         net (fo=237, routed)         0.768     2.918    design_1_i/axi_interconnect_0/m00_couplers/auto_pc/inst/gen_axi4_axi3.axi3_conv_inst/USE_WRITE.write_addr_inst/USE_B_CHANNEL.cmd_b_queue/inst/fifo_gen_inst/inst_fifo_gen/gconvfifo.rf/grf.rf/rstblk/ngwrdrst.grst.g7serrst.gnsckt_wrst.rst_wr_reg2_inst/src_arst
    SLICE_X55Y60         FDPE                                         f  design_1_i/axi_interconnect_0/m00_couplers/auto_pc/inst/gen_axi4_axi3.axi3_conv_inst/USE_WRITE.write_addr_inst/USE_B_CHANNEL.cmd_b_queue/inst/fifo_gen_inst/inst_fifo_gen/gconvfifo.rf/grf.rf/rstblk/ngwrdrst.grst.g7serrst.gnsckt_wrst.rst_wr_reg2_inst/arststages_ff_reg[0]/PRE
  -------------------------------------------------------------------    -------------------

                         (clock clk_fpga_0 rise edge)
                                                      0.000     0.000 r  
    PS7_X0Y0             PS7                          0.000     0.000 r  design_1_i/processing_system7_0/inst/PS7_i/FCLKCLK[0]
                         net (fo=1, routed)           0.337     0.337    design_1_i/processing_system7_0/inst/FCLK_CLK_unbuffered[0]
    BUFGCTRL_X0Y16       BUFG (Prop_bufg_I_O)         0.029     0.366 r  design_1_i/processing_system7_0/inst/buffer_fclk_clk_0.FCLK_CLK_0_BUFG/O
                         net (fo=8415, routed)        0.843     1.209    design_1_i/axi_interconnect_0/m00_couplers/auto_pc/inst/gen_axi4_axi3.axi3_conv_inst/USE_WRITE.write_addr_inst/USE_B_CHANNEL.cmd_b_queue/inst/fifo_gen_inst/inst_fifo_gen/gconvfifo.rf/grf.rf/rstblk/ngwrdrst.grst.g7serrst.gnsckt_wrst.rst_wr_reg2_inst/dest_clk
    SLICE_X55Y60         FDPE                                         r  design_1_i/axi_interconnect_0/m00_couplers/auto_pc/inst/gen_axi4_axi3.axi3_conv_inst/USE_WRITE.write_addr_inst/USE_B_CHANNEL.cmd_b_queue/inst/fifo_gen_inst/inst_fifo_gen/gconvfifo.rf/grf.rf/rstblk/ngwrdrst.grst.g7serrst.gnsckt_wrst.rst_wr_reg2_inst/arststages_ff_reg[0]/C

Slack:                    inf
  Source:                 design_1_i/rst_ps7_0_100M/U0/ACTIVE_LOW_PR_OUT_DFF[0].FDRE_PER_N/C
                            (rising edge-triggered cell FDRE clocked by clk_fpga_0  {rise@0.000ns fall@10.000ns period=20.000ns})
  Destination:            design_1_i/axi_interconnect_0/m00_couplers/auto_pc/inst/gen_axi4_axi3.axi3_conv_inst/USE_WRITE.write_addr_inst/USE_B_CHANNEL.cmd_b_queue/inst/fifo_gen_inst/inst_fifo_gen/gconvfifo.rf/grf.rf/rstblk/ngwrdrst.grst.g7serrst.gnsckt_wrst.rst_wr_reg2_inst/arststages_ff_reg[1]/PRE
                            (removal check against rising-edge clock clk_fpga_0  {rise@0.000ns fall@10.000ns period=20.000ns})
  Path Group:             (none)
  Path Type:              Removal (Min at Fast Process Corner)
  Data Path Delay:        2.030ns  (logic 0.186ns (9.163%)  route 1.844ns (90.837%))
  Logic Levels:           1  (LUT1=1)
  Clock Path Skew:        0.321ns (DCD - SCD - CPR)
    Destination Clock Delay (DCD):    1.209ns
    Source Clock Delay      (SCD):    0.888ns
    Clock Pessimism Removal (CPR):    -0.000ns
  Clock Uncertainty:      0.302ns  ((TSJ^2 + TIJ^2)^1/2 + DJ) / 2 + PE
    Total System Jitter     (TSJ):    0.071ns
    Total Input Jitter      (TIJ):    0.600ns
    Discrete Jitter          (DJ):    0.000ns
    Phase Error              (PE):    0.000ns
  Timing Exception:       False Path

    Location             Delay type                Incr(ns)  Path(ns)    Netlist Resource(s)
  -------------------------------------------------------------------    -------------------
                         (clock clk_fpga_0 rise edge)
                                                      0.000     0.000 r  
    PS7_X0Y0             PS7                          0.000     0.000 r  design_1_i/processing_system7_0/inst/PS7_i/FCLKCLK[0]
                         net (fo=1, routed)           0.310     0.310    design_1_i/processing_system7_0/inst/FCLK_CLK_unbuffered[0]
    BUFGCTRL_X0Y16       BUFG (Prop_bufg_I_O)         0.026     0.336 r  design_1_i/processing_system7_0/inst/buffer_fclk_clk_0.FCLK_CLK_0_BUFG/O
                         net (fo=8415, routed)        0.552     0.888    design_1_i/rst_ps7_0_100M/U0/slowest_sync_clk
    SLICE_X45Y84         FDRE                                         r  design_1_i/rst_ps7_0_100M/U0/ACTIVE_LOW_PR_OUT_DFF[0].FDRE_PER_N/C
  -------------------------------------------------------------------    -------------------
    SLICE_X45Y84         FDRE (Prop_fdre_C_Q)         0.141     1.029 r  design_1_i/rst_ps7_0_100M/U0/ACTIVE_LOW_PR_OUT_DFF[0].FDRE_PER_N/Q
                         net (fo=67, routed)          1.076     2.105    design_1_i/axi_interconnect_0/m00_couplers/auto_pc/inst/gen_axi4_axi3.axi3_conv_inst/USE_WRITE.write_addr_inst/USE_BURSTS.cmd_queue/inst/aresetn
    SLICE_X48Y59         LUT1 (Prop_lut1_I0_O)        0.045     2.150 f  design_1_i/axi_interconnect_0/m00_couplers/auto_pc/inst/gen_axi4_axi3.axi3_conv_inst/USE_WRITE.write_addr_inst/USE_BURSTS.cmd_queue/inst/S_AXI_AREADY_I_i_1/O
                         net (fo=237, routed)         0.768     2.918    design_1_i/axi_interconnect_0/m00_couplers/auto_pc/inst/gen_axi4_axi3.axi3_conv_inst/USE_WRITE.write_addr_inst/USE_B_CHANNEL.cmd_b_queue/inst/fifo_gen_inst/inst_fifo_gen/gconvfifo.rf/grf.rf/rstblk/ngwrdrst.grst.g7serrst.gnsckt_wrst.rst_wr_reg2_inst/src_arst
    SLICE_X55Y60         FDPE                                         f  design_1_i/axi_interconnect_0/m00_couplers/auto_pc/inst/gen_axi4_axi3.axi3_conv_inst/USE_WRITE.write_addr_inst/USE_B_CHANNEL.cmd_b_queue/inst/fifo_gen_inst/inst_fifo_gen/gconvfifo.rf/grf.rf/rstblk/ngwrdrst.grst.g7serrst.gnsckt_wrst.rst_wr_reg2_inst/arststages_ff_reg[1]/PRE
  -------------------------------------------------------------------    -------------------

                         (clock clk_fpga_0 rise edge)
                                                      0.000     0.000 r  
    PS7_X0Y0             PS7                          0.000     0.000 r  design_1_i/processing_system7_0/inst/PS7_i/FCLKCLK[0]
                         net (fo=1, routed)           0.337     0.337    design_1_i/processing_system7_0/inst/FCLK_CLK_unbuffered[0]
    BUFGCTRL_X0Y16       BUFG (Prop_bufg_I_O)         0.029     0.366 r  design_1_i/processing_system7_0/inst/buffer_fclk_clk_0.FCLK_CLK_0_BUFG/O
                         net (fo=8415, routed)        0.843     1.209    design_1_i/axi_interconnect_0/m00_couplers/auto_pc/inst/gen_axi4_axi3.axi3_conv_inst/USE_WRITE.write_addr_inst/USE_B_CHANNEL.cmd_b_queue/inst/fifo_gen_inst/inst_fifo_gen/gconvfifo.rf/grf.rf/rstblk/ngwrdrst.grst.g7serrst.gnsckt_wrst.rst_wr_reg2_inst/dest_clk
    SLICE_X55Y60         FDPE                                         r  design_1_i/axi_interconnect_0/m00_couplers/auto_pc/inst/gen_axi4_axi3.axi3_conv_inst/USE_WRITE.write_addr_inst/USE_B_CHANNEL.cmd_b_queue/inst/fifo_gen_inst/inst_fifo_gen/gconvfifo.rf/grf.rf/rstblk/ngwrdrst.grst.g7serrst.gnsckt_wrst.rst_wr_reg2_inst/arststages_ff_reg[1]/C

Slack:                    inf
  Source:                 design_1_i/rst_ps7_0_100M/U0/ACTIVE_LOW_PR_OUT_DFF[0].FDRE_PER_N/C
                            (rising edge-triggered cell FDRE clocked by clk_fpga_0  {rise@0.000ns fall@10.000ns period=20.000ns})
  Destination:            design_1_i/axi_interconnect_0/m00_couplers/auto_pc/inst/gen_axi4_axi3.axi3_conv_inst/USE_READ.USE_SPLIT_R.read_addr_inst/USE_R_CHANNEL.cmd_queue/inst/fifo_gen_inst/inst_fifo_gen/gconvfifo.rf/grf.rf/rstblk/ngwrdrst.grst.g7serrst.gnsckt_wrst.rst_wr_reg2_inst/arststages_ff_reg[0]/PRE
                            (removal check against rising-edge clock clk_fpga_0  {rise@0.000ns fall@10.000ns period=20.000ns})
  Path Group:             (none)
  Path Type:              Removal (Min at Fast Process Corner)
  Data Path Delay:        2.252ns  (logic 0.186ns (8.261%)  route 2.066ns (91.739%))
  Logic Levels:           1  (LUT1=1)
  Clock Path Skew:        0.326ns (DCD - SCD - CPR)
    Destination Clock Delay (DCD):    1.214ns
    Source Clock Delay      (SCD):    0.888ns
    Clock Pessimism Removal (CPR):    -0.000ns
  Clock Uncertainty:      0.302ns  ((TSJ^2 + TIJ^2)^1/2 + DJ) / 2 + PE
    Total System Jitter     (TSJ):    0.071ns
    Total Input Jitter      (TIJ):    0.600ns
    Discrete Jitter          (DJ):    0.000ns
    Phase Error              (PE):    0.000ns
  Timing Exception:       False Path

    Location             Delay type                Incr(ns)  Path(ns)    Netlist Resource(s)
  -------------------------------------------------------------------    -------------------
                         (clock clk_fpga_0 rise edge)
                                                      0.000     0.000 r  
    PS7_X0Y0             PS7                          0.000     0.000 r  design_1_i/processing_system7_0/inst/PS7_i/FCLKCLK[0]
                         net (fo=1, routed)           0.310     0.310    design_1_i/processing_system7_0/inst/FCLK_CLK_unbuffered[0]
    BUFGCTRL_X0Y16       BUFG (Prop_bufg_I_O)         0.026     0.336 r  design_1_i/processing_system7_0/inst/buffer_fclk_clk_0.FCLK_CLK_0_BUFG/O
                         net (fo=8415, routed)        0.552     0.888    design_1_i/rst_ps7_0_100M/U0/slowest_sync_clk
    SLICE_X45Y84         FDRE                                         r  design_1_i/rst_ps7_0_100M/U0/ACTIVE_LOW_PR_OUT_DFF[0].FDRE_PER_N/C
  -------------------------------------------------------------------    -------------------
    SLICE_X45Y84         FDRE (Prop_fdre_C_Q)         0.141     1.029 r  design_1_i/rst_ps7_0_100M/U0/ACTIVE_LOW_PR_OUT_DFF[0].FDRE_PER_N/Q
                         net (fo=67, routed)          1.076     2.105    design_1_i/axi_interconnect_0/m00_couplers/auto_pc/inst/gen_axi4_axi3.axi3_conv_inst/USE_WRITE.write_addr_inst/USE_BURSTS.cmd_queue/inst/aresetn
    SLICE_X48Y59         LUT1 (Prop_lut1_I0_O)        0.045     2.150 f  design_1_i/axi_interconnect_0/m00_couplers/auto_pc/inst/gen_axi4_axi3.axi3_conv_inst/USE_WRITE.write_addr_inst/USE_BURSTS.cmd_queue/inst/S_AXI_AREADY_I_i_1/O
                         net (fo=237, routed)         0.989     3.139    design_1_i/axi_interconnect_0/m00_couplers/auto_pc/inst/gen_axi4_axi3.axi3_conv_inst/USE_READ.USE_SPLIT_R.read_addr_inst/USE_R_CHANNEL.cmd_queue/inst/fifo_gen_inst/inst_fifo_gen/gconvfifo.rf/grf.rf/rstblk/ngwrdrst.grst.g7serrst.gnsckt_wrst.rst_wr_reg2_inst/src_arst
    SLICE_X57Y52         FDPE                                         f  design_1_i/axi_interconnect_0/m00_couplers/auto_pc/inst/gen_axi4_axi3.axi3_conv_inst/USE_READ.USE_SPLIT_R.read_addr_inst/USE_R_CHANNEL.cmd_queue/inst/fifo_gen_inst/inst_fifo_gen/gconvfifo.rf/grf.rf/rstblk/ngwrdrst.grst.g7serrst.gnsckt_wrst.rst_wr_reg2_inst/arststages_ff_reg[0]/PRE
  -------------------------------------------------------------------    -------------------

                         (clock clk_fpga_0 rise edge)
                                                      0.000     0.000 r  
    PS7_X0Y0             PS7                          0.000     0.000 r  design_1_i/processing_system7_0/inst/PS7_i/FCLKCLK[0]
                         net (fo=1, routed)           0.337     0.337    design_1_i/processing_system7_0/inst/FCLK_CLK_unbuffered[0]
    BUFGCTRL_X0Y16       BUFG (Prop_bufg_I_O)         0.029     0.366 r  design_1_i/processing_system7_0/inst/buffer_fclk_clk_0.FCLK_CLK_0_BUFG/O
                         net (fo=8415, routed)        0.848     1.214    design_1_i/axi_interconnect_0/m00_couplers/auto_pc/inst/gen_axi4_axi3.axi3_conv_inst/USE_READ.USE_SPLIT_R.read_addr_inst/USE_R_CHANNEL.cmd_queue/inst/fifo_gen_inst/inst_fifo_gen/gconvfifo.rf/grf.rf/rstblk/ngwrdrst.grst.g7serrst.gnsckt_wrst.rst_wr_reg2_inst/dest_clk
    SLICE_X57Y52         FDPE                                         r  design_1_i/axi_interconnect_0/m00_couplers/auto_pc/inst/gen_axi4_axi3.axi3_conv_inst/USE_READ.USE_SPLIT_R.read_addr_inst/USE_R_CHANNEL.cmd_queue/inst/fifo_gen_inst/inst_fifo_gen/gconvfifo.rf/grf.rf/rstblk/ngwrdrst.grst.g7serrst.gnsckt_wrst.rst_wr_reg2_inst/arststages_ff_reg[0]/C

Slack:                    inf
  Source:                 design_1_i/rst_ps7_0_100M/U0/ACTIVE_LOW_PR_OUT_DFF[0].FDRE_PER_N/C
                            (rising edge-triggered cell FDRE clocked by clk_fpga_0  {rise@0.000ns fall@10.000ns period=20.000ns})
  Destination:            design_1_i/axi_interconnect_0/m00_couplers/auto_pc/inst/gen_axi4_axi3.axi3_conv_inst/USE_READ.USE_SPLIT_R.read_addr_inst/USE_R_CHANNEL.cmd_queue/inst/fifo_gen_inst/inst_fifo_gen/gconvfifo.rf/grf.rf/rstblk/ngwrdrst.grst.g7serrst.gnsckt_wrst.rst_wr_reg2_inst/arststages_ff_reg[1]/PRE
                            (removal check against rising-edge clock clk_fpga_0  {rise@0.000ns fall@10.000ns period=20.000ns})
  Path Group:             (none)
  Path Type:              Removal (Min at Fast Process Corner)
  Data Path Delay:        2.252ns  (logic 0.186ns (8.261%)  route 2.066ns (91.739%))
  Logic Levels:           1  (LUT1=1)
  Clock Path Skew:        0.326ns (DCD - SCD - CPR)
    Destination Clock Delay (DCD):    1.214ns
    Source Clock Delay      (SCD):    0.888ns
    Clock Pessimism Removal (CPR):    -0.000ns
  Clock Uncertainty:      0.302ns  ((TSJ^2 + TIJ^2)^1/2 + DJ) / 2 + PE
    Total System Jitter     (TSJ):    0.071ns
    Total Input Jitter      (TIJ):    0.600ns
    Discrete Jitter          (DJ):    0.000ns
    Phase Error              (PE):    0.000ns
  Timing Exception:       False Path

    Location             Delay type                Incr(ns)  Path(ns)    Netlist Resource(s)
  -------------------------------------------------------------------    -------------------
                         (clock clk_fpga_0 rise edge)
                                                      0.000     0.000 r  
    PS7_X0Y0             PS7                          0.000     0.000 r  design_1_i/processing_system7_0/inst/PS7_i/FCLKCLK[0]
                         net (fo=1, routed)           0.310     0.310    design_1_i/processing_system7_0/inst/FCLK_CLK_unbuffered[0]
    BUFGCTRL_X0Y16       BUFG (Prop_bufg_I_O)         0.026     0.336 r  design_1_i/processing_system7_0/inst/buffer_fclk_clk_0.FCLK_CLK_0_BUFG/O
                         net (fo=8415, routed)        0.552     0.888    design_1_i/rst_ps7_0_100M/U0/slowest_sync_clk
    SLICE_X45Y84         FDRE                                         r  design_1_i/rst_ps7_0_100M/U0/ACTIVE_LOW_PR_OUT_DFF[0].FDRE_PER_N/C
  -------------------------------------------------------------------    -------------------
    SLICE_X45Y84         FDRE (Prop_fdre_C_Q)         0.141     1.029 r  design_1_i/rst_ps7_0_100M/U0/ACTIVE_LOW_PR_OUT_DFF[0].FDRE_PER_N/Q
                         net (fo=67, routed)          1.076     2.105    design_1_i/axi_interconnect_0/m00_couplers/auto_pc/inst/gen_axi4_axi3.axi3_conv_inst/USE_WRITE.write_addr_inst/USE_BURSTS.cmd_queue/inst/aresetn
    SLICE_X48Y59         LUT1 (Prop_lut1_I0_O)        0.045     2.150 f  design_1_i/axi_interconnect_0/m00_couplers/auto_pc/inst/gen_axi4_axi3.axi3_conv_inst/USE_WRITE.write_addr_inst/USE_BURSTS.cmd_queue/inst/S_AXI_AREADY_I_i_1/O
                         net (fo=237, routed)         0.989     3.139    design_1_i/axi_interconnect_0/m00_couplers/auto_pc/inst/gen_axi4_axi3.axi3_conv_inst/USE_READ.USE_SPLIT_R.read_addr_inst/USE_R_CHANNEL.cmd_queue/inst/fifo_gen_inst/inst_fifo_gen/gconvfifo.rf/grf.rf/rstblk/ngwrdrst.grst.g7serrst.gnsckt_wrst.rst_wr_reg2_inst/src_arst
    SLICE_X57Y52         FDPE                                         f  design_1_i/axi_interconnect_0/m00_couplers/auto_pc/inst/gen_axi4_axi3.axi3_conv_inst/USE_READ.USE_SPLIT_R.read_addr_inst/USE_R_CHANNEL.cmd_queue/inst/fifo_gen_inst/inst_fifo_gen/gconvfifo.rf/grf.rf/rstblk/ngwrdrst.grst.g7serrst.gnsckt_wrst.rst_wr_reg2_inst/arststages_ff_reg[1]/PRE
  -------------------------------------------------------------------    -------------------

                         (clock clk_fpga_0 rise edge)
                                                      0.000     0.000 r  
    PS7_X0Y0             PS7                          0.000     0.000 r  design_1_i/processing_system7_0/inst/PS7_i/FCLKCLK[0]
                         net (fo=1, routed)           0.337     0.337    design_1_i/processing_system7_0/inst/FCLK_CLK_unbuffered[0]
    BUFGCTRL_X0Y16       BUFG (Prop_bufg_I_O)         0.029     0.366 r  design_1_i/processing_system7_0/inst/buffer_fclk_clk_0.FCLK_CLK_0_BUFG/O
                         net (fo=8415, routed)        0.848     1.214    design_1_i/axi_interconnect_0/m00_couplers/auto_pc/inst/gen_axi4_axi3.axi3_conv_inst/USE_READ.USE_SPLIT_R.read_addr_inst/USE_R_CHANNEL.cmd_queue/inst/fifo_gen_inst/inst_fifo_gen/gconvfifo.rf/grf.rf/rstblk/ngwrdrst.grst.g7serrst.gnsckt_wrst.rst_wr_reg2_inst/dest_clk
    SLICE_X57Y52         FDPE                                         r  design_1_i/axi_interconnect_0/m00_couplers/auto_pc/inst/gen_axi4_axi3.axi3_conv_inst/USE_READ.USE_SPLIT_R.read_addr_inst/USE_R_CHANNEL.cmd_queue/inst/fifo_gen_inst/inst_fifo_gen/gconvfifo.rf/grf.rf/rstblk/ngwrdrst.grst.g7serrst.gnsckt_wrst.rst_wr_reg2_inst/arststages_ff_reg[1]/C

Slack:                    inf
  Source:                 design_1_i/rst_ps7_0_100M/U0/ACTIVE_LOW_PR_OUT_DFF[0].FDRE_PER_N/C
                            (rising edge-triggered cell FDRE clocked by clk_fpga_0  {rise@0.000ns fall@10.000ns period=20.000ns})
  Destination:            design_1_i/axi_interconnect_0/m01_couplers/auto_pc/inst/gen_axi4_axi3.axi3_conv_inst/USE_WRITE.write_addr_inst/USE_BURSTS.cmd_queue/inst/fifo_gen_inst/inst_fifo_gen/gconvfifo.rf/grf.rf/rstblk/ngwrdrst.grst.g7serrst.gnsckt_wrst.rst_wr_reg2_inst/arststages_ff_reg[0]/PRE
                            (removal check against rising-edge clock clk_fpga_0  {rise@0.000ns fall@10.000ns period=20.000ns})
  Path Group:             (none)
  Path Type:              Removal (Min at Fast Process Corner)
  Data Path Delay:        2.339ns  (logic 0.186ns (7.952%)  route 2.153ns (92.048%))
  Logic Levels:           1  (LUT1=1)
  Clock Path Skew:        0.288ns (DCD - SCD - CPR)
    Destination Clock Delay (DCD):    1.176ns
    Source Clock Delay      (SCD):    0.888ns
    Clock Pessimism Removal (CPR):    -0.000ns
  Clock Uncertainty:      0.302ns  ((TSJ^2 + TIJ^2)^1/2 + DJ) / 2 + PE
    Total System Jitter     (TSJ):    0.071ns
    Total Input Jitter      (TIJ):    0.600ns
    Discrete Jitter          (DJ):    0.000ns
    Phase Error              (PE):    0.000ns
  Timing Exception:       False Path

    Location             Delay type                Incr(ns)  Path(ns)    Netlist Resource(s)
  -------------------------------------------------------------------    -------------------
                         (clock clk_fpga_0 rise edge)
                                                      0.000     0.000 r  
    PS7_X0Y0             PS7                          0.000     0.000 r  design_1_i/processing_system7_0/inst/PS7_i/FCLKCLK[0]
                         net (fo=1, routed)           0.310     0.310    design_1_i/processing_system7_0/inst/FCLK_CLK_unbuffered[0]
    BUFGCTRL_X0Y16       BUFG (Prop_bufg_I_O)         0.026     0.336 r  design_1_i/processing_system7_0/inst/buffer_fclk_clk_0.FCLK_CLK_0_BUFG/O
                         net (fo=8415, routed)        0.552     0.888    design_1_i/rst_ps7_0_100M/U0/slowest_sync_clk
    SLICE_X45Y84         FDRE                                         r  design_1_i/rst_ps7_0_100M/U0/ACTIVE_LOW_PR_OUT_DFF[0].FDRE_PER_N/C
  -------------------------------------------------------------------    -------------------
    SLICE_X45Y84         FDRE (Prop_fdre_C_Q)         0.141     1.029 r  design_1_i/rst_ps7_0_100M/U0/ACTIVE_LOW_PR_OUT_DFF[0].FDRE_PER_N/Q
                         net (fo=67, routed)          0.708     1.737    design_1_i/axi_interconnect_0/m01_couplers/auto_pc/inst/gen_axi4_axi3.axi3_conv_inst/USE_WRITE.write_addr_inst/USE_BURSTS.cmd_queue/inst/aresetn
    SLICE_X38Y68         LUT1 (Prop_lut1_I0_O)        0.045     1.782 f  design_1_i/axi_interconnect_0/m01_couplers/auto_pc/inst/gen_axi4_axi3.axi3_conv_inst/USE_WRITE.write_addr_inst/USE_BURSTS.cmd_queue/inst/S_AXI_AREADY_I_i_1/O
                         net (fo=237, routed)         1.445     3.227    design_1_i/axi_interconnect_0/m01_couplers/auto_pc/inst/gen_axi4_axi3.axi3_conv_inst/USE_WRITE.write_addr_inst/USE_BURSTS.cmd_queue/inst/fifo_gen_inst/inst_fifo_gen/gconvfifo.rf/grf.rf/rstblk/ngwrdrst.grst.g7serrst.gnsckt_wrst.rst_wr_reg2_inst/src_arst
    SLICE_X33Y73         FDPE                                         f  design_1_i/axi_interconnect_0/m01_couplers/auto_pc/inst/gen_axi4_axi3.axi3_conv_inst/USE_WRITE.write_addr_inst/USE_BURSTS.cmd_queue/inst/fifo_gen_inst/inst_fifo_gen/gconvfifo.rf/grf.rf/rstblk/ngwrdrst.grst.g7serrst.gnsckt_wrst.rst_wr_reg2_inst/arststages_ff_reg[0]/PRE
  -------------------------------------------------------------------    -------------------

                         (clock clk_fpga_0 rise edge)
                                                      0.000     0.000 r  
    PS7_X0Y0             PS7                          0.000     0.000 r  design_1_i/processing_system7_0/inst/PS7_i/FCLKCLK[0]
                         net (fo=1, routed)           0.337     0.337    design_1_i/processing_system7_0/inst/FCLK_CLK_unbuffered[0]
    BUFGCTRL_X0Y16       BUFG (Prop_bufg_I_O)         0.029     0.366 r  design_1_i/processing_system7_0/inst/buffer_fclk_clk_0.FCLK_CLK_0_BUFG/O
                         net (fo=8415, routed)        0.810     1.176    design_1_i/axi_interconnect_0/m01_couplers/auto_pc/inst/gen_axi4_axi3.axi3_conv_inst/USE_WRITE.write_addr_inst/USE_BURSTS.cmd_queue/inst/fifo_gen_inst/inst_fifo_gen/gconvfifo.rf/grf.rf/rstblk/ngwrdrst.grst.g7serrst.gnsckt_wrst.rst_wr_reg2_inst/dest_clk
    SLICE_X33Y73         FDPE                                         r  design_1_i/axi_interconnect_0/m01_couplers/auto_pc/inst/gen_axi4_axi3.axi3_conv_inst/USE_WRITE.write_addr_inst/USE_BURSTS.cmd_queue/inst/fifo_gen_inst/inst_fifo_gen/gconvfifo.rf/grf.rf/rstblk/ngwrdrst.grst.g7serrst.gnsckt_wrst.rst_wr_reg2_inst/arststages_ff_reg[0]/C

Slack:                    inf
  Source:                 design_1_i/rst_ps7_0_100M/U0/ACTIVE_LOW_PR_OUT_DFF[0].FDRE_PER_N/C
                            (rising edge-triggered cell FDRE clocked by clk_fpga_0  {rise@0.000ns fall@10.000ns period=20.000ns})
  Destination:            design_1_i/axi_interconnect_0/m01_couplers/auto_pc/inst/gen_axi4_axi3.axi3_conv_inst/USE_WRITE.write_addr_inst/USE_BURSTS.cmd_queue/inst/fifo_gen_inst/inst_fifo_gen/gconvfifo.rf/grf.rf/rstblk/ngwrdrst.grst.g7serrst.gnsckt_wrst.rst_wr_reg2_inst/arststages_ff_reg[1]/PRE
                            (removal check against rising-edge clock clk_fpga_0  {rise@0.000ns fall@10.000ns period=20.000ns})
  Path Group:             (none)
  Path Type:              Removal (Min at Fast Process Corner)
  Data Path Delay:        2.339ns  (logic 0.186ns (7.952%)  route 2.153ns (92.048%))
  Logic Levels:           1  (LUT1=1)
  Clock Path Skew:        0.288ns (DCD - SCD - CPR)
    Destination Clock Delay (DCD):    1.176ns
    Source Clock Delay      (SCD):    0.888ns
    Clock Pessimism Removal (CPR):    -0.000ns
  Clock Uncertainty:      0.302ns  ((TSJ^2 + TIJ^2)^1/2 + DJ) / 2 + PE
    Total System Jitter     (TSJ):    0.071ns
    Total Input Jitter      (TIJ):    0.600ns
    Discrete Jitter          (DJ):    0.000ns
    Phase Error              (PE):    0.000ns
  Timing Exception:       False Path

    Location             Delay type                Incr(ns)  Path(ns)    Netlist Resource(s)
  -------------------------------------------------------------------    -------------------
                         (clock clk_fpga_0 rise edge)
                                                      0.000     0.000 r  
    PS7_X0Y0             PS7                          0.000     0.000 r  design_1_i/processing_system7_0/inst/PS7_i/FCLKCLK[0]
                         net (fo=1, routed)           0.310     0.310    design_1_i/processing_system7_0/inst/FCLK_CLK_unbuffered[0]
    BUFGCTRL_X0Y16       BUFG (Prop_bufg_I_O)         0.026     0.336 r  design_1_i/processing_system7_0/inst/buffer_fclk_clk_0.FCLK_CLK_0_BUFG/O
                         net (fo=8415, routed)        0.552     0.888    design_1_i/rst_ps7_0_100M/U0/slowest_sync_clk
    SLICE_X45Y84         FDRE                                         r  design_1_i/rst_ps7_0_100M/U0/ACTIVE_LOW_PR_OUT_DFF[0].FDRE_PER_N/C
  -------------------------------------------------------------------    -------------------
    SLICE_X45Y84         FDRE (Prop_fdre_C_Q)         0.141     1.029 r  design_1_i/rst_ps7_0_100M/U0/ACTIVE_LOW_PR_OUT_DFF[0].FDRE_PER_N/Q
                         net (fo=67, routed)          0.708     1.737    design_1_i/axi_interconnect_0/m01_couplers/auto_pc/inst/gen_axi4_axi3.axi3_conv_inst/USE_WRITE.write_addr_inst/USE_BURSTS.cmd_queue/inst/aresetn
    SLICE_X38Y68         LUT1 (Prop_lut1_I0_O)        0.045     1.782 f  design_1_i/axi_interconnect_0/m01_couplers/auto_pc/inst/gen_axi4_axi3.axi3_conv_inst/USE_WRITE.write_addr_inst/USE_BURSTS.cmd_queue/inst/S_AXI_AREADY_I_i_1/O
                         net (fo=237, routed)         1.445     3.227    design_1_i/axi_interconnect_0/m01_couplers/auto_pc/inst/gen_axi4_axi3.axi3_conv_inst/USE_WRITE.write_addr_inst/USE_BURSTS.cmd_queue/inst/fifo_gen_inst/inst_fifo_gen/gconvfifo.rf/grf.rf/rstblk/ngwrdrst.grst.g7serrst.gnsckt_wrst.rst_wr_reg2_inst/src_arst
    SLICE_X33Y73         FDPE                                         f  design_1_i/axi_interconnect_0/m01_couplers/auto_pc/inst/gen_axi4_axi3.axi3_conv_inst/USE_WRITE.write_addr_inst/USE_BURSTS.cmd_queue/inst/fifo_gen_inst/inst_fifo_gen/gconvfifo.rf/grf.rf/rstblk/ngwrdrst.grst.g7serrst.gnsckt_wrst.rst_wr_reg2_inst/arststages_ff_reg[1]/PRE
  -------------------------------------------------------------------    -------------------

                         (clock clk_fpga_0 rise edge)
                                                      0.000     0.000 r  
    PS7_X0Y0             PS7                          0.000     0.000 r  design_1_i/processing_system7_0/inst/PS7_i/FCLKCLK[0]
                         net (fo=1, routed)           0.337     0.337    design_1_i/processing_system7_0/inst/FCLK_CLK_unbuffered[0]
    BUFGCTRL_X0Y16       BUFG (Prop_bufg_I_O)         0.029     0.366 r  design_1_i/processing_system7_0/inst/buffer_fclk_clk_0.FCLK_CLK_0_BUFG/O
                         net (fo=8415, routed)        0.810     1.176    design_1_i/axi_interconnect_0/m01_couplers/auto_pc/inst/gen_axi4_axi3.axi3_conv_inst/USE_WRITE.write_addr_inst/USE_BURSTS.cmd_queue/inst/fifo_gen_inst/inst_fifo_gen/gconvfifo.rf/grf.rf/rstblk/ngwrdrst.grst.g7serrst.gnsckt_wrst.rst_wr_reg2_inst/dest_clk
    SLICE_X33Y73         FDPE                                         r  design_1_i/axi_interconnect_0/m01_couplers/auto_pc/inst/gen_axi4_axi3.axi3_conv_inst/USE_WRITE.write_addr_inst/USE_BURSTS.cmd_queue/inst/fifo_gen_inst/inst_fifo_gen/gconvfifo.rf/grf.rf/rstblk/ngwrdrst.grst.g7serrst.gnsckt_wrst.rst_wr_reg2_inst/arststages_ff_reg[1]/C





--------------------------------------------------------------------------------------
Path Group:  (none)
From Clock:  
  To Clock:  clk_fpga_0

Max Delay            17 Endpoints
Min Delay            17 Endpoints
--------------------------------------------------------------------------------------


Max Delay Paths
--------------------------------------------------------------------------------------
Slack:                    inf
  Source:                 design_1_i/Conv2D_HW_0/inst/grp_Conv2D_HW_Pipeline_loop_acc_x_fu_303/mul_32s_32s_32_1_1_U28/dout__0__0/ACOUT[29]
                            (internal pin)
  Destination:            design_1_i/Conv2D_HW_0/inst/grp_Conv2D_HW_Pipeline_loop_acc_x_fu_303/add_ln58_reg_959_reg[32]/D
                            (rising edge-triggered cell FDRE clocked by clk_fpga_0  {rise@0.000ns fall@10.000ns period=20.000ns})
  Path Group:             (none)
  Path Type:              Setup (Max at Slow Process Corner)
  Data Path Delay:        10.556ns  (logic 6.979ns (66.112%)  route 3.577ns (33.888%))
  Logic Levels:           11  (CARRY4=7 DSP48E1=1 LUT2=1 LUT3=1 LUT6=1)
  Clock Uncertainty:      0.301ns  ((TSJ^2 + TIJ^2)^1/2 + DJ) / 2 + PE
    Total System Jitter     (TSJ):    0.050ns
    Total Input Jitter      (TIJ):    0.600ns
    Discrete Jitter          (DJ):    0.000ns
    Phase Error              (PE):    0.000ns

    Location             Delay type                Incr(ns)  Path(ns)    Netlist Resource(s)
  -------------------------------------------------------------------    -------------------
    DSP48_X0Y2           DSP48E1                      0.000     0.000 r  design_1_i/Conv2D_HW_0/inst/grp_Conv2D_HW_Pipeline_loop_acc_x_fu_303/mul_32s_32s_32_1_1_U28/dout__0__0/ACOUT[29]
                         net (fo=1, routed)           0.002     0.002    design_1_i/Conv2D_HW_0/inst/grp_Conv2D_HW_Pipeline_loop_acc_x_fu_303/mul_32s_32s_32_1_1_U28/dout__0__0_n_24
    DSP48_X0Y3           DSP48E1 (Prop_dsp48e1_ACIN[29]_P[0])
                                                      3.639     3.641 r  design_1_i/Conv2D_HW_0/inst/grp_Conv2D_HW_Pipeline_loop_acc_x_fu_303/mul_32s_32s_32_1_1_U28/dout__1/P[0]
                         net (fo=2, routed)           1.033     4.674    design_1_i/Conv2D_HW_0/inst/grp_Conv2D_HW_Pipeline_loop_acc_x_fu_303/mul_32s_32s_32_1_1_U28/dout__1_n_105
    SLICE_X20Y4          CARRY4 (Prop_carry4_DI[1]_CO[3])
                                                      0.520     5.194 r  design_1_i/Conv2D_HW_0/inst/grp_Conv2D_HW_Pipeline_loop_acc_x_fu_303/mul_32s_32s_32_1_1_U28/dout_carry/CO[3]
                         net (fo=1, routed)           0.000     5.194    design_1_i/Conv2D_HW_0/inst/grp_Conv2D_HW_Pipeline_loop_acc_x_fu_303/mul_32s_32s_32_1_1_U28/dout_carry_n_0
    SLICE_X20Y5          CARRY4 (Prop_carry4_CI_O[2])
                                                      0.239     5.433 r  design_1_i/Conv2D_HW_0/inst/grp_Conv2D_HW_Pipeline_loop_acc_x_fu_303/mul_32s_32s_32_1_1_U28/dout_carry__0/O[2]
                         net (fo=1, routed)           0.816     6.249    design_1_i/Conv2D_HW_0/inst/grp_Conv2D_HW_Pipeline_loop_acc_x_fu_303/mul_32s_32s_32_1_1_U28/dout_0[22]
    SLICE_X22Y5          LUT3 (Prop_lut3_I0_O)        0.327     6.576 r  design_1_i/Conv2D_HW_0/inst/grp_Conv2D_HW_Pipeline_loop_acc_x_fu_303/mul_32s_32s_32_1_1_U28/add_ln58_reg_959[23]_i_8/O
                         net (fo=2, routed)           1.135     7.711    design_1_i/Conv2D_HW_0/inst/grp_Conv2D_HW_Pipeline_loop_acc_x_fu_303/mul_32s_32s_32_1_1_U28/zext_ln60_1_fu_620_p1[22]
    SLICE_X20Y15         LUT6 (Prop_lut6_I0_O)        0.355     8.066 r  design_1_i/Conv2D_HW_0/inst/grp_Conv2D_HW_Pipeline_loop_acc_x_fu_303/mul_32s_32s_32_1_1_U28/add_ln58_reg_959[23]_i_12/O
                         net (fo=1, routed)           0.000     8.066    design_1_i/Conv2D_HW_0/inst/grp_Conv2D_HW_Pipeline_loop_acc_x_fu_303/mul_32s_32s_32_1_1_U28/add_ln58_reg_959[23]_i_12_n_0
    SLICE_X20Y15         CARRY4 (Prop_carry4_S[2]_CO[3])
                                                      0.380     8.446 r  design_1_i/Conv2D_HW_0/inst/grp_Conv2D_HW_Pipeline_loop_acc_x_fu_303/mul_32s_32s_32_1_1_U28/add_ln58_reg_959_reg[23]_i_2/CO[3]
                         net (fo=1, routed)           0.000     8.446    design_1_i/Conv2D_HW_0/inst/grp_Conv2D_HW_Pipeline_loop_acc_x_fu_303/mul_32s_32s_32_1_1_U28/add_ln58_reg_959_reg[23]_i_2_n_0
    SLICE_X20Y16         CARRY4 (Prop_carry4_CI_CO[3])
                                                      0.117     8.563 r  design_1_i/Conv2D_HW_0/inst/grp_Conv2D_HW_Pipeline_loop_acc_x_fu_303/mul_32s_32s_32_1_1_U28/add_ln58_reg_959_reg[27]_i_2/CO[3]
                         net (fo=1, routed)           0.000     8.563    design_1_i/Conv2D_HW_0/inst/grp_Conv2D_HW_Pipeline_loop_acc_x_fu_303/mul_32s_32s_32_1_1_U28/add_ln58_reg_959_reg[27]_i_2_n_0
    SLICE_X20Y17         CARRY4 (Prop_carry4_CI_O[1])
                                                      0.323     8.886 r  design_1_i/Conv2D_HW_0/inst/grp_Conv2D_HW_Pipeline_loop_acc_x_fu_303/mul_32s_32s_32_1_1_U28/add_ln58_reg_959_reg[31]_i_2/O[1]
                         net (fo=2, routed)           0.591     9.477    design_1_i/Conv2D_HW_0/inst/grp_Conv2D_HW_Pipeline_loop_acc_x_fu_303/select_ln58_1_fu_650_p3[29]
    SLICE_X21Y22         LUT2 (Prop_lut2_I0_O)        0.306     9.783 r  design_1_i/Conv2D_HW_0/inst/grp_Conv2D_HW_Pipeline_loop_acc_x_fu_303/add_ln58_reg_959[31]_i_5/O
                         net (fo=1, routed)           0.000     9.783    design_1_i/Conv2D_HW_0/inst/grp_Conv2D_HW_Pipeline_loop_acc_x_fu_303/add_ln58_reg_959[31]_i_5_n_0
    SLICE_X21Y22         CARRY4 (Prop_carry4_S[1]_CO[3])
                                                      0.550    10.333 r  design_1_i/Conv2D_HW_0/inst/grp_Conv2D_HW_Pipeline_loop_acc_x_fu_303/add_ln58_reg_959_reg[31]_i_1/CO[3]
                         net (fo=1, routed)           0.000    10.333    design_1_i/Conv2D_HW_0/inst/grp_Conv2D_HW_Pipeline_loop_acc_x_fu_303/add_ln58_reg_959_reg[31]_i_1_n_0
    SLICE_X21Y23         CARRY4 (Prop_carry4_CI_O[0])
                                                      0.223    10.556 r  design_1_i/Conv2D_HW_0/inst/grp_Conv2D_HW_Pipeline_loop_acc_x_fu_303/add_ln58_reg_959_reg[33]_i_2/O[0]
                         net (fo=1, routed)           0.000    10.556    design_1_i/Conv2D_HW_0/inst/grp_Conv2D_HW_Pipeline_loop_acc_x_fu_303/add_ln58_fu_661_p2[32]
    SLICE_X21Y23         FDRE                                         r  design_1_i/Conv2D_HW_0/inst/grp_Conv2D_HW_Pipeline_loop_acc_x_fu_303/add_ln58_reg_959_reg[32]/D
  -------------------------------------------------------------------    -------------------

                         (clock clk_fpga_0 rise edge)
                                                      0.000     0.000 r  
    PS7_X0Y0             PS7                          0.000     0.000 r  design_1_i/processing_system7_0/inst/PS7_i/FCLKCLK[0]
                         net (fo=1, routed)           1.088     1.088    design_1_i/processing_system7_0/inst/FCLK_CLK_unbuffered[0]
    BUFGCTRL_X0Y16       BUFG (Prop_bufg_I_O)         0.091     1.179 r  design_1_i/processing_system7_0/inst/buffer_fclk_clk_0.FCLK_CLK_0_BUFG/O
                         net (fo=8415, routed)        1.564     2.743    design_1_i/Conv2D_HW_0/inst/grp_Conv2D_HW_Pipeline_loop_acc_x_fu_303/ap_clk
    SLICE_X21Y23         FDRE                                         r  design_1_i/Conv2D_HW_0/inst/grp_Conv2D_HW_Pipeline_loop_acc_x_fu_303/add_ln58_reg_959_reg[32]/C

Slack:                    inf
  Source:                 design_1_i/Conv2D_HW_0/inst/grp_Conv2D_HW_Pipeline_loop_acc_x_fu_303/mul_32s_32s_32_1_1_U28/dout__0__0/ACOUT[29]
                            (internal pin)
  Destination:            design_1_i/Conv2D_HW_0/inst/grp_Conv2D_HW_Pipeline_loop_acc_x_fu_303/add_ln58_reg_959_reg[29]/D
                            (rising edge-triggered cell FDRE clocked by clk_fpga_0  {rise@0.000ns fall@10.000ns period=20.000ns})
  Path Group:             (none)
  Path Type:              Setup (Max at Slow Process Corner)
  Data Path Delay:        10.551ns  (logic 6.973ns (66.085%)  route 3.578ns (33.915%))
  Logic Levels:           10  (CARRY4=6 DSP48E1=1 LUT2=1 LUT3=1 LUT6=1)
  Clock Uncertainty:      0.301ns  ((TSJ^2 + TIJ^2)^1/2 + DJ) / 2 + PE
    Total System Jitter     (TSJ):    0.050ns
    Total Input Jitter      (TIJ):    0.600ns
    Discrete Jitter          (DJ):    0.000ns
    Phase Error              (PE):    0.000ns

    Location             Delay type                Incr(ns)  Path(ns)    Netlist Resource(s)
  -------------------------------------------------------------------    -------------------
    DSP48_X0Y2           DSP48E1                      0.000     0.000 r  design_1_i/Conv2D_HW_0/inst/grp_Conv2D_HW_Pipeline_loop_acc_x_fu_303/mul_32s_32s_32_1_1_U28/dout__0__0/ACOUT[29]
                         net (fo=1, routed)           0.002     0.002    design_1_i/Conv2D_HW_0/inst/grp_Conv2D_HW_Pipeline_loop_acc_x_fu_303/mul_32s_32s_32_1_1_U28/dout__0__0_n_24
    DSP48_X0Y3           DSP48E1 (Prop_dsp48e1_ACIN[29]_P[0])
                                                      3.639     3.641 r  design_1_i/Conv2D_HW_0/inst/grp_Conv2D_HW_Pipeline_loop_acc_x_fu_303/mul_32s_32s_32_1_1_U28/dout__1/P[0]
                         net (fo=2, routed)           1.033     4.674    design_1_i/Conv2D_HW_0/inst/grp_Conv2D_HW_Pipeline_loop_acc_x_fu_303/mul_32s_32s_32_1_1_U28/dout__1_n_105
    SLICE_X20Y4          CARRY4 (Prop_carry4_DI[1]_CO[3])
                                                      0.520     5.194 r  design_1_i/Conv2D_HW_0/inst/grp_Conv2D_HW_Pipeline_loop_acc_x_fu_303/mul_32s_32s_32_1_1_U28/dout_carry/CO[3]
                         net (fo=1, routed)           0.000     5.194    design_1_i/Conv2D_HW_0/inst/grp_Conv2D_HW_Pipeline_loop_acc_x_fu_303/mul_32s_32s_32_1_1_U28/dout_carry_n_0
    SLICE_X20Y5          CARRY4 (Prop_carry4_CI_O[2])
                                                      0.239     5.433 r  design_1_i/Conv2D_HW_0/inst/grp_Conv2D_HW_Pipeline_loop_acc_x_fu_303/mul_32s_32s_32_1_1_U28/dout_carry__0/O[2]
                         net (fo=1, routed)           0.816     6.249    design_1_i/Conv2D_HW_0/inst/grp_Conv2D_HW_Pipeline_loop_acc_x_fu_303/mul_32s_32s_32_1_1_U28/dout_0[22]
    SLICE_X22Y5          LUT3 (Prop_lut3_I0_O)        0.327     6.576 r  design_1_i/Conv2D_HW_0/inst/grp_Conv2D_HW_Pipeline_loop_acc_x_fu_303/mul_32s_32s_32_1_1_U28/add_ln58_reg_959[23]_i_8/O
                         net (fo=2, routed)           1.135     7.711    design_1_i/Conv2D_HW_0/inst/grp_Conv2D_HW_Pipeline_loop_acc_x_fu_303/mul_32s_32s_32_1_1_U28/zext_ln60_1_fu_620_p1[22]
    SLICE_X20Y15         LUT6 (Prop_lut6_I0_O)        0.355     8.066 r  design_1_i/Conv2D_HW_0/inst/grp_Conv2D_HW_Pipeline_loop_acc_x_fu_303/mul_32s_32s_32_1_1_U28/add_ln58_reg_959[23]_i_12/O
                         net (fo=1, routed)           0.000     8.066    design_1_i/Conv2D_HW_0/inst/grp_Conv2D_HW_Pipeline_loop_acc_x_fu_303/mul_32s_32s_32_1_1_U28/add_ln58_reg_959[23]_i_12_n_0
    SLICE_X20Y15         CARRY4 (Prop_carry4_S[2]_CO[3])
                                                      0.380     8.446 r  design_1_i/Conv2D_HW_0/inst/grp_Conv2D_HW_Pipeline_loop_acc_x_fu_303/mul_32s_32s_32_1_1_U28/add_ln58_reg_959_reg[23]_i_2/CO[3]
                         net (fo=1, routed)           0.000     8.446    design_1_i/Conv2D_HW_0/inst/grp_Conv2D_HW_Pipeline_loop_acc_x_fu_303/mul_32s_32s_32_1_1_U28/add_ln58_reg_959_reg[23]_i_2_n_0
    SLICE_X20Y16         CARRY4 (Prop_carry4_CI_O[1])
                                                      0.323     8.769 r  design_1_i/Conv2D_HW_0/inst/grp_Conv2D_HW_Pipeline_loop_acc_x_fu_303/mul_32s_32s_32_1_1_U28/add_ln58_reg_959_reg[27]_i_2/O[1]
                         net (fo=2, routed)           0.593     9.361    design_1_i/Conv2D_HW_0/inst/grp_Conv2D_HW_Pipeline_loop_acc_x_fu_303/select_ln58_1_fu_650_p3[25]
    SLICE_X21Y21         LUT2 (Prop_lut2_I0_O)        0.306     9.667 r  design_1_i/Conv2D_HW_0/inst/grp_Conv2D_HW_Pipeline_loop_acc_x_fu_303/add_ln58_reg_959[27]_i_5/O
                         net (fo=1, routed)           0.000     9.667    design_1_i/Conv2D_HW_0/inst/grp_Conv2D_HW_Pipeline_loop_acc_x_fu_303/add_ln58_reg_959[27]_i_5_n_0
    SLICE_X21Y21         CARRY4 (Prop_carry4_S[1]_CO[3])
                                                      0.550    10.217 r  design_1_i/Conv2D_HW_0/inst/grp_Conv2D_HW_Pipeline_loop_acc_x_fu_303/add_ln58_reg_959_reg[27]_i_1/CO[3]
                         net (fo=1, routed)           0.000    10.217    design_1_i/Conv2D_HW_0/inst/grp_Conv2D_HW_Pipeline_loop_acc_x_fu_303/add_ln58_reg_959_reg[27]_i_1_n_0
    SLICE_X21Y22         CARRY4 (Prop_carry4_CI_O[1])
                                                      0.334    10.551 r  design_1_i/Conv2D_HW_0/inst/grp_Conv2D_HW_Pipeline_loop_acc_x_fu_303/add_ln58_reg_959_reg[31]_i_1/O[1]
                         net (fo=1, routed)           0.000    10.551    design_1_i/Conv2D_HW_0/inst/grp_Conv2D_HW_Pipeline_loop_acc_x_fu_303/add_ln58_fu_661_p2[29]
    SLICE_X21Y22         FDRE                                         r  design_1_i/Conv2D_HW_0/inst/grp_Conv2D_HW_Pipeline_loop_acc_x_fu_303/add_ln58_reg_959_reg[29]/D
  -------------------------------------------------------------------    -------------------

                         (clock clk_fpga_0 rise edge)
                                                      0.000     0.000 r  
    PS7_X0Y0             PS7                          0.000     0.000 r  design_1_i/processing_system7_0/inst/PS7_i/FCLKCLK[0]
                         net (fo=1, routed)           1.088     1.088    design_1_i/processing_system7_0/inst/FCLK_CLK_unbuffered[0]
    BUFGCTRL_X0Y16       BUFG (Prop_bufg_I_O)         0.091     1.179 r  design_1_i/processing_system7_0/inst/buffer_fclk_clk_0.FCLK_CLK_0_BUFG/O
                         net (fo=8415, routed)        1.565     2.744    design_1_i/Conv2D_HW_0/inst/grp_Conv2D_HW_Pipeline_loop_acc_x_fu_303/ap_clk
    SLICE_X21Y22         FDRE                                         r  design_1_i/Conv2D_HW_0/inst/grp_Conv2D_HW_Pipeline_loop_acc_x_fu_303/add_ln58_reg_959_reg[29]/C

Slack:                    inf
  Source:                 design_1_i/Conv2D_HW_0/inst/grp_Conv2D_HW_Pipeline_loop_acc_x_fu_303/mul_32s_32s_32_1_1_U28/dout__0__0/ACOUT[29]
                            (internal pin)
  Destination:            design_1_i/Conv2D_HW_0/inst/grp_Conv2D_HW_Pipeline_loop_acc_x_fu_303/add_ln58_reg_959_reg[31]/D
                            (rising edge-triggered cell FDRE clocked by clk_fpga_0  {rise@0.000ns fall@10.000ns period=20.000ns})
  Path Group:             (none)
  Path Type:              Setup (Max at Slow Process Corner)
  Data Path Delay:        10.530ns  (logic 6.952ns (66.018%)  route 3.578ns (33.982%))
  Logic Levels:           10  (CARRY4=6 DSP48E1=1 LUT2=1 LUT3=1 LUT6=1)
  Clock Uncertainty:      0.301ns  ((TSJ^2 + TIJ^2)^1/2 + DJ) / 2 + PE
    Total System Jitter     (TSJ):    0.050ns
    Total Input Jitter      (TIJ):    0.600ns
    Discrete Jitter          (DJ):    0.000ns
    Phase Error              (PE):    0.000ns

    Location             Delay type                Incr(ns)  Path(ns)    Netlist Resource(s)
  -------------------------------------------------------------------    -------------------
    DSP48_X0Y2           DSP48E1                      0.000     0.000 r  design_1_i/Conv2D_HW_0/inst/grp_Conv2D_HW_Pipeline_loop_acc_x_fu_303/mul_32s_32s_32_1_1_U28/dout__0__0/ACOUT[29]
                         net (fo=1, routed)           0.002     0.002    design_1_i/Conv2D_HW_0/inst/grp_Conv2D_HW_Pipeline_loop_acc_x_fu_303/mul_32s_32s_32_1_1_U28/dout__0__0_n_24
    DSP48_X0Y3           DSP48E1 (Prop_dsp48e1_ACIN[29]_P[0])
                                                      3.639     3.641 r  design_1_i/Conv2D_HW_0/inst/grp_Conv2D_HW_Pipeline_loop_acc_x_fu_303/mul_32s_32s_32_1_1_U28/dout__1/P[0]
                         net (fo=2, routed)           1.033     4.674    design_1_i/Conv2D_HW_0/inst/grp_Conv2D_HW_Pipeline_loop_acc_x_fu_303/mul_32s_32s_32_1_1_U28/dout__1_n_105
    SLICE_X20Y4          CARRY4 (Prop_carry4_DI[1]_CO[3])
                                                      0.520     5.194 r  design_1_i/Conv2D_HW_0/inst/grp_Conv2D_HW_Pipeline_loop_acc_x_fu_303/mul_32s_32s_32_1_1_U28/dout_carry/CO[3]
                         net (fo=1, routed)           0.000     5.194    design_1_i/Conv2D_HW_0/inst/grp_Conv2D_HW_Pipeline_loop_acc_x_fu_303/mul_32s_32s_32_1_1_U28/dout_carry_n_0
    SLICE_X20Y5          CARRY4 (Prop_carry4_CI_O[2])
                                                      0.239     5.433 r  design_1_i/Conv2D_HW_0/inst/grp_Conv2D_HW_Pipeline_loop_acc_x_fu_303/mul_32s_32s_32_1_1_U28/dout_carry__0/O[2]
                         net (fo=1, routed)           0.816     6.249    design_1_i/Conv2D_HW_0/inst/grp_Conv2D_HW_Pipeline_loop_acc_x_fu_303/mul_32s_32s_32_1_1_U28/dout_0[22]
    SLICE_X22Y5          LUT3 (Prop_lut3_I0_O)        0.327     6.576 r  design_1_i/Conv2D_HW_0/inst/grp_Conv2D_HW_Pipeline_loop_acc_x_fu_303/mul_32s_32s_32_1_1_U28/add_ln58_reg_959[23]_i_8/O
                         net (fo=2, routed)           1.135     7.711    design_1_i/Conv2D_HW_0/inst/grp_Conv2D_HW_Pipeline_loop_acc_x_fu_303/mul_32s_32s_32_1_1_U28/zext_ln60_1_fu_620_p1[22]
    SLICE_X20Y15         LUT6 (Prop_lut6_I0_O)        0.355     8.066 r  design_1_i/Conv2D_HW_0/inst/grp_Conv2D_HW_Pipeline_loop_acc_x_fu_303/mul_32s_32s_32_1_1_U28/add_ln58_reg_959[23]_i_12/O
                         net (fo=1, routed)           0.000     8.066    design_1_i/Conv2D_HW_0/inst/grp_Conv2D_HW_Pipeline_loop_acc_x_fu_303/mul_32s_32s_32_1_1_U28/add_ln58_reg_959[23]_i_12_n_0
    SLICE_X20Y15         CARRY4 (Prop_carry4_S[2]_CO[3])
                                                      0.380     8.446 r  design_1_i/Conv2D_HW_0/inst/grp_Conv2D_HW_Pipeline_loop_acc_x_fu_303/mul_32s_32s_32_1_1_U28/add_ln58_reg_959_reg[23]_i_2/CO[3]
                         net (fo=1, routed)           0.000     8.446    design_1_i/Conv2D_HW_0/inst/grp_Conv2D_HW_Pipeline_loop_acc_x_fu_303/mul_32s_32s_32_1_1_U28/add_ln58_reg_959_reg[23]_i_2_n_0
    SLICE_X20Y16         CARRY4 (Prop_carry4_CI_O[1])
                                                      0.323     8.769 r  design_1_i/Conv2D_HW_0/inst/grp_Conv2D_HW_Pipeline_loop_acc_x_fu_303/mul_32s_32s_32_1_1_U28/add_ln58_reg_959_reg[27]_i_2/O[1]
                         net (fo=2, routed)           0.593     9.361    design_1_i/Conv2D_HW_0/inst/grp_Conv2D_HW_Pipeline_loop_acc_x_fu_303/select_ln58_1_fu_650_p3[25]
    SLICE_X21Y21         LUT2 (Prop_lut2_I0_O)        0.306     9.667 r  design_1_i/Conv2D_HW_0/inst/grp_Conv2D_HW_Pipeline_loop_acc_x_fu_303/add_ln58_reg_959[27]_i_5/O
                         net (fo=1, routed)           0.000     9.667    design_1_i/Conv2D_HW_0/inst/grp_Conv2D_HW_Pipeline_loop_acc_x_fu_303/add_ln58_reg_959[27]_i_5_n_0
    SLICE_X21Y21         CARRY4 (Prop_carry4_S[1]_CO[3])
                                                      0.550    10.217 r  design_1_i/Conv2D_HW_0/inst/grp_Conv2D_HW_Pipeline_loop_acc_x_fu_303/add_ln58_reg_959_reg[27]_i_1/CO[3]
                         net (fo=1, routed)           0.000    10.217    design_1_i/Conv2D_HW_0/inst/grp_Conv2D_HW_Pipeline_loop_acc_x_fu_303/add_ln58_reg_959_reg[27]_i_1_n_0
    SLICE_X21Y22         CARRY4 (Prop_carry4_CI_O[3])
                                                      0.313    10.530 r  design_1_i/Conv2D_HW_0/inst/grp_Conv2D_HW_Pipeline_loop_acc_x_fu_303/add_ln58_reg_959_reg[31]_i_1/O[3]
                         net (fo=1, routed)           0.000    10.530    design_1_i/Conv2D_HW_0/inst/grp_Conv2D_HW_Pipeline_loop_acc_x_fu_303/add_ln58_fu_661_p2[31]
    SLICE_X21Y22         FDRE                                         r  design_1_i/Conv2D_HW_0/inst/grp_Conv2D_HW_Pipeline_loop_acc_x_fu_303/add_ln58_reg_959_reg[31]/D
  -------------------------------------------------------------------    -------------------

                         (clock clk_fpga_0 rise edge)
                                                      0.000     0.000 r  
    PS7_X0Y0             PS7                          0.000     0.000 r  design_1_i/processing_system7_0/inst/PS7_i/FCLKCLK[0]
                         net (fo=1, routed)           1.088     1.088    design_1_i/processing_system7_0/inst/FCLK_CLK_unbuffered[0]
    BUFGCTRL_X0Y16       BUFG (Prop_bufg_I_O)         0.091     1.179 r  design_1_i/processing_system7_0/inst/buffer_fclk_clk_0.FCLK_CLK_0_BUFG/O
                         net (fo=8415, routed)        1.565     2.744    design_1_i/Conv2D_HW_0/inst/grp_Conv2D_HW_Pipeline_loop_acc_x_fu_303/ap_clk
    SLICE_X21Y22         FDRE                                         r  design_1_i/Conv2D_HW_0/inst/grp_Conv2D_HW_Pipeline_loop_acc_x_fu_303/add_ln58_reg_959_reg[31]/C

Slack:                    inf
  Source:                 design_1_i/Conv2D_HW_0/inst/grp_Conv2D_HW_Pipeline_loop_acc_x_fu_303/mul_32s_32s_32_1_1_U28/dout__0__0/ACOUT[29]
                            (internal pin)
  Destination:            design_1_i/Conv2D_HW_0/inst/grp_Conv2D_HW_Pipeline_loop_acc_x_fu_303/add_ln58_reg_959_reg[33]/D
                            (rising edge-triggered cell FDRE clocked by clk_fpga_0  {rise@0.000ns fall@10.000ns period=20.000ns})
  Path Group:             (none)
  Path Type:              Setup (Max at Slow Process Corner)
  Data Path Delay:        10.490ns  (logic 6.913ns (65.898%)  route 3.577ns (34.102%))
  Logic Levels:           11  (CARRY4=7 DSP48E1=1 LUT2=1 LUT3=1 LUT6=1)
  Clock Uncertainty:      0.301ns  ((TSJ^2 + TIJ^2)^1/2 + DJ) / 2 + PE
    Total System Jitter     (TSJ):    0.050ns
    Total Input Jitter      (TIJ):    0.600ns
    Discrete Jitter          (DJ):    0.000ns
    Phase Error              (PE):    0.000ns

    Location             Delay type                Incr(ns)  Path(ns)    Netlist Resource(s)
  -------------------------------------------------------------------    -------------------
    DSP48_X0Y2           DSP48E1                      0.000     0.000 r  design_1_i/Conv2D_HW_0/inst/grp_Conv2D_HW_Pipeline_loop_acc_x_fu_303/mul_32s_32s_32_1_1_U28/dout__0__0/ACOUT[29]
                         net (fo=1, routed)           0.002     0.002    design_1_i/Conv2D_HW_0/inst/grp_Conv2D_HW_Pipeline_loop_acc_x_fu_303/mul_32s_32s_32_1_1_U28/dout__0__0_n_24
    DSP48_X0Y3           DSP48E1 (Prop_dsp48e1_ACIN[29]_P[0])
                                                      3.639     3.641 r  design_1_i/Conv2D_HW_0/inst/grp_Conv2D_HW_Pipeline_loop_acc_x_fu_303/mul_32s_32s_32_1_1_U28/dout__1/P[0]
                         net (fo=2, routed)           1.033     4.674    design_1_i/Conv2D_HW_0/inst/grp_Conv2D_HW_Pipeline_loop_acc_x_fu_303/mul_32s_32s_32_1_1_U28/dout__1_n_105
    SLICE_X20Y4          CARRY4 (Prop_carry4_DI[1]_CO[3])
                                                      0.520     5.194 r  design_1_i/Conv2D_HW_0/inst/grp_Conv2D_HW_Pipeline_loop_acc_x_fu_303/mul_32s_32s_32_1_1_U28/dout_carry/CO[3]
                         net (fo=1, routed)           0.000     5.194    design_1_i/Conv2D_HW_0/inst/grp_Conv2D_HW_Pipeline_loop_acc_x_fu_303/mul_32s_32s_32_1_1_U28/dout_carry_n_0
    SLICE_X20Y5          CARRY4 (Prop_carry4_CI_O[2])
                                                      0.239     5.433 r  design_1_i/Conv2D_HW_0/inst/grp_Conv2D_HW_Pipeline_loop_acc_x_fu_303/mul_32s_32s_32_1_1_U28/dout_carry__0/O[2]
                         net (fo=1, routed)           0.816     6.249    design_1_i/Conv2D_HW_0/inst/grp_Conv2D_HW_Pipeline_loop_acc_x_fu_303/mul_32s_32s_32_1_1_U28/dout_0[22]
    SLICE_X22Y5          LUT3 (Prop_lut3_I0_O)        0.327     6.576 r  design_1_i/Conv2D_HW_0/inst/grp_Conv2D_HW_Pipeline_loop_acc_x_fu_303/mul_32s_32s_32_1_1_U28/add_ln58_reg_959[23]_i_8/O
                         net (fo=2, routed)           1.135     7.711    design_1_i/Conv2D_HW_0/inst/grp_Conv2D_HW_Pipeline_loop_acc_x_fu_303/mul_32s_32s_32_1_1_U28/zext_ln60_1_fu_620_p1[22]
    SLICE_X20Y15         LUT6 (Prop_lut6_I0_O)        0.355     8.066 r  design_1_i/Conv2D_HW_0/inst/grp_Conv2D_HW_Pipeline_loop_acc_x_fu_303/mul_32s_32s_32_1_1_U28/add_ln58_reg_959[23]_i_12/O
                         net (fo=1, routed)           0.000     8.066    design_1_i/Conv2D_HW_0/inst/grp_Conv2D_HW_Pipeline_loop_acc_x_fu_303/mul_32s_32s_32_1_1_U28/add_ln58_reg_959[23]_i_12_n_0
    SLICE_X20Y15         CARRY4 (Prop_carry4_S[2]_CO[3])
                                                      0.380     8.446 r  design_1_i/Conv2D_HW_0/inst/grp_Conv2D_HW_Pipeline_loop_acc_x_fu_303/mul_32s_32s_32_1_1_U28/add_ln58_reg_959_reg[23]_i_2/CO[3]
                         net (fo=1, routed)           0.000     8.446    design_1_i/Conv2D_HW_0/inst/grp_Conv2D_HW_Pipeline_loop_acc_x_fu_303/mul_32s_32s_32_1_1_U28/add_ln58_reg_959_reg[23]_i_2_n_0
    SLICE_X20Y16         CARRY4 (Prop_carry4_CI_CO[3])
                                                      0.117     8.563 r  design_1_i/Conv2D_HW_0/inst/grp_Conv2D_HW_Pipeline_loop_acc_x_fu_303/mul_32s_32s_32_1_1_U28/add_ln58_reg_959_reg[27]_i_2/CO[3]
                         net (fo=1, routed)           0.000     8.563    design_1_i/Conv2D_HW_0/inst/grp_Conv2D_HW_Pipeline_loop_acc_x_fu_303/mul_32s_32s_32_1_1_U28/add_ln58_reg_959_reg[27]_i_2_n_0
    SLICE_X20Y17         CARRY4 (Prop_carry4_CI_O[1])
                                                      0.323     8.886 r  design_1_i/Conv2D_HW_0/inst/grp_Conv2D_HW_Pipeline_loop_acc_x_fu_303/mul_32s_32s_32_1_1_U28/add_ln58_reg_959_reg[31]_i_2/O[1]
                         net (fo=2, routed)           0.591     9.477    design_1_i/Conv2D_HW_0/inst/grp_Conv2D_HW_Pipeline_loop_acc_x_fu_303/select_ln58_1_fu_650_p3[29]
    SLICE_X21Y22         LUT2 (Prop_lut2_I0_O)        0.306     9.783 r  design_1_i/Conv2D_HW_0/inst/grp_Conv2D_HW_Pipeline_loop_acc_x_fu_303/add_ln58_reg_959[31]_i_5/O
                         net (fo=1, routed)           0.000     9.783    design_1_i/Conv2D_HW_0/inst/grp_Conv2D_HW_Pipeline_loop_acc_x_fu_303/add_ln58_reg_959[31]_i_5_n_0
    SLICE_X21Y22         CARRY4 (Prop_carry4_S[1]_CO[3])
                                                      0.550    10.333 r  design_1_i/Conv2D_HW_0/inst/grp_Conv2D_HW_Pipeline_loop_acc_x_fu_303/add_ln58_reg_959_reg[31]_i_1/CO[3]
                         net (fo=1, routed)           0.000    10.333    design_1_i/Conv2D_HW_0/inst/grp_Conv2D_HW_Pipeline_loop_acc_x_fu_303/add_ln58_reg_959_reg[31]_i_1_n_0
    SLICE_X21Y23         CARRY4 (Prop_carry4_CI_CO[1])
                                                      0.157    10.490 r  design_1_i/Conv2D_HW_0/inst/grp_Conv2D_HW_Pipeline_loop_acc_x_fu_303/add_ln58_reg_959_reg[33]_i_2/CO[1]
                         net (fo=1, routed)           0.000    10.490    design_1_i/Conv2D_HW_0/inst/grp_Conv2D_HW_Pipeline_loop_acc_x_fu_303/add_ln58_fu_661_p2[33]
    SLICE_X21Y23         FDRE                                         r  design_1_i/Conv2D_HW_0/inst/grp_Conv2D_HW_Pipeline_loop_acc_x_fu_303/add_ln58_reg_959_reg[33]/D
  -------------------------------------------------------------------    -------------------

                         (clock clk_fpga_0 rise edge)
                                                      0.000     0.000 r  
    PS7_X0Y0             PS7                          0.000     0.000 r  design_1_i/processing_system7_0/inst/PS7_i/FCLKCLK[0]
                         net (fo=1, routed)           1.088     1.088    design_1_i/processing_system7_0/inst/FCLK_CLK_unbuffered[0]
    BUFGCTRL_X0Y16       BUFG (Prop_bufg_I_O)         0.091     1.179 r  design_1_i/processing_system7_0/inst/buffer_fclk_clk_0.FCLK_CLK_0_BUFG/O
                         net (fo=8415, routed)        1.564     2.743    design_1_i/Conv2D_HW_0/inst/grp_Conv2D_HW_Pipeline_loop_acc_x_fu_303/ap_clk
    SLICE_X21Y23         FDRE                                         r  design_1_i/Conv2D_HW_0/inst/grp_Conv2D_HW_Pipeline_loop_acc_x_fu_303/add_ln58_reg_959_reg[33]/C

Slack:                    inf
  Source:                 design_1_i/Conv2D_HW_0/inst/grp_Conv2D_HW_Pipeline_loop_acc_x_fu_303/mul_32s_32s_32_1_1_U28/dout__0__0/ACOUT[29]
                            (internal pin)
  Destination:            design_1_i/Conv2D_HW_0/inst/grp_Conv2D_HW_Pipeline_loop_acc_x_fu_303/add_ln58_reg_959_reg[30]/D
                            (rising edge-triggered cell FDRE clocked by clk_fpga_0  {rise@0.000ns fall@10.000ns period=20.000ns})
  Path Group:             (none)
  Path Type:              Setup (Max at Slow Process Corner)
  Data Path Delay:        10.456ns  (logic 6.878ns (65.777%)  route 3.578ns (34.223%))
  Logic Levels:           10  (CARRY4=6 DSP48E1=1 LUT2=1 LUT3=1 LUT6=1)
  Clock Uncertainty:      0.301ns  ((TSJ^2 + TIJ^2)^1/2 + DJ) / 2 + PE
    Total System Jitter     (TSJ):    0.050ns
    Total Input Jitter      (TIJ):    0.600ns
    Discrete Jitter          (DJ):    0.000ns
    Phase Error              (PE):    0.000ns

    Location             Delay type                Incr(ns)  Path(ns)    Netlist Resource(s)
  -------------------------------------------------------------------    -------------------
    DSP48_X0Y2           DSP48E1                      0.000     0.000 r  design_1_i/Conv2D_HW_0/inst/grp_Conv2D_HW_Pipeline_loop_acc_x_fu_303/mul_32s_32s_32_1_1_U28/dout__0__0/ACOUT[29]
                         net (fo=1, routed)           0.002     0.002    design_1_i/Conv2D_HW_0/inst/grp_Conv2D_HW_Pipeline_loop_acc_x_fu_303/mul_32s_32s_32_1_1_U28/dout__0__0_n_24
    DSP48_X0Y3           DSP48E1 (Prop_dsp48e1_ACIN[29]_P[0])
                                                      3.639     3.641 r  design_1_i/Conv2D_HW_0/inst/grp_Conv2D_HW_Pipeline_loop_acc_x_fu_303/mul_32s_32s_32_1_1_U28/dout__1/P[0]
                         net (fo=2, routed)           1.033     4.674    design_1_i/Conv2D_HW_0/inst/grp_Conv2D_HW_Pipeline_loop_acc_x_fu_303/mul_32s_32s_32_1_1_U28/dout__1_n_105
    SLICE_X20Y4          CARRY4 (Prop_carry4_DI[1]_CO[3])
                                                      0.520     5.194 r  design_1_i/Conv2D_HW_0/inst/grp_Conv2D_HW_Pipeline_loop_acc_x_fu_303/mul_32s_32s_32_1_1_U28/dout_carry/CO[3]
                         net (fo=1, routed)           0.000     5.194    design_1_i/Conv2D_HW_0/inst/grp_Conv2D_HW_Pipeline_loop_acc_x_fu_303/mul_32s_32s_32_1_1_U28/dout_carry_n_0
    SLICE_X20Y5          CARRY4 (Prop_carry4_CI_O[2])
                                                      0.239     5.433 r  design_1_i/Conv2D_HW_0/inst/grp_Conv2D_HW_Pipeline_loop_acc_x_fu_303/mul_32s_32s_32_1_1_U28/dout_carry__0/O[2]
                         net (fo=1, routed)           0.816     6.249    design_1_i/Conv2D_HW_0/inst/grp_Conv2D_HW_Pipeline_loop_acc_x_fu_303/mul_32s_32s_32_1_1_U28/dout_0[22]
    SLICE_X22Y5          LUT3 (Prop_lut3_I0_O)        0.327     6.576 r  design_1_i/Conv2D_HW_0/inst/grp_Conv2D_HW_Pipeline_loop_acc_x_fu_303/mul_32s_32s_32_1_1_U28/add_ln58_reg_959[23]_i_8/O
                         net (fo=2, routed)           1.135     7.711    design_1_i/Conv2D_HW_0/inst/grp_Conv2D_HW_Pipeline_loop_acc_x_fu_303/mul_32s_32s_32_1_1_U28/zext_ln60_1_fu_620_p1[22]
    SLICE_X20Y15         LUT6 (Prop_lut6_I0_O)        0.355     8.066 r  design_1_i/Conv2D_HW_0/inst/grp_Conv2D_HW_Pipeline_loop_acc_x_fu_303/mul_32s_32s_32_1_1_U28/add_ln58_reg_959[23]_i_12/O
                         net (fo=1, routed)           0.000     8.066    design_1_i/Conv2D_HW_0/inst/grp_Conv2D_HW_Pipeline_loop_acc_x_fu_303/mul_32s_32s_32_1_1_U28/add_ln58_reg_959[23]_i_12_n_0
    SLICE_X20Y15         CARRY4 (Prop_carry4_S[2]_CO[3])
                                                      0.380     8.446 r  design_1_i/Conv2D_HW_0/inst/grp_Conv2D_HW_Pipeline_loop_acc_x_fu_303/mul_32s_32s_32_1_1_U28/add_ln58_reg_959_reg[23]_i_2/CO[3]
                         net (fo=1, routed)           0.000     8.446    design_1_i/Conv2D_HW_0/inst/grp_Conv2D_HW_Pipeline_loop_acc_x_fu_303/mul_32s_32s_32_1_1_U28/add_ln58_reg_959_reg[23]_i_2_n_0
    SLICE_X20Y16         CARRY4 (Prop_carry4_CI_O[1])
                                                      0.323     8.769 r  design_1_i/Conv2D_HW_0/inst/grp_Conv2D_HW_Pipeline_loop_acc_x_fu_303/mul_32s_32s_32_1_1_U28/add_ln58_reg_959_reg[27]_i_2/O[1]
                         net (fo=2, routed)           0.593     9.361    design_1_i/Conv2D_HW_0/inst/grp_Conv2D_HW_Pipeline_loop_acc_x_fu_303/select_ln58_1_fu_650_p3[25]
    SLICE_X21Y21         LUT2 (Prop_lut2_I0_O)        0.306     9.667 r  design_1_i/Conv2D_HW_0/inst/grp_Conv2D_HW_Pipeline_loop_acc_x_fu_303/add_ln58_reg_959[27]_i_5/O
                         net (fo=1, routed)           0.000     9.667    design_1_i/Conv2D_HW_0/inst/grp_Conv2D_HW_Pipeline_loop_acc_x_fu_303/add_ln58_reg_959[27]_i_5_n_0
    SLICE_X21Y21         CARRY4 (Prop_carry4_S[1]_CO[3])
                                                      0.550    10.217 r  design_1_i/Conv2D_HW_0/inst/grp_Conv2D_HW_Pipeline_loop_acc_x_fu_303/add_ln58_reg_959_reg[27]_i_1/CO[3]
                         net (fo=1, routed)           0.000    10.217    design_1_i/Conv2D_HW_0/inst/grp_Conv2D_HW_Pipeline_loop_acc_x_fu_303/add_ln58_reg_959_reg[27]_i_1_n_0
    SLICE_X21Y22         CARRY4 (Prop_carry4_CI_O[2])
                                                      0.239    10.456 r  design_1_i/Conv2D_HW_0/inst/grp_Conv2D_HW_Pipeline_loop_acc_x_fu_303/add_ln58_reg_959_reg[31]_i_1/O[2]
                         net (fo=1, routed)           0.000    10.456    design_1_i/Conv2D_HW_0/inst/grp_Conv2D_HW_Pipeline_loop_acc_x_fu_303/add_ln58_fu_661_p2[30]
    SLICE_X21Y22         FDRE                                         r  design_1_i/Conv2D_HW_0/inst/grp_Conv2D_HW_Pipeline_loop_acc_x_fu_303/add_ln58_reg_959_reg[30]/D
  -------------------------------------------------------------------    -------------------

                         (clock clk_fpga_0 rise edge)
                                                      0.000     0.000 r  
    PS7_X0Y0             PS7                          0.000     0.000 r  design_1_i/processing_system7_0/inst/PS7_i/FCLKCLK[0]
                         net (fo=1, routed)           1.088     1.088    design_1_i/processing_system7_0/inst/FCLK_CLK_unbuffered[0]
    BUFGCTRL_X0Y16       BUFG (Prop_bufg_I_O)         0.091     1.179 r  design_1_i/processing_system7_0/inst/buffer_fclk_clk_0.FCLK_CLK_0_BUFG/O
                         net (fo=8415, routed)        1.565     2.744    design_1_i/Conv2D_HW_0/inst/grp_Conv2D_HW_Pipeline_loop_acc_x_fu_303/ap_clk
    SLICE_X21Y22         FDRE                                         r  design_1_i/Conv2D_HW_0/inst/grp_Conv2D_HW_Pipeline_loop_acc_x_fu_303/add_ln58_reg_959_reg[30]/C

Slack:                    inf
  Source:                 design_1_i/Conv2D_HW_0/inst/grp_Conv2D_HW_Pipeline_loop_acc_x_fu_303/mul_32s_32s_32_1_1_U28/dout__0__0/ACOUT[29]
                            (internal pin)
  Destination:            design_1_i/Conv2D_HW_0/inst/grp_Conv2D_HW_Pipeline_loop_acc_x_fu_303/add_ln58_reg_959_reg[28]/D
                            (rising edge-triggered cell FDRE clocked by clk_fpga_0  {rise@0.000ns fall@10.000ns period=20.000ns})
  Path Group:             (none)
  Path Type:              Setup (Max at Slow Process Corner)
  Data Path Delay:        10.440ns  (logic 6.862ns (65.725%)  route 3.578ns (34.275%))
  Logic Levels:           10  (CARRY4=6 DSP48E1=1 LUT2=1 LUT3=1 LUT6=1)
  Clock Uncertainty:      0.301ns  ((TSJ^2 + TIJ^2)^1/2 + DJ) / 2 + PE
    Total System Jitter     (TSJ):    0.050ns
    Total Input Jitter      (TIJ):    0.600ns
    Discrete Jitter          (DJ):    0.000ns
    Phase Error              (PE):    0.000ns

    Location             Delay type                Incr(ns)  Path(ns)    Netlist Resource(s)
  -------------------------------------------------------------------    -------------------
    DSP48_X0Y2           DSP48E1                      0.000     0.000 r  design_1_i/Conv2D_HW_0/inst/grp_Conv2D_HW_Pipeline_loop_acc_x_fu_303/mul_32s_32s_32_1_1_U28/dout__0__0/ACOUT[29]
                         net (fo=1, routed)           0.002     0.002    design_1_i/Conv2D_HW_0/inst/grp_Conv2D_HW_Pipeline_loop_acc_x_fu_303/mul_32s_32s_32_1_1_U28/dout__0__0_n_24
    DSP48_X0Y3           DSP48E1 (Prop_dsp48e1_ACIN[29]_P[0])
                                                      3.639     3.641 r  design_1_i/Conv2D_HW_0/inst/grp_Conv2D_HW_Pipeline_loop_acc_x_fu_303/mul_32s_32s_32_1_1_U28/dout__1/P[0]
                         net (fo=2, routed)           1.033     4.674    design_1_i/Conv2D_HW_0/inst/grp_Conv2D_HW_Pipeline_loop_acc_x_fu_303/mul_32s_32s_32_1_1_U28/dout__1_n_105
    SLICE_X20Y4          CARRY4 (Prop_carry4_DI[1]_CO[3])
                                                      0.520     5.194 r  design_1_i/Conv2D_HW_0/inst/grp_Conv2D_HW_Pipeline_loop_acc_x_fu_303/mul_32s_32s_32_1_1_U28/dout_carry/CO[3]
                         net (fo=1, routed)           0.000     5.194    design_1_i/Conv2D_HW_0/inst/grp_Conv2D_HW_Pipeline_loop_acc_x_fu_303/mul_32s_32s_32_1_1_U28/dout_carry_n_0
    SLICE_X20Y5          CARRY4 (Prop_carry4_CI_O[2])
                                                      0.239     5.433 r  design_1_i/Conv2D_HW_0/inst/grp_Conv2D_HW_Pipeline_loop_acc_x_fu_303/mul_32s_32s_32_1_1_U28/dout_carry__0/O[2]
                         net (fo=1, routed)           0.816     6.249    design_1_i/Conv2D_HW_0/inst/grp_Conv2D_HW_Pipeline_loop_acc_x_fu_303/mul_32s_32s_32_1_1_U28/dout_0[22]
    SLICE_X22Y5          LUT3 (Prop_lut3_I0_O)        0.327     6.576 r  design_1_i/Conv2D_HW_0/inst/grp_Conv2D_HW_Pipeline_loop_acc_x_fu_303/mul_32s_32s_32_1_1_U28/add_ln58_reg_959[23]_i_8/O
                         net (fo=2, routed)           1.135     7.711    design_1_i/Conv2D_HW_0/inst/grp_Conv2D_HW_Pipeline_loop_acc_x_fu_303/mul_32s_32s_32_1_1_U28/zext_ln60_1_fu_620_p1[22]
    SLICE_X20Y15         LUT6 (Prop_lut6_I0_O)        0.355     8.066 r  design_1_i/Conv2D_HW_0/inst/grp_Conv2D_HW_Pipeline_loop_acc_x_fu_303/mul_32s_32s_32_1_1_U28/add_ln58_reg_959[23]_i_12/O
                         net (fo=1, routed)           0.000     8.066    design_1_i/Conv2D_HW_0/inst/grp_Conv2D_HW_Pipeline_loop_acc_x_fu_303/mul_32s_32s_32_1_1_U28/add_ln58_reg_959[23]_i_12_n_0
    SLICE_X20Y15         CARRY4 (Prop_carry4_S[2]_CO[3])
                                                      0.380     8.446 r  design_1_i/Conv2D_HW_0/inst/grp_Conv2D_HW_Pipeline_loop_acc_x_fu_303/mul_32s_32s_32_1_1_U28/add_ln58_reg_959_reg[23]_i_2/CO[3]
                         net (fo=1, routed)           0.000     8.446    design_1_i/Conv2D_HW_0/inst/grp_Conv2D_HW_Pipeline_loop_acc_x_fu_303/mul_32s_32s_32_1_1_U28/add_ln58_reg_959_reg[23]_i_2_n_0
    SLICE_X20Y16         CARRY4 (Prop_carry4_CI_O[1])
                                                      0.323     8.769 r  design_1_i/Conv2D_HW_0/inst/grp_Conv2D_HW_Pipeline_loop_acc_x_fu_303/mul_32s_32s_32_1_1_U28/add_ln58_reg_959_reg[27]_i_2/O[1]
                         net (fo=2, routed)           0.593     9.361    design_1_i/Conv2D_HW_0/inst/grp_Conv2D_HW_Pipeline_loop_acc_x_fu_303/select_ln58_1_fu_650_p3[25]
    SLICE_X21Y21         LUT2 (Prop_lut2_I0_O)        0.306     9.667 r  design_1_i/Conv2D_HW_0/inst/grp_Conv2D_HW_Pipeline_loop_acc_x_fu_303/add_ln58_reg_959[27]_i_5/O
                         net (fo=1, routed)           0.000     9.667    design_1_i/Conv2D_HW_0/inst/grp_Conv2D_HW_Pipeline_loop_acc_x_fu_303/add_ln58_reg_959[27]_i_5_n_0
    SLICE_X21Y21         CARRY4 (Prop_carry4_S[1]_CO[3])
                                                      0.550    10.217 r  design_1_i/Conv2D_HW_0/inst/grp_Conv2D_HW_Pipeline_loop_acc_x_fu_303/add_ln58_reg_959_reg[27]_i_1/CO[3]
                         net (fo=1, routed)           0.000    10.217    design_1_i/Conv2D_HW_0/inst/grp_Conv2D_HW_Pipeline_loop_acc_x_fu_303/add_ln58_reg_959_reg[27]_i_1_n_0
    SLICE_X21Y22         CARRY4 (Prop_carry4_CI_O[0])
                                                      0.223    10.440 r  design_1_i/Conv2D_HW_0/inst/grp_Conv2D_HW_Pipeline_loop_acc_x_fu_303/add_ln58_reg_959_reg[31]_i_1/O[0]
                         net (fo=1, routed)           0.000    10.440    design_1_i/Conv2D_HW_0/inst/grp_Conv2D_HW_Pipeline_loop_acc_x_fu_303/add_ln58_fu_661_p2[28]
    SLICE_X21Y22         FDRE                                         r  design_1_i/Conv2D_HW_0/inst/grp_Conv2D_HW_Pipeline_loop_acc_x_fu_303/add_ln58_reg_959_reg[28]/D
  -------------------------------------------------------------------    -------------------

                         (clock clk_fpga_0 rise edge)
                                                      0.000     0.000 r  
    PS7_X0Y0             PS7                          0.000     0.000 r  design_1_i/processing_system7_0/inst/PS7_i/FCLKCLK[0]
                         net (fo=1, routed)           1.088     1.088    design_1_i/processing_system7_0/inst/FCLK_CLK_unbuffered[0]
    BUFGCTRL_X0Y16       BUFG (Prop_bufg_I_O)         0.091     1.179 r  design_1_i/processing_system7_0/inst/buffer_fclk_clk_0.FCLK_CLK_0_BUFG/O
                         net (fo=8415, routed)        1.565     2.744    design_1_i/Conv2D_HW_0/inst/grp_Conv2D_HW_Pipeline_loop_acc_x_fu_303/ap_clk
    SLICE_X21Y22         FDRE                                         r  design_1_i/Conv2D_HW_0/inst/grp_Conv2D_HW_Pipeline_loop_acc_x_fu_303/add_ln58_reg_959_reg[28]/C

Slack:                    inf
  Source:                 design_1_i/Conv2D_HW_0/inst/grp_Conv2D_HW_Pipeline_loop_acc_x_fu_303/mul_32s_32s_32_1_1_U28/dout__0__0/ACOUT[29]
                            (internal pin)
  Destination:            design_1_i/Conv2D_HW_0/inst/grp_Conv2D_HW_Pipeline_loop_acc_x_fu_303/add_ln58_reg_959_reg[27]/D
                            (rising edge-triggered cell FDRE clocked by clk_fpga_0  {rise@0.000ns fall@10.000ns period=20.000ns})
  Path Group:             (none)
  Path Type:              Setup (Max at Slow Process Corner)
  Data Path Delay:        10.307ns  (logic 6.729ns (65.283%)  route 3.578ns (34.717%))
  Logic Levels:           9  (CARRY4=5 DSP48E1=1 LUT2=1 LUT3=1 LUT6=1)
  Clock Uncertainty:      0.301ns  ((TSJ^2 + TIJ^2)^1/2 + DJ) / 2 + PE
    Total System Jitter     (TSJ):    0.050ns
    Total Input Jitter      (TIJ):    0.600ns
    Discrete Jitter          (DJ):    0.000ns
    Phase Error              (PE):    0.000ns

    Location             Delay type                Incr(ns)  Path(ns)    Netlist Resource(s)
  -------------------------------------------------------------------    -------------------
    DSP48_X0Y2           DSP48E1                      0.000     0.000 r  design_1_i/Conv2D_HW_0/inst/grp_Conv2D_HW_Pipeline_loop_acc_x_fu_303/mul_32s_32s_32_1_1_U28/dout__0__0/ACOUT[29]
                         net (fo=1, routed)           0.002     0.002    design_1_i/Conv2D_HW_0/inst/grp_Conv2D_HW_Pipeline_loop_acc_x_fu_303/mul_32s_32s_32_1_1_U28/dout__0__0_n_24
    DSP48_X0Y3           DSP48E1 (Prop_dsp48e1_ACIN[29]_P[0])
                                                      3.639     3.641 r  design_1_i/Conv2D_HW_0/inst/grp_Conv2D_HW_Pipeline_loop_acc_x_fu_303/mul_32s_32s_32_1_1_U28/dout__1/P[0]
                         net (fo=2, routed)           1.033     4.674    design_1_i/Conv2D_HW_0/inst/grp_Conv2D_HW_Pipeline_loop_acc_x_fu_303/mul_32s_32s_32_1_1_U28/dout__1_n_105
    SLICE_X20Y4          CARRY4 (Prop_carry4_DI[1]_CO[3])
                                                      0.520     5.194 r  design_1_i/Conv2D_HW_0/inst/grp_Conv2D_HW_Pipeline_loop_acc_x_fu_303/mul_32s_32s_32_1_1_U28/dout_carry/CO[3]
                         net (fo=1, routed)           0.000     5.194    design_1_i/Conv2D_HW_0/inst/grp_Conv2D_HW_Pipeline_loop_acc_x_fu_303/mul_32s_32s_32_1_1_U28/dout_carry_n_0
    SLICE_X20Y5          CARRY4 (Prop_carry4_CI_O[2])
                                                      0.239     5.433 r  design_1_i/Conv2D_HW_0/inst/grp_Conv2D_HW_Pipeline_loop_acc_x_fu_303/mul_32s_32s_32_1_1_U28/dout_carry__0/O[2]
                         net (fo=1, routed)           0.816     6.249    design_1_i/Conv2D_HW_0/inst/grp_Conv2D_HW_Pipeline_loop_acc_x_fu_303/mul_32s_32s_32_1_1_U28/dout_0[22]
    SLICE_X22Y5          LUT3 (Prop_lut3_I0_O)        0.327     6.576 r  design_1_i/Conv2D_HW_0/inst/grp_Conv2D_HW_Pipeline_loop_acc_x_fu_303/mul_32s_32s_32_1_1_U28/add_ln58_reg_959[23]_i_8/O
                         net (fo=2, routed)           1.135     7.711    design_1_i/Conv2D_HW_0/inst/grp_Conv2D_HW_Pipeline_loop_acc_x_fu_303/mul_32s_32s_32_1_1_U28/zext_ln60_1_fu_620_p1[22]
    SLICE_X20Y15         LUT6 (Prop_lut6_I0_O)        0.355     8.066 r  design_1_i/Conv2D_HW_0/inst/grp_Conv2D_HW_Pipeline_loop_acc_x_fu_303/mul_32s_32s_32_1_1_U28/add_ln58_reg_959[23]_i_12/O
                         net (fo=1, routed)           0.000     8.066    design_1_i/Conv2D_HW_0/inst/grp_Conv2D_HW_Pipeline_loop_acc_x_fu_303/mul_32s_32s_32_1_1_U28/add_ln58_reg_959[23]_i_12_n_0
    SLICE_X20Y15         CARRY4 (Prop_carry4_S[2]_CO[3])
                                                      0.380     8.446 r  design_1_i/Conv2D_HW_0/inst/grp_Conv2D_HW_Pipeline_loop_acc_x_fu_303/mul_32s_32s_32_1_1_U28/add_ln58_reg_959_reg[23]_i_2/CO[3]
                         net (fo=1, routed)           0.000     8.446    design_1_i/Conv2D_HW_0/inst/grp_Conv2D_HW_Pipeline_loop_acc_x_fu_303/mul_32s_32s_32_1_1_U28/add_ln58_reg_959_reg[23]_i_2_n_0
    SLICE_X20Y16         CARRY4 (Prop_carry4_CI_O[1])
                                                      0.323     8.769 r  design_1_i/Conv2D_HW_0/inst/grp_Conv2D_HW_Pipeline_loop_acc_x_fu_303/mul_32s_32s_32_1_1_U28/add_ln58_reg_959_reg[27]_i_2/O[1]
                         net (fo=2, routed)           0.593     9.361    design_1_i/Conv2D_HW_0/inst/grp_Conv2D_HW_Pipeline_loop_acc_x_fu_303/select_ln58_1_fu_650_p3[25]
    SLICE_X21Y21         LUT2 (Prop_lut2_I0_O)        0.306     9.667 r  design_1_i/Conv2D_HW_0/inst/grp_Conv2D_HW_Pipeline_loop_acc_x_fu_303/add_ln58_reg_959[27]_i_5/O
                         net (fo=1, routed)           0.000     9.667    design_1_i/Conv2D_HW_0/inst/grp_Conv2D_HW_Pipeline_loop_acc_x_fu_303/add_ln58_reg_959[27]_i_5_n_0
    SLICE_X21Y21         CARRY4 (Prop_carry4_S[1]_O[3])
                                                      0.640    10.307 r  design_1_i/Conv2D_HW_0/inst/grp_Conv2D_HW_Pipeline_loop_acc_x_fu_303/add_ln58_reg_959_reg[27]_i_1/O[3]
                         net (fo=1, routed)           0.000    10.307    design_1_i/Conv2D_HW_0/inst/grp_Conv2D_HW_Pipeline_loop_acc_x_fu_303/add_ln58_fu_661_p2[27]
    SLICE_X21Y21         FDRE                                         r  design_1_i/Conv2D_HW_0/inst/grp_Conv2D_HW_Pipeline_loop_acc_x_fu_303/add_ln58_reg_959_reg[27]/D
  -------------------------------------------------------------------    -------------------

                         (clock clk_fpga_0 rise edge)
                                                      0.000     0.000 r  
    PS7_X0Y0             PS7                          0.000     0.000 r  design_1_i/processing_system7_0/inst/PS7_i/FCLKCLK[0]
                         net (fo=1, routed)           1.088     1.088    design_1_i/processing_system7_0/inst/FCLK_CLK_unbuffered[0]
    BUFGCTRL_X0Y16       BUFG (Prop_bufg_I_O)         0.091     1.179 r  design_1_i/processing_system7_0/inst/buffer_fclk_clk_0.FCLK_CLK_0_BUFG/O
                         net (fo=8415, routed)        1.567     2.747    design_1_i/Conv2D_HW_0/inst/grp_Conv2D_HW_Pipeline_loop_acc_x_fu_303/ap_clk
    SLICE_X21Y21         FDRE                                         r  design_1_i/Conv2D_HW_0/inst/grp_Conv2D_HW_Pipeline_loop_acc_x_fu_303/add_ln58_reg_959_reg[27]/C

Slack:                    inf
  Source:                 design_1_i/Conv2D_HW_0/inst/grp_Conv2D_HW_Pipeline_loop_acc_x_fu_303/mul_32s_32s_32_1_1_U28/dout__0__0/ACOUT[29]
                            (internal pin)
  Destination:            design_1_i/Conv2D_HW_0/inst/grp_Conv2D_HW_Pipeline_loop_acc_x_fu_303/add_ln58_reg_959_reg[26]/D
                            (rising edge-triggered cell FDRE clocked by clk_fpga_0  {rise@0.000ns fall@10.000ns period=20.000ns})
  Path Group:             (none)
  Path Type:              Setup (Max at Slow Process Corner)
  Data Path Delay:        10.247ns  (logic 6.669ns (65.079%)  route 3.578ns (34.921%))
  Logic Levels:           9  (CARRY4=5 DSP48E1=1 LUT2=1 LUT3=1 LUT6=1)
  Clock Uncertainty:      0.301ns  ((TSJ^2 + TIJ^2)^1/2 + DJ) / 2 + PE
    Total System Jitter     (TSJ):    0.050ns
    Total Input Jitter      (TIJ):    0.600ns
    Discrete Jitter          (DJ):    0.000ns
    Phase Error              (PE):    0.000ns

    Location             Delay type                Incr(ns)  Path(ns)    Netlist Resource(s)
  -------------------------------------------------------------------    -------------------
    DSP48_X0Y2           DSP48E1                      0.000     0.000 r  design_1_i/Conv2D_HW_0/inst/grp_Conv2D_HW_Pipeline_loop_acc_x_fu_303/mul_32s_32s_32_1_1_U28/dout__0__0/ACOUT[29]
                         net (fo=1, routed)           0.002     0.002    design_1_i/Conv2D_HW_0/inst/grp_Conv2D_HW_Pipeline_loop_acc_x_fu_303/mul_32s_32s_32_1_1_U28/dout__0__0_n_24
    DSP48_X0Y3           DSP48E1 (Prop_dsp48e1_ACIN[29]_P[0])
                                                      3.639     3.641 r  design_1_i/Conv2D_HW_0/inst/grp_Conv2D_HW_Pipeline_loop_acc_x_fu_303/mul_32s_32s_32_1_1_U28/dout__1/P[0]
                         net (fo=2, routed)           1.033     4.674    design_1_i/Conv2D_HW_0/inst/grp_Conv2D_HW_Pipeline_loop_acc_x_fu_303/mul_32s_32s_32_1_1_U28/dout__1_n_105
    SLICE_X20Y4          CARRY4 (Prop_carry4_DI[1]_CO[3])
                                                      0.520     5.194 r  design_1_i/Conv2D_HW_0/inst/grp_Conv2D_HW_Pipeline_loop_acc_x_fu_303/mul_32s_32s_32_1_1_U28/dout_carry/CO[3]
                         net (fo=1, routed)           0.000     5.194    design_1_i/Conv2D_HW_0/inst/grp_Conv2D_HW_Pipeline_loop_acc_x_fu_303/mul_32s_32s_32_1_1_U28/dout_carry_n_0
    SLICE_X20Y5          CARRY4 (Prop_carry4_CI_O[2])
                                                      0.239     5.433 r  design_1_i/Conv2D_HW_0/inst/grp_Conv2D_HW_Pipeline_loop_acc_x_fu_303/mul_32s_32s_32_1_1_U28/dout_carry__0/O[2]
                         net (fo=1, routed)           0.816     6.249    design_1_i/Conv2D_HW_0/inst/grp_Conv2D_HW_Pipeline_loop_acc_x_fu_303/mul_32s_32s_32_1_1_U28/dout_0[22]
    SLICE_X22Y5          LUT3 (Prop_lut3_I0_O)        0.327     6.576 r  design_1_i/Conv2D_HW_0/inst/grp_Conv2D_HW_Pipeline_loop_acc_x_fu_303/mul_32s_32s_32_1_1_U28/add_ln58_reg_959[23]_i_8/O
                         net (fo=2, routed)           1.135     7.711    design_1_i/Conv2D_HW_0/inst/grp_Conv2D_HW_Pipeline_loop_acc_x_fu_303/mul_32s_32s_32_1_1_U28/zext_ln60_1_fu_620_p1[22]
    SLICE_X20Y15         LUT6 (Prop_lut6_I0_O)        0.355     8.066 r  design_1_i/Conv2D_HW_0/inst/grp_Conv2D_HW_Pipeline_loop_acc_x_fu_303/mul_32s_32s_32_1_1_U28/add_ln58_reg_959[23]_i_12/O
                         net (fo=1, routed)           0.000     8.066    design_1_i/Conv2D_HW_0/inst/grp_Conv2D_HW_Pipeline_loop_acc_x_fu_303/mul_32s_32s_32_1_1_U28/add_ln58_reg_959[23]_i_12_n_0
    SLICE_X20Y15         CARRY4 (Prop_carry4_S[2]_CO[3])
                                                      0.380     8.446 r  design_1_i/Conv2D_HW_0/inst/grp_Conv2D_HW_Pipeline_loop_acc_x_fu_303/mul_32s_32s_32_1_1_U28/add_ln58_reg_959_reg[23]_i_2/CO[3]
                         net (fo=1, routed)           0.000     8.446    design_1_i/Conv2D_HW_0/inst/grp_Conv2D_HW_Pipeline_loop_acc_x_fu_303/mul_32s_32s_32_1_1_U28/add_ln58_reg_959_reg[23]_i_2_n_0
    SLICE_X20Y16         CARRY4 (Prop_carry4_CI_O[1])
                                                      0.323     8.769 r  design_1_i/Conv2D_HW_0/inst/grp_Conv2D_HW_Pipeline_loop_acc_x_fu_303/mul_32s_32s_32_1_1_U28/add_ln58_reg_959_reg[27]_i_2/O[1]
                         net (fo=2, routed)           0.593     9.361    design_1_i/Conv2D_HW_0/inst/grp_Conv2D_HW_Pipeline_loop_acc_x_fu_303/select_ln58_1_fu_650_p3[25]
    SLICE_X21Y21         LUT2 (Prop_lut2_I0_O)        0.306     9.667 r  design_1_i/Conv2D_HW_0/inst/grp_Conv2D_HW_Pipeline_loop_acc_x_fu_303/add_ln58_reg_959[27]_i_5/O
                         net (fo=1, routed)           0.000     9.667    design_1_i/Conv2D_HW_0/inst/grp_Conv2D_HW_Pipeline_loop_acc_x_fu_303/add_ln58_reg_959[27]_i_5_n_0
    SLICE_X21Y21         CARRY4 (Prop_carry4_S[1]_O[2])
                                                      0.580    10.247 r  design_1_i/Conv2D_HW_0/inst/grp_Conv2D_HW_Pipeline_loop_acc_x_fu_303/add_ln58_reg_959_reg[27]_i_1/O[2]
                         net (fo=1, routed)           0.000    10.247    design_1_i/Conv2D_HW_0/inst/grp_Conv2D_HW_Pipeline_loop_acc_x_fu_303/add_ln58_fu_661_p2[26]
    SLICE_X21Y21         FDRE                                         r  design_1_i/Conv2D_HW_0/inst/grp_Conv2D_HW_Pipeline_loop_acc_x_fu_303/add_ln58_reg_959_reg[26]/D
  -------------------------------------------------------------------    -------------------

                         (clock clk_fpga_0 rise edge)
                                                      0.000     0.000 r  
    PS7_X0Y0             PS7                          0.000     0.000 r  design_1_i/processing_system7_0/inst/PS7_i/FCLKCLK[0]
                         net (fo=1, routed)           1.088     1.088    design_1_i/processing_system7_0/inst/FCLK_CLK_unbuffered[0]
    BUFGCTRL_X0Y16       BUFG (Prop_bufg_I_O)         0.091     1.179 r  design_1_i/processing_system7_0/inst/buffer_fclk_clk_0.FCLK_CLK_0_BUFG/O
                         net (fo=8415, routed)        1.567     2.747    design_1_i/Conv2D_HW_0/inst/grp_Conv2D_HW_Pipeline_loop_acc_x_fu_303/ap_clk
    SLICE_X21Y21         FDRE                                         r  design_1_i/Conv2D_HW_0/inst/grp_Conv2D_HW_Pipeline_loop_acc_x_fu_303/add_ln58_reg_959_reg[26]/C

Slack:                    inf
  Source:                 design_1_i/Conv2D_HW_0/inst/grp_Conv2D_HW_Pipeline_loop_acc_x_fu_303/mul_32s_32s_32_1_1_U28/dout__0__0/ACOUT[29]
                            (internal pin)
  Destination:            design_1_i/Conv2D_HW_0/inst/grp_Conv2D_HW_Pipeline_loop_acc_x_fu_303/add_ln58_reg_959_reg[25]/D
                            (rising edge-triggered cell FDRE clocked by clk_fpga_0  {rise@0.000ns fall@10.000ns period=20.000ns})
  Path Group:             (none)
  Path Type:              Setup (Max at Slow Process Corner)
  Data Path Delay:        10.131ns  (logic 6.334ns (62.519%)  route 3.797ns (37.481%))
  Logic Levels:           8  (CARRY4=5 DSP48E1=1 LUT3=1 LUT6=1)
  Clock Uncertainty:      0.301ns  ((TSJ^2 + TIJ^2)^1/2 + DJ) / 2 + PE
    Total System Jitter     (TSJ):    0.050ns
    Total Input Jitter      (TIJ):    0.600ns
    Discrete Jitter          (DJ):    0.000ns
    Phase Error              (PE):    0.000ns

    Location             Delay type                Incr(ns)  Path(ns)    Netlist Resource(s)
  -------------------------------------------------------------------    -------------------
    DSP48_X0Y2           DSP48E1                      0.000     0.000 r  design_1_i/Conv2D_HW_0/inst/grp_Conv2D_HW_Pipeline_loop_acc_x_fu_303/mul_32s_32s_32_1_1_U28/dout__0__0/ACOUT[29]
                         net (fo=1, routed)           0.002     0.002    design_1_i/Conv2D_HW_0/inst/grp_Conv2D_HW_Pipeline_loop_acc_x_fu_303/mul_32s_32s_32_1_1_U28/dout__0__0_n_24
    DSP48_X0Y3           DSP48E1 (Prop_dsp48e1_ACIN[29]_P[0])
                                                      3.639     3.641 r  design_1_i/Conv2D_HW_0/inst/grp_Conv2D_HW_Pipeline_loop_acc_x_fu_303/mul_32s_32s_32_1_1_U28/dout__1/P[0]
                         net (fo=2, routed)           1.033     4.674    design_1_i/Conv2D_HW_0/inst/grp_Conv2D_HW_Pipeline_loop_acc_x_fu_303/mul_32s_32s_32_1_1_U28/dout__1_n_105
    SLICE_X20Y4          CARRY4 (Prop_carry4_DI[1]_CO[3])
                                                      0.520     5.194 r  design_1_i/Conv2D_HW_0/inst/grp_Conv2D_HW_Pipeline_loop_acc_x_fu_303/mul_32s_32s_32_1_1_U28/dout_carry/CO[3]
                         net (fo=1, routed)           0.000     5.194    design_1_i/Conv2D_HW_0/inst/grp_Conv2D_HW_Pipeline_loop_acc_x_fu_303/mul_32s_32s_32_1_1_U28/dout_carry_n_0
    SLICE_X20Y5          CARRY4 (Prop_carry4_CI_O[2])
                                                      0.239     5.433 r  design_1_i/Conv2D_HW_0/inst/grp_Conv2D_HW_Pipeline_loop_acc_x_fu_303/mul_32s_32s_32_1_1_U28/dout_carry__0/O[2]
                         net (fo=1, routed)           0.816     6.249    design_1_i/Conv2D_HW_0/inst/grp_Conv2D_HW_Pipeline_loop_acc_x_fu_303/mul_32s_32s_32_1_1_U28/dout_0[22]
    SLICE_X22Y5          LUT3 (Prop_lut3_I0_O)        0.327     6.576 r  design_1_i/Conv2D_HW_0/inst/grp_Conv2D_HW_Pipeline_loop_acc_x_fu_303/mul_32s_32s_32_1_1_U28/add_ln58_reg_959[23]_i_8/O
                         net (fo=2, routed)           1.135     7.711    design_1_i/Conv2D_HW_0/inst/grp_Conv2D_HW_Pipeline_loop_acc_x_fu_303/mul_32s_32s_32_1_1_U28/zext_ln60_1_fu_620_p1[22]
    SLICE_X20Y15         LUT6 (Prop_lut6_I0_O)        0.355     8.066 r  design_1_i/Conv2D_HW_0/inst/grp_Conv2D_HW_Pipeline_loop_acc_x_fu_303/mul_32s_32s_32_1_1_U28/add_ln58_reg_959[23]_i_12/O
                         net (fo=1, routed)           0.000     8.066    design_1_i/Conv2D_HW_0/inst/grp_Conv2D_HW_Pipeline_loop_acc_x_fu_303/mul_32s_32s_32_1_1_U28/add_ln58_reg_959[23]_i_12_n_0
    SLICE_X20Y15         CARRY4 (Prop_carry4_S[2]_O[3])
                                                      0.352     8.418 r  design_1_i/Conv2D_HW_0/inst/grp_Conv2D_HW_Pipeline_loop_acc_x_fu_303/mul_32s_32s_32_1_1_U28/add_ln58_reg_959_reg[23]_i_2/O[3]
                         net (fo=2, routed)           0.811     9.229    design_1_i/Conv2D_HW_0/inst/grp_Conv2D_HW_Pipeline_loop_acc_x_fu_303/select_ln58_1_fu_650_p3[23]
    SLICE_X21Y20         CARRY4 (Prop_carry4_DI[3]_CO[3])
                                                      0.568     9.797 r  design_1_i/Conv2D_HW_0/inst/grp_Conv2D_HW_Pipeline_loop_acc_x_fu_303/add_ln58_reg_959_reg[23]_i_1/CO[3]
                         net (fo=1, routed)           0.000     9.797    design_1_i/Conv2D_HW_0/inst/grp_Conv2D_HW_Pipeline_loop_acc_x_fu_303/add_ln58_reg_959_reg[23]_i_1_n_0
    SLICE_X21Y21         CARRY4 (Prop_carry4_CI_O[1])
                                                      0.334    10.131 r  design_1_i/Conv2D_HW_0/inst/grp_Conv2D_HW_Pipeline_loop_acc_x_fu_303/add_ln58_reg_959_reg[27]_i_1/O[1]
                         net (fo=1, routed)           0.000    10.131    design_1_i/Conv2D_HW_0/inst/grp_Conv2D_HW_Pipeline_loop_acc_x_fu_303/add_ln58_fu_661_p2[25]
    SLICE_X21Y21         FDRE                                         r  design_1_i/Conv2D_HW_0/inst/grp_Conv2D_HW_Pipeline_loop_acc_x_fu_303/add_ln58_reg_959_reg[25]/D
  -------------------------------------------------------------------    -------------------

                         (clock clk_fpga_0 rise edge)
                                                      0.000     0.000 r  
    PS7_X0Y0             PS7                          0.000     0.000 r  design_1_i/processing_system7_0/inst/PS7_i/FCLKCLK[0]
                         net (fo=1, routed)           1.088     1.088    design_1_i/processing_system7_0/inst/FCLK_CLK_unbuffered[0]
    BUFGCTRL_X0Y16       BUFG (Prop_bufg_I_O)         0.091     1.179 r  design_1_i/processing_system7_0/inst/buffer_fclk_clk_0.FCLK_CLK_0_BUFG/O
                         net (fo=8415, routed)        1.567     2.747    design_1_i/Conv2D_HW_0/inst/grp_Conv2D_HW_Pipeline_loop_acc_x_fu_303/ap_clk
    SLICE_X21Y21         FDRE                                         r  design_1_i/Conv2D_HW_0/inst/grp_Conv2D_HW_Pipeline_loop_acc_x_fu_303/add_ln58_reg_959_reg[25]/C

Slack:                    inf
  Source:                 design_1_i/Conv2D_HW_0/inst/grp_Conv2D_HW_Pipeline_loop_acc_x_fu_303/mul_32s_32s_32_1_1_U28/dout__0__0/ACOUT[29]
                            (internal pin)
  Destination:            design_1_i/Conv2D_HW_0/inst/grp_Conv2D_HW_Pipeline_loop_acc_x_fu_303/add_ln58_reg_959_reg[24]/D
                            (rising edge-triggered cell FDRE clocked by clk_fpga_0  {rise@0.000ns fall@10.000ns period=20.000ns})
  Path Group:             (none)
  Path Type:              Setup (Max at Slow Process Corner)
  Data Path Delay:        10.020ns  (logic 6.223ns (62.104%)  route 3.797ns (37.896%))
  Logic Levels:           8  (CARRY4=5 DSP48E1=1 LUT3=1 LUT6=1)
  Clock Uncertainty:      0.301ns  ((TSJ^2 + TIJ^2)^1/2 + DJ) / 2 + PE
    Total System Jitter     (TSJ):    0.050ns
    Total Input Jitter      (TIJ):    0.600ns
    Discrete Jitter          (DJ):    0.000ns
    Phase Error              (PE):    0.000ns

    Location             Delay type                Incr(ns)  Path(ns)    Netlist Resource(s)
  -------------------------------------------------------------------    -------------------
    DSP48_X0Y2           DSP48E1                      0.000     0.000 r  design_1_i/Conv2D_HW_0/inst/grp_Conv2D_HW_Pipeline_loop_acc_x_fu_303/mul_32s_32s_32_1_1_U28/dout__0__0/ACOUT[29]
                         net (fo=1, routed)           0.002     0.002    design_1_i/Conv2D_HW_0/inst/grp_Conv2D_HW_Pipeline_loop_acc_x_fu_303/mul_32s_32s_32_1_1_U28/dout__0__0_n_24
    DSP48_X0Y3           DSP48E1 (Prop_dsp48e1_ACIN[29]_P[0])
                                                      3.639     3.641 r  design_1_i/Conv2D_HW_0/inst/grp_Conv2D_HW_Pipeline_loop_acc_x_fu_303/mul_32s_32s_32_1_1_U28/dout__1/P[0]
                         net (fo=2, routed)           1.033     4.674    design_1_i/Conv2D_HW_0/inst/grp_Conv2D_HW_Pipeline_loop_acc_x_fu_303/mul_32s_32s_32_1_1_U28/dout__1_n_105
    SLICE_X20Y4          CARRY4 (Prop_carry4_DI[1]_CO[3])
                                                      0.520     5.194 r  design_1_i/Conv2D_HW_0/inst/grp_Conv2D_HW_Pipeline_loop_acc_x_fu_303/mul_32s_32s_32_1_1_U28/dout_carry/CO[3]
                         net (fo=1, routed)           0.000     5.194    design_1_i/Conv2D_HW_0/inst/grp_Conv2D_HW_Pipeline_loop_acc_x_fu_303/mul_32s_32s_32_1_1_U28/dout_carry_n_0
    SLICE_X20Y5          CARRY4 (Prop_carry4_CI_O[2])
                                                      0.239     5.433 r  design_1_i/Conv2D_HW_0/inst/grp_Conv2D_HW_Pipeline_loop_acc_x_fu_303/mul_32s_32s_32_1_1_U28/dout_carry__0/O[2]
                         net (fo=1, routed)           0.816     6.249    design_1_i/Conv2D_HW_0/inst/grp_Conv2D_HW_Pipeline_loop_acc_x_fu_303/mul_32s_32s_32_1_1_U28/dout_0[22]
    SLICE_X22Y5          LUT3 (Prop_lut3_I0_O)        0.327     6.576 r  design_1_i/Conv2D_HW_0/inst/grp_Conv2D_HW_Pipeline_loop_acc_x_fu_303/mul_32s_32s_32_1_1_U28/add_ln58_reg_959[23]_i_8/O
                         net (fo=2, routed)           1.135     7.711    design_1_i/Conv2D_HW_0/inst/grp_Conv2D_HW_Pipeline_loop_acc_x_fu_303/mul_32s_32s_32_1_1_U28/zext_ln60_1_fu_620_p1[22]
    SLICE_X20Y15         LUT6 (Prop_lut6_I0_O)        0.355     8.066 r  design_1_i/Conv2D_HW_0/inst/grp_Conv2D_HW_Pipeline_loop_acc_x_fu_303/mul_32s_32s_32_1_1_U28/add_ln58_reg_959[23]_i_12/O
                         net (fo=1, routed)           0.000     8.066    design_1_i/Conv2D_HW_0/inst/grp_Conv2D_HW_Pipeline_loop_acc_x_fu_303/mul_32s_32s_32_1_1_U28/add_ln58_reg_959[23]_i_12_n_0
    SLICE_X20Y15         CARRY4 (Prop_carry4_S[2]_O[3])
                                                      0.352     8.418 r  design_1_i/Conv2D_HW_0/inst/grp_Conv2D_HW_Pipeline_loop_acc_x_fu_303/mul_32s_32s_32_1_1_U28/add_ln58_reg_959_reg[23]_i_2/O[3]
                         net (fo=2, routed)           0.811     9.229    design_1_i/Conv2D_HW_0/inst/grp_Conv2D_HW_Pipeline_loop_acc_x_fu_303/select_ln58_1_fu_650_p3[23]
    SLICE_X21Y20         CARRY4 (Prop_carry4_DI[3]_CO[3])
                                                      0.568     9.797 r  design_1_i/Conv2D_HW_0/inst/grp_Conv2D_HW_Pipeline_loop_acc_x_fu_303/add_ln58_reg_959_reg[23]_i_1/CO[3]
                         net (fo=1, routed)           0.000     9.797    design_1_i/Conv2D_HW_0/inst/grp_Conv2D_HW_Pipeline_loop_acc_x_fu_303/add_ln58_reg_959_reg[23]_i_1_n_0
    SLICE_X21Y21         CARRY4 (Prop_carry4_CI_O[0])
                                                      0.223    10.020 r  design_1_i/Conv2D_HW_0/inst/grp_Conv2D_HW_Pipeline_loop_acc_x_fu_303/add_ln58_reg_959_reg[27]_i_1/O[0]
                         net (fo=1, routed)           0.000    10.020    design_1_i/Conv2D_HW_0/inst/grp_Conv2D_HW_Pipeline_loop_acc_x_fu_303/add_ln58_fu_661_p2[24]
    SLICE_X21Y21         FDRE                                         r  design_1_i/Conv2D_HW_0/inst/grp_Conv2D_HW_Pipeline_loop_acc_x_fu_303/add_ln58_reg_959_reg[24]/D
  -------------------------------------------------------------------    -------------------

                         (clock clk_fpga_0 rise edge)
                                                      0.000     0.000 r  
    PS7_X0Y0             PS7                          0.000     0.000 r  design_1_i/processing_system7_0/inst/PS7_i/FCLKCLK[0]
                         net (fo=1, routed)           1.088     1.088    design_1_i/processing_system7_0/inst/FCLK_CLK_unbuffered[0]
    BUFGCTRL_X0Y16       BUFG (Prop_bufg_I_O)         0.091     1.179 r  design_1_i/processing_system7_0/inst/buffer_fclk_clk_0.FCLK_CLK_0_BUFG/O
                         net (fo=8415, routed)        1.567     2.747    design_1_i/Conv2D_HW_0/inst/grp_Conv2D_HW_Pipeline_loop_acc_x_fu_303/ap_clk
    SLICE_X21Y21         FDRE                                         r  design_1_i/Conv2D_HW_0/inst/grp_Conv2D_HW_Pipeline_loop_acc_x_fu_303/add_ln58_reg_959_reg[24]/C





Min Delay Paths
--------------------------------------------------------------------------------------
Slack:                    inf
  Source:                 design_1_i/Conv2D_HW_0/inst/grp_Conv2D_HW_Pipeline_loop_acc_x_fu_303/mul_32s_32s_32_1_1_U26/dout__0/ACOUT[29]
                            (internal pin)
  Destination:            design_1_i/Conv2D_HW_0/inst/grp_Conv2D_HW_Pipeline_loop_acc_x_fu_303/add_ln58_reg_959_reg[20]/D
                            (rising edge-triggered cell FDRE clocked by clk_fpga_0  {rise@0.000ns fall@10.000ns period=20.000ns})
  Path Group:             (none)
  Path Type:              Hold (Min at Fast Process Corner)
  Data Path Delay:        1.955ns  (logic 1.033ns (52.839%)  route 0.922ns (47.161%))
  Logic Levels:           8  (CARRY4=3 DSP48E1=1 LUT2=2 LUT3=1 LUT6=1)
  Clock Uncertainty:      0.301ns  ((TSJ^2 + TIJ^2)^1/2 + DJ) / 2 + PE
    Total System Jitter     (TSJ):    0.050ns
    Total Input Jitter      (TIJ):    0.600ns
    Discrete Jitter          (DJ):    0.000ns
    Phase Error              (PE):    0.000ns

    Location             Delay type                Incr(ns)  Path(ns)    Netlist Resource(s)
  -------------------------------------------------------------------    -------------------
    DSP48_X1Y2           DSP48E1                      0.000     0.000 r  design_1_i/Conv2D_HW_0/inst/grp_Conv2D_HW_Pipeline_loop_acc_x_fu_303/mul_32s_32s_32_1_1_U26/dout__0/ACOUT[29]
                         net (fo=1, routed)           0.002     0.002    design_1_i/Conv2D_HW_0/inst/grp_Conv2D_HW_Pipeline_loop_acc_x_fu_303/mul_32s_32s_32_1_1_U26/dout__0_n_24
    DSP48_X1Y3           DSP48E1 (Prop_dsp48e1_ACIN[29]_P[3])
                                                      0.521     0.523 r  design_1_i/Conv2D_HW_0/inst/grp_Conv2D_HW_Pipeline_loop_acc_x_fu_303/mul_32s_32s_32_1_1_U26/dout__1/P[3]
                         net (fo=2, routed)           0.253     0.776    design_1_i/Conv2D_HW_0/inst/grp_Conv2D_HW_Pipeline_loop_acc_x_fu_303/mul_32s_32s_32_1_1_U26/dout__1_n_102
    SLICE_X21Y5          LUT2 (Prop_lut2_I0_O)        0.045     0.821 r  design_1_i/Conv2D_HW_0/inst/grp_Conv2D_HW_Pipeline_loop_acc_x_fu_303/mul_32s_32s_32_1_1_U26/dout_carry__0_i_4__6/O
                         net (fo=1, routed)           0.000     0.821    design_1_i/Conv2D_HW_0/inst/grp_Conv2D_HW_Pipeline_loop_acc_x_fu_303/mul_32s_32s_32_1_1_U26/dout_carry__0_i_4__6_n_0
    SLICE_X21Y5          CARRY4 (Prop_carry4_S[0]_O[0])
                                                      0.070     0.891 r  design_1_i/Conv2D_HW_0/inst/grp_Conv2D_HW_Pipeline_loop_acc_x_fu_303/mul_32s_32s_32_1_1_U26/dout_carry__0/O[0]
                         net (fo=1, routed)           0.152     1.043    design_1_i/Conv2D_HW_0/inst/grp_Conv2D_HW_Pipeline_loop_acc_x_fu_303/mul_32s_32s_32_1_1_U28/add_ln58_reg_959_reg[31]_i_2_2[4]
    SLICE_X22Y6          LUT3 (Prop_lut3_I1_O)        0.107     1.150 r  design_1_i/Conv2D_HW_0/inst/grp_Conv2D_HW_Pipeline_loop_acc_x_fu_303/mul_32s_32s_32_1_1_U28/add_ln58_reg_959[23]_i_10/O
                         net (fo=2, routed)           0.300     1.450    design_1_i/Conv2D_HW_0/inst/grp_Conv2D_HW_Pipeline_loop_acc_x_fu_303/mul_32s_32s_32_1_1_U28/zext_ln60_1_fu_620_p1[20]
    SLICE_X20Y15         LUT6 (Prop_lut6_I0_O)        0.045     1.495 r  design_1_i/Conv2D_HW_0/inst/grp_Conv2D_HW_Pipeline_loop_acc_x_fu_303/mul_32s_32s_32_1_1_U28/add_ln58_reg_959[23]_i_14/O
                         net (fo=1, routed)           0.000     1.495    design_1_i/Conv2D_HW_0/inst/grp_Conv2D_HW_Pipeline_loop_acc_x_fu_303/mul_32s_32s_32_1_1_U28/add_ln58_reg_959[23]_i_14_n_0
    SLICE_X20Y15         CARRY4 (Prop_carry4_S[0]_O[0])
                                                      0.070     1.565 r  design_1_i/Conv2D_HW_0/inst/grp_Conv2D_HW_Pipeline_loop_acc_x_fu_303/mul_32s_32s_32_1_1_U28/add_ln58_reg_959_reg[23]_i_2/O[0]
                         net (fo=2, routed)           0.215     1.780    design_1_i/Conv2D_HW_0/inst/grp_Conv2D_HW_Pipeline_loop_acc_x_fu_303/select_ln58_1_fu_650_p3[20]
    SLICE_X21Y20         LUT2 (Prop_lut2_I0_O)        0.105     1.885 r  design_1_i/Conv2D_HW_0/inst/grp_Conv2D_HW_Pipeline_loop_acc_x_fu_303/add_ln58_reg_959[23]_i_6/O
                         net (fo=1, routed)           0.000     1.885    design_1_i/Conv2D_HW_0/inst/grp_Conv2D_HW_Pipeline_loop_acc_x_fu_303/add_ln58_reg_959[23]_i_6_n_0
    SLICE_X21Y20         CARRY4 (Prop_carry4_S[0]_O[0])
                                                      0.070     1.955 r  design_1_i/Conv2D_HW_0/inst/grp_Conv2D_HW_Pipeline_loop_acc_x_fu_303/add_ln58_reg_959_reg[23]_i_1/O[0]
                         net (fo=1, routed)           0.000     1.955    design_1_i/Conv2D_HW_0/inst/grp_Conv2D_HW_Pipeline_loop_acc_x_fu_303/add_ln58_fu_661_p2[20]
    SLICE_X21Y20         FDRE                                         r  design_1_i/Conv2D_HW_0/inst/grp_Conv2D_HW_Pipeline_loop_acc_x_fu_303/add_ln58_reg_959_reg[20]/D
  -------------------------------------------------------------------    -------------------

                         (clock clk_fpga_0 rise edge)
                                                      0.000     0.000 r  
    PS7_X0Y0             PS7                          0.000     0.000 r  design_1_i/processing_system7_0/inst/PS7_i/FCLKCLK[0]
                         net (fo=1, routed)           0.337     0.337    design_1_i/processing_system7_0/inst/FCLK_CLK_unbuffered[0]
    BUFGCTRL_X0Y16       BUFG (Prop_bufg_I_O)         0.029     0.366 r  design_1_i/processing_system7_0/inst/buffer_fclk_clk_0.FCLK_CLK_0_BUFG/O
                         net (fo=8415, routed)        0.853     1.219    design_1_i/Conv2D_HW_0/inst/grp_Conv2D_HW_Pipeline_loop_acc_x_fu_303/ap_clk
    SLICE_X21Y20         FDRE                                         r  design_1_i/Conv2D_HW_0/inst/grp_Conv2D_HW_Pipeline_loop_acc_x_fu_303/add_ln58_reg_959_reg[20]/C

Slack:                    inf
  Source:                 design_1_i/Conv2D_HW_0/inst/grp_Conv2D_HW_Pipeline_loop_acc_x_fu_303/mul_32s_32s_32_1_1_U26/dout__0/ACOUT[29]
                            (internal pin)
  Destination:            design_1_i/Conv2D_HW_0/inst/grp_Conv2D_HW_Pipeline_loop_acc_x_fu_303/add_ln58_reg_959_reg[21]/D
                            (rising edge-triggered cell FDRE clocked by clk_fpga_0  {rise@0.000ns fall@10.000ns period=20.000ns})
  Path Group:             (none)
  Path Type:              Hold (Min at Fast Process Corner)
  Data Path Delay:        1.964ns  (logic 1.036ns (52.737%)  route 0.928ns (47.263%))
  Logic Levels:           7  (CARRY4=3 DSP48E1=1 LUT2=1 LUT3=1 LUT6=1)
  Clock Uncertainty:      0.301ns  ((TSJ^2 + TIJ^2)^1/2 + DJ) / 2 + PE
    Total System Jitter     (TSJ):    0.050ns
    Total Input Jitter      (TIJ):    0.600ns
    Discrete Jitter          (DJ):    0.000ns
    Phase Error              (PE):    0.000ns

    Location             Delay type                Incr(ns)  Path(ns)    Netlist Resource(s)
  -------------------------------------------------------------------    -------------------
    DSP48_X1Y2           DSP48E1                      0.000     0.000 r  design_1_i/Conv2D_HW_0/inst/grp_Conv2D_HW_Pipeline_loop_acc_x_fu_303/mul_32s_32s_32_1_1_U26/dout__0/ACOUT[29]
                         net (fo=1, routed)           0.002     0.002    design_1_i/Conv2D_HW_0/inst/grp_Conv2D_HW_Pipeline_loop_acc_x_fu_303/mul_32s_32s_32_1_1_U26/dout__0_n_24
    DSP48_X1Y3           DSP48E1 (Prop_dsp48e1_ACIN[29]_P[3])
                                                      0.521     0.523 r  design_1_i/Conv2D_HW_0/inst/grp_Conv2D_HW_Pipeline_loop_acc_x_fu_303/mul_32s_32s_32_1_1_U26/dout__1/P[3]
                         net (fo=2, routed)           0.227     0.750    design_1_i/Conv2D_HW_0/inst/grp_Conv2D_HW_Pipeline_loop_acc_x_fu_303/mul_32s_32s_32_1_1_U26/dout__1_n_102
    SLICE_X21Y5          CARRY4 (Prop_carry4_DI[0]_O[1])
                                                      0.124     0.874 r  design_1_i/Conv2D_HW_0/inst/grp_Conv2D_HW_Pipeline_loop_acc_x_fu_303/mul_32s_32s_32_1_1_U26/dout_carry__0/O[1]
                         net (fo=1, routed)           0.189     1.063    design_1_i/Conv2D_HW_0/inst/grp_Conv2D_HW_Pipeline_loop_acc_x_fu_303/mul_32s_32s_32_1_1_U28/add_ln58_reg_959_reg[31]_i_2_2[5]
    SLICE_X22Y5          LUT3 (Prop_lut3_I1_O)        0.107     1.170 r  design_1_i/Conv2D_HW_0/inst/grp_Conv2D_HW_Pipeline_loop_acc_x_fu_303/mul_32s_32s_32_1_1_U28/add_ln58_reg_959[23]_i_9/O
                         net (fo=2, routed)           0.273     1.443    design_1_i/Conv2D_HW_0/inst/grp_Conv2D_HW_Pipeline_loop_acc_x_fu_303/mul_32s_32s_32_1_1_U28/zext_ln60_1_fu_620_p1[21]
    SLICE_X20Y15         LUT6 (Prop_lut6_I0_O)        0.045     1.488 r  design_1_i/Conv2D_HW_0/inst/grp_Conv2D_HW_Pipeline_loop_acc_x_fu_303/mul_32s_32s_32_1_1_U28/add_ln58_reg_959[23]_i_13/O
                         net (fo=1, routed)           0.000     1.488    design_1_i/Conv2D_HW_0/inst/grp_Conv2D_HW_Pipeline_loop_acc_x_fu_303/mul_32s_32s_32_1_1_U28/add_ln58_reg_959[23]_i_13_n_0
    SLICE_X20Y15         CARRY4 (Prop_carry4_S[1]_O[1])
                                                      0.066     1.554 r  design_1_i/Conv2D_HW_0/inst/grp_Conv2D_HW_Pipeline_loop_acc_x_fu_303/mul_32s_32s_32_1_1_U28/add_ln58_reg_959_reg[23]_i_2/O[1]
                         net (fo=2, routed)           0.237     1.791    design_1_i/Conv2D_HW_0/inst/grp_Conv2D_HW_Pipeline_loop_acc_x_fu_303/select_ln58_1_fu_650_p3[21]
    SLICE_X21Y20         LUT2 (Prop_lut2_I0_O)        0.108     1.899 r  design_1_i/Conv2D_HW_0/inst/grp_Conv2D_HW_Pipeline_loop_acc_x_fu_303/add_ln58_reg_959[23]_i_5/O
                         net (fo=1, routed)           0.000     1.899    design_1_i/Conv2D_HW_0/inst/grp_Conv2D_HW_Pipeline_loop_acc_x_fu_303/add_ln58_reg_959[23]_i_5_n_0
    SLICE_X21Y20         CARRY4 (Prop_carry4_S[1]_O[1])
                                                      0.065     1.964 r  design_1_i/Conv2D_HW_0/inst/grp_Conv2D_HW_Pipeline_loop_acc_x_fu_303/add_ln58_reg_959_reg[23]_i_1/O[1]
                         net (fo=1, routed)           0.000     1.964    design_1_i/Conv2D_HW_0/inst/grp_Conv2D_HW_Pipeline_loop_acc_x_fu_303/add_ln58_fu_661_p2[21]
    SLICE_X21Y20         FDRE                                         r  design_1_i/Conv2D_HW_0/inst/grp_Conv2D_HW_Pipeline_loop_acc_x_fu_303/add_ln58_reg_959_reg[21]/D
  -------------------------------------------------------------------    -------------------

                         (clock clk_fpga_0 rise edge)
                                                      0.000     0.000 r  
    PS7_X0Y0             PS7                          0.000     0.000 r  design_1_i/processing_system7_0/inst/PS7_i/FCLKCLK[0]
                         net (fo=1, routed)           0.337     0.337    design_1_i/processing_system7_0/inst/FCLK_CLK_unbuffered[0]
    BUFGCTRL_X0Y16       BUFG (Prop_bufg_I_O)         0.029     0.366 r  design_1_i/processing_system7_0/inst/buffer_fclk_clk_0.FCLK_CLK_0_BUFG/O
                         net (fo=8415, routed)        0.853     1.219    design_1_i/Conv2D_HW_0/inst/grp_Conv2D_HW_Pipeline_loop_acc_x_fu_303/ap_clk
    SLICE_X21Y20         FDRE                                         r  design_1_i/Conv2D_HW_0/inst/grp_Conv2D_HW_Pipeline_loop_acc_x_fu_303/add_ln58_reg_959_reg[21]/C

Slack:                    inf
  Source:                 design_1_i/Conv2D_HW_0/inst/grp_Conv2D_HW_Pipeline_loop_acc_x_fu_303/mul_32s_32s_32_1_1_U26/dout__0/ACOUT[29]
                            (internal pin)
  Destination:            design_1_i/Conv2D_HW_0/inst/grp_Conv2D_HW_Pipeline_loop_acc_x_fu_303/add_ln58_reg_959_reg[26]/D
                            (rising edge-triggered cell FDRE clocked by clk_fpga_0  {rise@0.000ns fall@10.000ns period=20.000ns})
  Path Group:             (none)
  Path Type:              Hold (Min at Fast Process Corner)
  Data Path Delay:        1.988ns  (logic 1.059ns (53.279%)  route 0.929ns (46.721%))
  Logic Levels:           7  (CARRY4=3 DSP48E1=1 LUT2=1 LUT3=1 LUT6=1)
  Clock Uncertainty:      0.301ns  ((TSJ^2 + TIJ^2)^1/2 + DJ) / 2 + PE
    Total System Jitter     (TSJ):    0.050ns
    Total Input Jitter      (TIJ):    0.600ns
    Discrete Jitter          (DJ):    0.000ns
    Phase Error              (PE):    0.000ns

    Location             Delay type                Incr(ns)  Path(ns)    Netlist Resource(s)
  -------------------------------------------------------------------    -------------------
    DSP48_X1Y2           DSP48E1                      0.000     0.000 r  design_1_i/Conv2D_HW_0/inst/grp_Conv2D_HW_Pipeline_loop_acc_x_fu_303/mul_32s_32s_32_1_1_U26/dout__0/ACOUT[29]
                         net (fo=1, routed)           0.002     0.002    design_1_i/Conv2D_HW_0/inst/grp_Conv2D_HW_Pipeline_loop_acc_x_fu_303/mul_32s_32s_32_1_1_U26/dout__0_n_24
    DSP48_X1Y3           DSP48E1 (Prop_dsp48e1_ACIN[29]_P[8])
                                                      0.521     0.523 r  design_1_i/Conv2D_HW_0/inst/grp_Conv2D_HW_Pipeline_loop_acc_x_fu_303/mul_32s_32s_32_1_1_U26/dout__1/P[8]
                         net (fo=2, routed)           0.237     0.760    design_1_i/Conv2D_HW_0/inst/grp_Conv2D_HW_Pipeline_loop_acc_x_fu_303/mul_32s_32s_32_1_1_U26/dout__1_n_97
    SLICE_X21Y6          CARRY4 (Prop_carry4_DI[1]_O[2])
                                                      0.146     0.906 r  design_1_i/Conv2D_HW_0/inst/grp_Conv2D_HW_Pipeline_loop_acc_x_fu_303/mul_32s_32s_32_1_1_U26/dout_carry__1/O[2]
                         net (fo=1, routed)           0.222     1.128    design_1_i/Conv2D_HW_0/inst/grp_Conv2D_HW_Pipeline_loop_acc_x_fu_303/mul_32s_32s_32_1_1_U28/add_ln58_reg_959_reg[31]_i_2_2[10]
    SLICE_X21Y8          LUT3 (Prop_lut3_I1_O)        0.108     1.236 r  design_1_i/Conv2D_HW_0/inst/grp_Conv2D_HW_Pipeline_loop_acc_x_fu_303/mul_32s_32s_32_1_1_U28/add_ln58_reg_959[27]_i_8/O
                         net (fo=2, routed)           0.257     1.493    design_1_i/Conv2D_HW_0/inst/grp_Conv2D_HW_Pipeline_loop_acc_x_fu_303/mul_32s_32s_32_1_1_U28/zext_ln60_1_fu_620_p1[26]
    SLICE_X20Y16         LUT6 (Prop_lut6_I0_O)        0.045     1.538 r  design_1_i/Conv2D_HW_0/inst/grp_Conv2D_HW_Pipeline_loop_acc_x_fu_303/mul_32s_32s_32_1_1_U28/add_ln58_reg_959[27]_i_12/O
                         net (fo=1, routed)           0.000     1.538    design_1_i/Conv2D_HW_0/inst/grp_Conv2D_HW_Pipeline_loop_acc_x_fu_303/mul_32s_32s_32_1_1_U28/add_ln58_reg_959[27]_i_12_n_0
    SLICE_X20Y16         CARRY4 (Prop_carry4_S[2]_O[2])
                                                      0.065     1.603 r  design_1_i/Conv2D_HW_0/inst/grp_Conv2D_HW_Pipeline_loop_acc_x_fu_303/mul_32s_32s_32_1_1_U28/add_ln58_reg_959_reg[27]_i_2/O[2]
                         net (fo=2, routed)           0.210     1.814    design_1_i/Conv2D_HW_0/inst/grp_Conv2D_HW_Pipeline_loop_acc_x_fu_303/select_ln58_1_fu_650_p3[26]
    SLICE_X21Y21         LUT2 (Prop_lut2_I0_O)        0.108     1.922 r  design_1_i/Conv2D_HW_0/inst/grp_Conv2D_HW_Pipeline_loop_acc_x_fu_303/add_ln58_reg_959[27]_i_4/O
                         net (fo=1, routed)           0.000     1.922    design_1_i/Conv2D_HW_0/inst/grp_Conv2D_HW_Pipeline_loop_acc_x_fu_303/add_ln58_reg_959[27]_i_4_n_0
    SLICE_X21Y21         CARRY4 (Prop_carry4_S[2]_O[2])
                                                      0.066     1.988 r  design_1_i/Conv2D_HW_0/inst/grp_Conv2D_HW_Pipeline_loop_acc_x_fu_303/add_ln58_reg_959_reg[27]_i_1/O[2]
                         net (fo=1, routed)           0.000     1.988    design_1_i/Conv2D_HW_0/inst/grp_Conv2D_HW_Pipeline_loop_acc_x_fu_303/add_ln58_fu_661_p2[26]
    SLICE_X21Y21         FDRE                                         r  design_1_i/Conv2D_HW_0/inst/grp_Conv2D_HW_Pipeline_loop_acc_x_fu_303/add_ln58_reg_959_reg[26]/D
  -------------------------------------------------------------------    -------------------

                         (clock clk_fpga_0 rise edge)
                                                      0.000     0.000 r  
    PS7_X0Y0             PS7                          0.000     0.000 r  design_1_i/processing_system7_0/inst/PS7_i/FCLKCLK[0]
                         net (fo=1, routed)           0.337     0.337    design_1_i/processing_system7_0/inst/FCLK_CLK_unbuffered[0]
    BUFGCTRL_X0Y16       BUFG (Prop_bufg_I_O)         0.029     0.366 r  design_1_i/processing_system7_0/inst/buffer_fclk_clk_0.FCLK_CLK_0_BUFG/O
                         net (fo=8415, routed)        0.852     1.218    design_1_i/Conv2D_HW_0/inst/grp_Conv2D_HW_Pipeline_loop_acc_x_fu_303/ap_clk
    SLICE_X21Y21         FDRE                                         r  design_1_i/Conv2D_HW_0/inst/grp_Conv2D_HW_Pipeline_loop_acc_x_fu_303/add_ln58_reg_959_reg[26]/C

Slack:                    inf
  Source:                 design_1_i/Conv2D_HW_0/inst/grp_Conv2D_HW_Pipeline_loop_acc_x_fu_303/mul_32s_32s_32_1_1_U26/dout__0/ACOUT[29]
                            (internal pin)
  Destination:            design_1_i/Conv2D_HW_0/inst/grp_Conv2D_HW_Pipeline_loop_acc_x_fu_303/add_ln58_reg_959_reg[22]/D
                            (rising edge-triggered cell FDRE clocked by clk_fpga_0  {rise@0.000ns fall@10.000ns period=20.000ns})
  Path Group:             (none)
  Path Type:              Hold (Min at Fast Process Corner)
  Data Path Delay:        2.006ns  (logic 1.072ns (53.427%)  route 0.934ns (46.573%))
  Logic Levels:           6  (CARRY4=3 DSP48E1=1 LUT3=1 LUT6=1)
  Clock Uncertainty:      0.301ns  ((TSJ^2 + TIJ^2)^1/2 + DJ) / 2 + PE
    Total System Jitter     (TSJ):    0.050ns
    Total Input Jitter      (TIJ):    0.600ns
    Discrete Jitter          (DJ):    0.000ns
    Phase Error              (PE):    0.000ns

    Location             Delay type                Incr(ns)  Path(ns)    Netlist Resource(s)
  -------------------------------------------------------------------    -------------------
    DSP48_X1Y2           DSP48E1                      0.000     0.000 r  design_1_i/Conv2D_HW_0/inst/grp_Conv2D_HW_Pipeline_loop_acc_x_fu_303/mul_32s_32s_32_1_1_U26/dout__0/ACOUT[29]
                         net (fo=1, routed)           0.002     0.002    design_1_i/Conv2D_HW_0/inst/grp_Conv2D_HW_Pipeline_loop_acc_x_fu_303/mul_32s_32s_32_1_1_U26/dout__0_n_24
    DSP48_X1Y3           DSP48E1 (Prop_dsp48e1_ACIN[29]_P[3])
                                                      0.521     0.523 r  design_1_i/Conv2D_HW_0/inst/grp_Conv2D_HW_Pipeline_loop_acc_x_fu_303/mul_32s_32s_32_1_1_U26/dout__1/P[3]
                         net (fo=2, routed)           0.227     0.750    design_1_i/Conv2D_HW_0/inst/grp_Conv2D_HW_Pipeline_loop_acc_x_fu_303/mul_32s_32s_32_1_1_U26/dout__1_n_102
    SLICE_X21Y5          CARRY4 (Prop_carry4_DI[0]_O[1])
                                                      0.124     0.874 r  design_1_i/Conv2D_HW_0/inst/grp_Conv2D_HW_Pipeline_loop_acc_x_fu_303/mul_32s_32s_32_1_1_U26/dout_carry__0/O[1]
                         net (fo=1, routed)           0.189     1.063    design_1_i/Conv2D_HW_0/inst/grp_Conv2D_HW_Pipeline_loop_acc_x_fu_303/mul_32s_32s_32_1_1_U28/add_ln58_reg_959_reg[31]_i_2_2[5]
    SLICE_X22Y5          LUT3 (Prop_lut3_I1_O)        0.107     1.170 r  design_1_i/Conv2D_HW_0/inst/grp_Conv2D_HW_Pipeline_loop_acc_x_fu_303/mul_32s_32s_32_1_1_U28/add_ln58_reg_959[23]_i_9/O
                         net (fo=2, routed)           0.273     1.443    design_1_i/Conv2D_HW_0/inst/grp_Conv2D_HW_Pipeline_loop_acc_x_fu_303/mul_32s_32s_32_1_1_U28/zext_ln60_1_fu_620_p1[21]
    SLICE_X20Y15         LUT6 (Prop_lut6_I0_O)        0.045     1.488 r  design_1_i/Conv2D_HW_0/inst/grp_Conv2D_HW_Pipeline_loop_acc_x_fu_303/mul_32s_32s_32_1_1_U28/add_ln58_reg_959[23]_i_13/O
                         net (fo=1, routed)           0.000     1.488    design_1_i/Conv2D_HW_0/inst/grp_Conv2D_HW_Pipeline_loop_acc_x_fu_303/mul_32s_32s_32_1_1_U28/add_ln58_reg_959[23]_i_13_n_0
    SLICE_X20Y15         CARRY4 (Prop_carry4_S[1]_O[1])
                                                      0.066     1.554 r  design_1_i/Conv2D_HW_0/inst/grp_Conv2D_HW_Pipeline_loop_acc_x_fu_303/mul_32s_32s_32_1_1_U28/add_ln58_reg_959_reg[23]_i_2/O[1]
                         net (fo=2, routed)           0.243     1.797    design_1_i/Conv2D_HW_0/inst/grp_Conv2D_HW_Pipeline_loop_acc_x_fu_303/select_ln58_1_fu_650_p3[21]
    SLICE_X21Y20         CARRY4 (Prop_carry4_DI[1]_O[2])
                                                      0.209     2.006 r  design_1_i/Conv2D_HW_0/inst/grp_Conv2D_HW_Pipeline_loop_acc_x_fu_303/add_ln58_reg_959_reg[23]_i_1/O[2]
                         net (fo=1, routed)           0.000     2.006    design_1_i/Conv2D_HW_0/inst/grp_Conv2D_HW_Pipeline_loop_acc_x_fu_303/add_ln58_fu_661_p2[22]
    SLICE_X21Y20         FDRE                                         r  design_1_i/Conv2D_HW_0/inst/grp_Conv2D_HW_Pipeline_loop_acc_x_fu_303/add_ln58_reg_959_reg[22]/D
  -------------------------------------------------------------------    -------------------

                         (clock clk_fpga_0 rise edge)
                                                      0.000     0.000 r  
    PS7_X0Y0             PS7                          0.000     0.000 r  design_1_i/processing_system7_0/inst/PS7_i/FCLKCLK[0]
                         net (fo=1, routed)           0.337     0.337    design_1_i/processing_system7_0/inst/FCLK_CLK_unbuffered[0]
    BUFGCTRL_X0Y16       BUFG (Prop_bufg_I_O)         0.029     0.366 r  design_1_i/processing_system7_0/inst/buffer_fclk_clk_0.FCLK_CLK_0_BUFG/O
                         net (fo=8415, routed)        0.853     1.219    design_1_i/Conv2D_HW_0/inst/grp_Conv2D_HW_Pipeline_loop_acc_x_fu_303/ap_clk
    SLICE_X21Y20         FDRE                                         r  design_1_i/Conv2D_HW_0/inst/grp_Conv2D_HW_Pipeline_loop_acc_x_fu_303/add_ln58_reg_959_reg[22]/C

Slack:                    inf
  Source:                 design_1_i/Conv2D_HW_0/inst/grp_Conv2D_HW_Pipeline_loop_acc_x_fu_303/mul_32s_32s_32_1_1_U26/dout__0/ACOUT[29]
                            (internal pin)
  Destination:            design_1_i/Conv2D_HW_0/inst/grp_Conv2D_HW_Pipeline_loop_acc_x_fu_303/add_ln58_reg_959_reg[17]/D
                            (rising edge-triggered cell FDRE clocked by clk_fpga_0  {rise@0.000ns fall@10.000ns period=20.000ns})
  Path Group:             (none)
  Path Type:              Hold (Min at Fast Process Corner)
  Data Path Delay:        2.009ns  (logic 1.022ns (50.882%)  route 0.987ns (49.118%))
  Logic Levels:           8  (CARRY4=3 DSP48E1=1 LUT2=2 LUT3=1 LUT6=1)
  Clock Uncertainty:      0.301ns  ((TSJ^2 + TIJ^2)^1/2 + DJ) / 2 + PE
    Total System Jitter     (TSJ):    0.050ns
    Total Input Jitter      (TIJ):    0.600ns
    Discrete Jitter          (DJ):    0.000ns
    Phase Error              (PE):    0.000ns

    Location             Delay type                Incr(ns)  Path(ns)    Netlist Resource(s)
  -------------------------------------------------------------------    -------------------
    DSP48_X1Y2           DSP48E1                      0.000     0.000 r  design_1_i/Conv2D_HW_0/inst/grp_Conv2D_HW_Pipeline_loop_acc_x_fu_303/mul_32s_32s_32_1_1_U26/dout__0/ACOUT[29]
                         net (fo=1, routed)           0.002     0.002    design_1_i/Conv2D_HW_0/inst/grp_Conv2D_HW_Pipeline_loop_acc_x_fu_303/mul_32s_32s_32_1_1_U26/dout__0_n_24
    DSP48_X1Y3           DSP48E1 (Prop_dsp48e1_ACIN[29]_P[0])
                                                      0.521     0.523 r  design_1_i/Conv2D_HW_0/inst/grp_Conv2D_HW_Pipeline_loop_acc_x_fu_303/mul_32s_32s_32_1_1_U26/dout__1/P[0]
                         net (fo=2, routed)           0.231     0.754    design_1_i/Conv2D_HW_0/inst/grp_Conv2D_HW_Pipeline_loop_acc_x_fu_303/mul_32s_32s_32_1_1_U26/dout__1_n_105
    SLICE_X21Y4          LUT2 (Prop_lut2_I0_O)        0.045     0.799 r  design_1_i/Conv2D_HW_0/inst/grp_Conv2D_HW_Pipeline_loop_acc_x_fu_303/mul_32s_32s_32_1_1_U26/dout_carry_i_3__6/O
                         net (fo=1, routed)           0.000     0.799    design_1_i/Conv2D_HW_0/inst/grp_Conv2D_HW_Pipeline_loop_acc_x_fu_303/mul_32s_32s_32_1_1_U26/dout_carry_i_3__6_n_0
    SLICE_X21Y4          CARRY4 (Prop_carry4_S[1]_O[1])
                                                      0.065     0.864 r  design_1_i/Conv2D_HW_0/inst/grp_Conv2D_HW_Pipeline_loop_acc_x_fu_303/mul_32s_32s_32_1_1_U26/dout_carry/O[1]
                         net (fo=1, routed)           0.225     1.089    design_1_i/Conv2D_HW_0/inst/grp_Conv2D_HW_Pipeline_loop_acc_x_fu_303/mul_32s_32s_32_1_1_U28/add_ln58_reg_959_reg[31]_i_2_2[1]
    SLICE_X22Y5          LUT3 (Prop_lut3_I1_O)        0.107     1.196 r  design_1_i/Conv2D_HW_0/inst/grp_Conv2D_HW_Pipeline_loop_acc_x_fu_303/mul_32s_32s_32_1_1_U28/add_ln58_reg_959[19]_i_9/O
                         net (fo=2, routed)           0.291     1.487    design_1_i/Conv2D_HW_0/inst/grp_Conv2D_HW_Pipeline_loop_acc_x_fu_303/mul_32s_32s_32_1_1_U28/zext_ln60_1_fu_620_p1[17]
    SLICE_X20Y14         LUT6 (Prop_lut6_I0_O)        0.045     1.532 r  design_1_i/Conv2D_HW_0/inst/grp_Conv2D_HW_Pipeline_loop_acc_x_fu_303/mul_32s_32s_32_1_1_U28/add_ln58_reg_959[19]_i_13/O
                         net (fo=1, routed)           0.000     1.532    design_1_i/Conv2D_HW_0/inst/grp_Conv2D_HW_Pipeline_loop_acc_x_fu_303/mul_32s_32s_32_1_1_U28/add_ln58_reg_959[19]_i_13_n_0
    SLICE_X20Y14         CARRY4 (Prop_carry4_S[1]_O[1])
                                                      0.066     1.598 r  design_1_i/Conv2D_HW_0/inst/grp_Conv2D_HW_Pipeline_loop_acc_x_fu_303/mul_32s_32s_32_1_1_U28/add_ln58_reg_959_reg[19]_i_2/O[1]
                         net (fo=2, routed)           0.237     1.836    design_1_i/Conv2D_HW_0/inst/grp_Conv2D_HW_Pipeline_loop_acc_x_fu_303/select_ln58_1_fu_650_p3[17]
    SLICE_X21Y19         LUT2 (Prop_lut2_I0_O)        0.108     1.944 r  design_1_i/Conv2D_HW_0/inst/grp_Conv2D_HW_Pipeline_loop_acc_x_fu_303/add_ln58_reg_959[19]_i_5/O
                         net (fo=1, routed)           0.000     1.944    design_1_i/Conv2D_HW_0/inst/grp_Conv2D_HW_Pipeline_loop_acc_x_fu_303/add_ln58_reg_959[19]_i_5_n_0
    SLICE_X21Y19         CARRY4 (Prop_carry4_S[1]_O[1])
                                                      0.065     2.009 r  design_1_i/Conv2D_HW_0/inst/grp_Conv2D_HW_Pipeline_loop_acc_x_fu_303/add_ln58_reg_959_reg[19]_i_1/O[1]
                         net (fo=1, routed)           0.000     2.009    design_1_i/Conv2D_HW_0/inst/grp_Conv2D_HW_Pipeline_loop_acc_x_fu_303/add_ln58_fu_661_p2[17]
    SLICE_X21Y19         FDRE                                         r  design_1_i/Conv2D_HW_0/inst/grp_Conv2D_HW_Pipeline_loop_acc_x_fu_303/add_ln58_reg_959_reg[17]/D
  -------------------------------------------------------------------    -------------------

                         (clock clk_fpga_0 rise edge)
                                                      0.000     0.000 r  
    PS7_X0Y0             PS7                          0.000     0.000 r  design_1_i/processing_system7_0/inst/PS7_i/FCLKCLK[0]
                         net (fo=1, routed)           0.337     0.337    design_1_i/processing_system7_0/inst/FCLK_CLK_unbuffered[0]
    BUFGCTRL_X0Y16       BUFG (Prop_bufg_I_O)         0.029     0.366 r  design_1_i/processing_system7_0/inst/buffer_fclk_clk_0.FCLK_CLK_0_BUFG/O
                         net (fo=8415, routed)        0.854     1.220    design_1_i/Conv2D_HW_0/inst/grp_Conv2D_HW_Pipeline_loop_acc_x_fu_303/ap_clk
    SLICE_X21Y19         FDRE                                         r  design_1_i/Conv2D_HW_0/inst/grp_Conv2D_HW_Pipeline_loop_acc_x_fu_303/add_ln58_reg_959_reg[17]/C

Slack:                    inf
  Source:                 design_1_i/Conv2D_HW_0/inst/grp_Conv2D_HW_Pipeline_loop_acc_x_fu_303/mul_32s_32s_32_1_1_U26/dout__0/ACOUT[29]
                            (internal pin)
  Destination:            design_1_i/Conv2D_HW_0/inst/grp_Conv2D_HW_Pipeline_loop_acc_x_fu_303/add_ln58_reg_959_reg[25]/D
                            (rising edge-triggered cell FDRE clocked by clk_fpga_0  {rise@0.000ns fall@10.000ns period=20.000ns})
  Path Group:             (none)
  Path Type:              Hold (Min at Fast Process Corner)
  Data Path Delay:        2.014ns  (logic 1.022ns (50.757%)  route 0.992ns (49.243%))
  Logic Levels:           8  (CARRY4=3 DSP48E1=1 LUT2=2 LUT3=1 LUT6=1)
  Clock Uncertainty:      0.301ns  ((TSJ^2 + TIJ^2)^1/2 + DJ) / 2 + PE
    Total System Jitter     (TSJ):    0.050ns
    Total Input Jitter      (TIJ):    0.600ns
    Discrete Jitter          (DJ):    0.000ns
    Phase Error              (PE):    0.000ns

    Location             Delay type                Incr(ns)  Path(ns)    Netlist Resource(s)
  -------------------------------------------------------------------    -------------------
    DSP48_X1Y2           DSP48E1                      0.000     0.000 r  design_1_i/Conv2D_HW_0/inst/grp_Conv2D_HW_Pipeline_loop_acc_x_fu_303/mul_32s_32s_32_1_1_U26/dout__0/ACOUT[29]
                         net (fo=1, routed)           0.002     0.002    design_1_i/Conv2D_HW_0/inst/grp_Conv2D_HW_Pipeline_loop_acc_x_fu_303/mul_32s_32s_32_1_1_U26/dout__0_n_24
    DSP48_X1Y3           DSP48E1 (Prop_dsp48e1_ACIN[29]_P[8])
                                                      0.521     0.523 r  design_1_i/Conv2D_HW_0/inst/grp_Conv2D_HW_Pipeline_loop_acc_x_fu_303/mul_32s_32s_32_1_1_U26/dout__1/P[8]
                         net (fo=2, routed)           0.231     0.754    design_1_i/Conv2D_HW_0/inst/grp_Conv2D_HW_Pipeline_loop_acc_x_fu_303/mul_32s_32s_32_1_1_U26/dout__1_n_97
    SLICE_X21Y6          LUT2 (Prop_lut2_I0_O)        0.045     0.799 r  design_1_i/Conv2D_HW_0/inst/grp_Conv2D_HW_Pipeline_loop_acc_x_fu_303/mul_32s_32s_32_1_1_U26/dout_carry__1_i_3__6/O
                         net (fo=1, routed)           0.000     0.799    design_1_i/Conv2D_HW_0/inst/grp_Conv2D_HW_Pipeline_loop_acc_x_fu_303/mul_32s_32s_32_1_1_U26/dout_carry__1_i_3__6_n_0
    SLICE_X21Y6          CARRY4 (Prop_carry4_S[1]_O[1])
                                                      0.065     0.864 r  design_1_i/Conv2D_HW_0/inst/grp_Conv2D_HW_Pipeline_loop_acc_x_fu_303/mul_32s_32s_32_1_1_U26/dout_carry__1/O[1]
                         net (fo=1, routed)           0.210     1.074    design_1_i/Conv2D_HW_0/inst/grp_Conv2D_HW_Pipeline_loop_acc_x_fu_303/mul_32s_32s_32_1_1_U28/add_ln58_reg_959_reg[31]_i_2_2[9]
    SLICE_X22Y6          LUT3 (Prop_lut3_I1_O)        0.107     1.181 r  design_1_i/Conv2D_HW_0/inst/grp_Conv2D_HW_Pipeline_loop_acc_x_fu_303/mul_32s_32s_32_1_1_U28/add_ln58_reg_959[27]_i_9/O
                         net (fo=2, routed)           0.310     1.491    design_1_i/Conv2D_HW_0/inst/grp_Conv2D_HW_Pipeline_loop_acc_x_fu_303/mul_32s_32s_32_1_1_U28/zext_ln60_1_fu_620_p1[25]
    SLICE_X20Y16         LUT6 (Prop_lut6_I0_O)        0.045     1.536 r  design_1_i/Conv2D_HW_0/inst/grp_Conv2D_HW_Pipeline_loop_acc_x_fu_303/mul_32s_32s_32_1_1_U28/add_ln58_reg_959[27]_i_13/O
                         net (fo=1, routed)           0.000     1.536    design_1_i/Conv2D_HW_0/inst/grp_Conv2D_HW_Pipeline_loop_acc_x_fu_303/mul_32s_32s_32_1_1_U28/add_ln58_reg_959[27]_i_13_n_0
    SLICE_X20Y16         CARRY4 (Prop_carry4_S[1]_O[1])
                                                      0.066     1.602 r  design_1_i/Conv2D_HW_0/inst/grp_Conv2D_HW_Pipeline_loop_acc_x_fu_303/mul_32s_32s_32_1_1_U28/add_ln58_reg_959_reg[27]_i_2/O[1]
                         net (fo=2, routed)           0.239     1.841    design_1_i/Conv2D_HW_0/inst/grp_Conv2D_HW_Pipeline_loop_acc_x_fu_303/select_ln58_1_fu_650_p3[25]
    SLICE_X21Y21         LUT2 (Prop_lut2_I0_O)        0.108     1.949 r  design_1_i/Conv2D_HW_0/inst/grp_Conv2D_HW_Pipeline_loop_acc_x_fu_303/add_ln58_reg_959[27]_i_5/O
                         net (fo=1, routed)           0.000     1.949    design_1_i/Conv2D_HW_0/inst/grp_Conv2D_HW_Pipeline_loop_acc_x_fu_303/add_ln58_reg_959[27]_i_5_n_0
    SLICE_X21Y21         CARRY4 (Prop_carry4_S[1]_O[1])
                                                      0.065     2.014 r  design_1_i/Conv2D_HW_0/inst/grp_Conv2D_HW_Pipeline_loop_acc_x_fu_303/add_ln58_reg_959_reg[27]_i_1/O[1]
                         net (fo=1, routed)           0.000     2.014    design_1_i/Conv2D_HW_0/inst/grp_Conv2D_HW_Pipeline_loop_acc_x_fu_303/add_ln58_fu_661_p2[25]
    SLICE_X21Y21         FDRE                                         r  design_1_i/Conv2D_HW_0/inst/grp_Conv2D_HW_Pipeline_loop_acc_x_fu_303/add_ln58_reg_959_reg[25]/D
  -------------------------------------------------------------------    -------------------

                         (clock clk_fpga_0 rise edge)
                                                      0.000     0.000 r  
    PS7_X0Y0             PS7                          0.000     0.000 r  design_1_i/processing_system7_0/inst/PS7_i/FCLKCLK[0]
                         net (fo=1, routed)           0.337     0.337    design_1_i/processing_system7_0/inst/FCLK_CLK_unbuffered[0]
    BUFGCTRL_X0Y16       BUFG (Prop_bufg_I_O)         0.029     0.366 r  design_1_i/processing_system7_0/inst/buffer_fclk_clk_0.FCLK_CLK_0_BUFG/O
                         net (fo=8415, routed)        0.852     1.218    design_1_i/Conv2D_HW_0/inst/grp_Conv2D_HW_Pipeline_loop_acc_x_fu_303/ap_clk
    SLICE_X21Y21         FDRE                                         r  design_1_i/Conv2D_HW_0/inst/grp_Conv2D_HW_Pipeline_loop_acc_x_fu_303/add_ln58_reg_959_reg[25]/C

Slack:                    inf
  Source:                 design_1_i/Conv2D_HW_0/inst/grp_Conv2D_HW_Pipeline_loop_acc_x_fu_303/mul_32s_32s_32_1_1_U26/dout__0/ACOUT[29]
                            (internal pin)
  Destination:            design_1_i/Conv2D_HW_0/inst/grp_Conv2D_HW_Pipeline_loop_acc_x_fu_303/add_ln58_reg_959_reg[27]/D
                            (rising edge-triggered cell FDRE clocked by clk_fpga_0  {rise@0.000ns fall@10.000ns period=20.000ns})
  Path Group:             (none)
  Path Type:              Hold (Min at Fast Process Corner)
  Data Path Delay:        2.021ns  (logic 1.092ns (54.042%)  route 0.929ns (45.958%))
  Logic Levels:           7  (CARRY4=3 DSP48E1=1 LUT2=1 LUT3=1 LUT6=1)
  Clock Uncertainty:      0.301ns  ((TSJ^2 + TIJ^2)^1/2 + DJ) / 2 + PE
    Total System Jitter     (TSJ):    0.050ns
    Total Input Jitter      (TIJ):    0.600ns
    Discrete Jitter          (DJ):    0.000ns
    Phase Error              (PE):    0.000ns

    Location             Delay type                Incr(ns)  Path(ns)    Netlist Resource(s)
  -------------------------------------------------------------------    -------------------
    DSP48_X1Y2           DSP48E1                      0.000     0.000 r  design_1_i/Conv2D_HW_0/inst/grp_Conv2D_HW_Pipeline_loop_acc_x_fu_303/mul_32s_32s_32_1_1_U26/dout__0/ACOUT[29]
                         net (fo=1, routed)           0.002     0.002    design_1_i/Conv2D_HW_0/inst/grp_Conv2D_HW_Pipeline_loop_acc_x_fu_303/mul_32s_32s_32_1_1_U26/dout__0_n_24
    DSP48_X1Y3           DSP48E1 (Prop_dsp48e1_ACIN[29]_P[8])
                                                      0.521     0.523 r  design_1_i/Conv2D_HW_0/inst/grp_Conv2D_HW_Pipeline_loop_acc_x_fu_303/mul_32s_32s_32_1_1_U26/dout__1/P[8]
                         net (fo=2, routed)           0.237     0.760    design_1_i/Conv2D_HW_0/inst/grp_Conv2D_HW_Pipeline_loop_acc_x_fu_303/mul_32s_32s_32_1_1_U26/dout__1_n_97
    SLICE_X21Y6          CARRY4 (Prop_carry4_DI[1]_O[2])
                                                      0.146     0.906 r  design_1_i/Conv2D_HW_0/inst/grp_Conv2D_HW_Pipeline_loop_acc_x_fu_303/mul_32s_32s_32_1_1_U26/dout_carry__1/O[2]
                         net (fo=1, routed)           0.222     1.128    design_1_i/Conv2D_HW_0/inst/grp_Conv2D_HW_Pipeline_loop_acc_x_fu_303/mul_32s_32s_32_1_1_U28/add_ln58_reg_959_reg[31]_i_2_2[10]
    SLICE_X21Y8          LUT3 (Prop_lut3_I1_O)        0.108     1.236 r  design_1_i/Conv2D_HW_0/inst/grp_Conv2D_HW_Pipeline_loop_acc_x_fu_303/mul_32s_32s_32_1_1_U28/add_ln58_reg_959[27]_i_8/O
                         net (fo=2, routed)           0.257     1.493    design_1_i/Conv2D_HW_0/inst/grp_Conv2D_HW_Pipeline_loop_acc_x_fu_303/mul_32s_32s_32_1_1_U28/zext_ln60_1_fu_620_p1[26]
    SLICE_X20Y16         LUT6 (Prop_lut6_I0_O)        0.045     1.538 r  design_1_i/Conv2D_HW_0/inst/grp_Conv2D_HW_Pipeline_loop_acc_x_fu_303/mul_32s_32s_32_1_1_U28/add_ln58_reg_959[27]_i_12/O
                         net (fo=1, routed)           0.000     1.538    design_1_i/Conv2D_HW_0/inst/grp_Conv2D_HW_Pipeline_loop_acc_x_fu_303/mul_32s_32s_32_1_1_U28/add_ln58_reg_959[27]_i_12_n_0
    SLICE_X20Y16         CARRY4 (Prop_carry4_S[2]_O[2])
                                                      0.065     1.603 r  design_1_i/Conv2D_HW_0/inst/grp_Conv2D_HW_Pipeline_loop_acc_x_fu_303/mul_32s_32s_32_1_1_U28/add_ln58_reg_959_reg[27]_i_2/O[2]
                         net (fo=2, routed)           0.210     1.814    design_1_i/Conv2D_HW_0/inst/grp_Conv2D_HW_Pipeline_loop_acc_x_fu_303/select_ln58_1_fu_650_p3[26]
    SLICE_X21Y21         LUT2 (Prop_lut2_I0_O)        0.108     1.922 r  design_1_i/Conv2D_HW_0/inst/grp_Conv2D_HW_Pipeline_loop_acc_x_fu_303/add_ln58_reg_959[27]_i_4/O
                         net (fo=1, routed)           0.000     1.922    design_1_i/Conv2D_HW_0/inst/grp_Conv2D_HW_Pipeline_loop_acc_x_fu_303/add_ln58_reg_959[27]_i_4_n_0
    SLICE_X21Y21         CARRY4 (Prop_carry4_S[2]_O[3])
                                                      0.099     2.021 r  design_1_i/Conv2D_HW_0/inst/grp_Conv2D_HW_Pipeline_loop_acc_x_fu_303/add_ln58_reg_959_reg[27]_i_1/O[3]
                         net (fo=1, routed)           0.000     2.021    design_1_i/Conv2D_HW_0/inst/grp_Conv2D_HW_Pipeline_loop_acc_x_fu_303/add_ln58_fu_661_p2[27]
    SLICE_X21Y21         FDRE                                         r  design_1_i/Conv2D_HW_0/inst/grp_Conv2D_HW_Pipeline_loop_acc_x_fu_303/add_ln58_reg_959_reg[27]/D
  -------------------------------------------------------------------    -------------------

                         (clock clk_fpga_0 rise edge)
                                                      0.000     0.000 r  
    PS7_X0Y0             PS7                          0.000     0.000 r  design_1_i/processing_system7_0/inst/PS7_i/FCLKCLK[0]
                         net (fo=1, routed)           0.337     0.337    design_1_i/processing_system7_0/inst/FCLK_CLK_unbuffered[0]
    BUFGCTRL_X0Y16       BUFG (Prop_bufg_I_O)         0.029     0.366 r  design_1_i/processing_system7_0/inst/buffer_fclk_clk_0.FCLK_CLK_0_BUFG/O
                         net (fo=8415, routed)        0.852     1.218    design_1_i/Conv2D_HW_0/inst/grp_Conv2D_HW_Pipeline_loop_acc_x_fu_303/ap_clk
    SLICE_X21Y21         FDRE                                         r  design_1_i/Conv2D_HW_0/inst/grp_Conv2D_HW_Pipeline_loop_acc_x_fu_303/add_ln58_reg_959_reg[27]/C

Slack:                    inf
  Source:                 design_1_i/Conv2D_HW_0/inst/grp_Conv2D_HW_Pipeline_loop_acc_x_fu_303/mul_32s_32s_32_1_1_U26/dout__0/ACOUT[29]
                            (internal pin)
  Destination:            design_1_i/Conv2D_HW_0/inst/grp_Conv2D_HW_Pipeline_loop_acc_x_fu_303/add_ln58_reg_959_reg[23]/D
                            (rising edge-triggered cell FDRE clocked by clk_fpga_0  {rise@0.000ns fall@10.000ns period=20.000ns})
  Path Group:             (none)
  Path Type:              Hold (Min at Fast Process Corner)
  Data Path Delay:        2.027ns  (logic 1.093ns (53.909%)  route 0.934ns (46.091%))
  Logic Levels:           6  (CARRY4=3 DSP48E1=1 LUT3=1 LUT6=1)
  Clock Uncertainty:      0.301ns  ((TSJ^2 + TIJ^2)^1/2 + DJ) / 2 + PE
    Total System Jitter     (TSJ):    0.050ns
    Total Input Jitter      (TIJ):    0.600ns
    Discrete Jitter          (DJ):    0.000ns
    Phase Error              (PE):    0.000ns

    Location             Delay type                Incr(ns)  Path(ns)    Netlist Resource(s)
  -------------------------------------------------------------------    -------------------
    DSP48_X1Y2           DSP48E1                      0.000     0.000 r  design_1_i/Conv2D_HW_0/inst/grp_Conv2D_HW_Pipeline_loop_acc_x_fu_303/mul_32s_32s_32_1_1_U26/dout__0/ACOUT[29]
                         net (fo=1, routed)           0.002     0.002    design_1_i/Conv2D_HW_0/inst/grp_Conv2D_HW_Pipeline_loop_acc_x_fu_303/mul_32s_32s_32_1_1_U26/dout__0_n_24
    DSP48_X1Y3           DSP48E1 (Prop_dsp48e1_ACIN[29]_P[3])
                                                      0.521     0.523 r  design_1_i/Conv2D_HW_0/inst/grp_Conv2D_HW_Pipeline_loop_acc_x_fu_303/mul_32s_32s_32_1_1_U26/dout__1/P[3]
                         net (fo=2, routed)           0.227     0.750    design_1_i/Conv2D_HW_0/inst/grp_Conv2D_HW_Pipeline_loop_acc_x_fu_303/mul_32s_32s_32_1_1_U26/dout__1_n_102
    SLICE_X21Y5          CARRY4 (Prop_carry4_DI[0]_O[1])
                                                      0.124     0.874 r  design_1_i/Conv2D_HW_0/inst/grp_Conv2D_HW_Pipeline_loop_acc_x_fu_303/mul_32s_32s_32_1_1_U26/dout_carry__0/O[1]
                         net (fo=1, routed)           0.189     1.063    design_1_i/Conv2D_HW_0/inst/grp_Conv2D_HW_Pipeline_loop_acc_x_fu_303/mul_32s_32s_32_1_1_U28/add_ln58_reg_959_reg[31]_i_2_2[5]
    SLICE_X22Y5          LUT3 (Prop_lut3_I1_O)        0.107     1.170 r  design_1_i/Conv2D_HW_0/inst/grp_Conv2D_HW_Pipeline_loop_acc_x_fu_303/mul_32s_32s_32_1_1_U28/add_ln58_reg_959[23]_i_9/O
                         net (fo=2, routed)           0.273     1.443    design_1_i/Conv2D_HW_0/inst/grp_Conv2D_HW_Pipeline_loop_acc_x_fu_303/mul_32s_32s_32_1_1_U28/zext_ln60_1_fu_620_p1[21]
    SLICE_X20Y15         LUT6 (Prop_lut6_I0_O)        0.045     1.488 r  design_1_i/Conv2D_HW_0/inst/grp_Conv2D_HW_Pipeline_loop_acc_x_fu_303/mul_32s_32s_32_1_1_U28/add_ln58_reg_959[23]_i_13/O
                         net (fo=1, routed)           0.000     1.488    design_1_i/Conv2D_HW_0/inst/grp_Conv2D_HW_Pipeline_loop_acc_x_fu_303/mul_32s_32s_32_1_1_U28/add_ln58_reg_959[23]_i_13_n_0
    SLICE_X20Y15         CARRY4 (Prop_carry4_S[1]_O[1])
                                                      0.066     1.554 r  design_1_i/Conv2D_HW_0/inst/grp_Conv2D_HW_Pipeline_loop_acc_x_fu_303/mul_32s_32s_32_1_1_U28/add_ln58_reg_959_reg[23]_i_2/O[1]
                         net (fo=2, routed)           0.243     1.797    design_1_i/Conv2D_HW_0/inst/grp_Conv2D_HW_Pipeline_loop_acc_x_fu_303/select_ln58_1_fu_650_p3[21]
    SLICE_X21Y20         CARRY4 (Prop_carry4_DI[1]_O[3])
                                                      0.230     2.027 r  design_1_i/Conv2D_HW_0/inst/grp_Conv2D_HW_Pipeline_loop_acc_x_fu_303/add_ln58_reg_959_reg[23]_i_1/O[3]
                         net (fo=1, routed)           0.000     2.027    design_1_i/Conv2D_HW_0/inst/grp_Conv2D_HW_Pipeline_loop_acc_x_fu_303/add_ln58_fu_661_p2[23]
    SLICE_X21Y20         FDRE                                         r  design_1_i/Conv2D_HW_0/inst/grp_Conv2D_HW_Pipeline_loop_acc_x_fu_303/add_ln58_reg_959_reg[23]/D
  -------------------------------------------------------------------    -------------------

                         (clock clk_fpga_0 rise edge)
                                                      0.000     0.000 r  
    PS7_X0Y0             PS7                          0.000     0.000 r  design_1_i/processing_system7_0/inst/PS7_i/FCLKCLK[0]
                         net (fo=1, routed)           0.337     0.337    design_1_i/processing_system7_0/inst/FCLK_CLK_unbuffered[0]
    BUFGCTRL_X0Y16       BUFG (Prop_bufg_I_O)         0.029     0.366 r  design_1_i/processing_system7_0/inst/buffer_fclk_clk_0.FCLK_CLK_0_BUFG/O
                         net (fo=8415, routed)        0.853     1.219    design_1_i/Conv2D_HW_0/inst/grp_Conv2D_HW_Pipeline_loop_acc_x_fu_303/ap_clk
    SLICE_X21Y20         FDRE                                         r  design_1_i/Conv2D_HW_0/inst/grp_Conv2D_HW_Pipeline_loop_acc_x_fu_303/add_ln58_reg_959_reg[23]/C

Slack:                    inf
  Source:                 design_1_i/Conv2D_HW_0/inst/grp_Conv2D_HW_Pipeline_loop_acc_x_fu_303/mul_32s_32s_32_1_1_U26/dout__0/ACOUT[29]
                            (internal pin)
  Destination:            design_1_i/Conv2D_HW_0/inst/grp_Conv2D_HW_Pipeline_loop_acc_x_fu_303/add_ln58_reg_959_reg[31]/D
                            (rising edge-triggered cell FDRE clocked by clk_fpga_0  {rise@0.000ns fall@10.000ns period=20.000ns})
  Path Group:             (none)
  Path Type:              Hold (Min at Fast Process Corner)
  Data Path Delay:        2.030ns  (logic 1.078ns (53.116%)  route 0.952ns (46.884%))
  Logic Levels:           6  (CARRY4=3 DSP48E1=1 LUT2=1 LUT3=1)
  Clock Uncertainty:      0.301ns  ((TSJ^2 + TIJ^2)^1/2 + DJ) / 2 + PE
    Total System Jitter     (TSJ):    0.050ns
    Total Input Jitter      (TIJ):    0.600ns
    Discrete Jitter          (DJ):    0.000ns
    Phase Error              (PE):    0.000ns

    Location             Delay type                Incr(ns)  Path(ns)    Netlist Resource(s)
  -------------------------------------------------------------------    -------------------
    DSP48_X1Y2           DSP48E1                      0.000     0.000 r  design_1_i/Conv2D_HW_0/inst/grp_Conv2D_HW_Pipeline_loop_acc_x_fu_303/mul_32s_32s_32_1_1_U26/dout__0/ACOUT[29]
                         net (fo=1, routed)           0.002     0.002    design_1_i/Conv2D_HW_0/inst/grp_Conv2D_HW_Pipeline_loop_acc_x_fu_303/mul_32s_32s_32_1_1_U26/dout__0_n_24
    DSP48_X1Y3           DSP48E1 (Prop_dsp48e1_ACIN[29]_P[12])
                                                      0.521     0.523 r  design_1_i/Conv2D_HW_0/inst/grp_Conv2D_HW_Pipeline_loop_acc_x_fu_303/mul_32s_32s_32_1_1_U26/dout__1/P[12]
                         net (fo=2, routed)           0.237     0.760    design_1_i/Conv2D_HW_0/inst/grp_Conv2D_HW_Pipeline_loop_acc_x_fu_303/mul_32s_32s_32_1_1_U26/dout__1_n_93
    SLICE_X21Y7          CARRY4 (Prop_carry4_DI[1]_O[2])
                                                      0.146     0.906 r  design_1_i/Conv2D_HW_0/inst/grp_Conv2D_HW_Pipeline_loop_acc_x_fu_303/mul_32s_32s_32_1_1_U26/dout_carry__2/O[2]
                         net (fo=1, routed)           0.195     1.102    design_1_i/Conv2D_HW_0/inst/grp_Conv2D_HW_Pipeline_loop_acc_x_fu_303/mul_32s_32s_32_1_1_U28/add_ln58_reg_959_reg[31]_i_2_2[14]
    SLICE_X21Y8          LUT3 (Prop_lut3_I1_O)        0.108     1.210 r  design_1_i/Conv2D_HW_0/inst/grp_Conv2D_HW_Pipeline_loop_acc_x_fu_303/mul_32s_32s_32_1_1_U28/add_ln58_reg_959[31]_i_8/O
                         net (fo=2, routed)           0.266     1.476    design_1_i/Conv2D_HW_0/inst/grp_Conv2D_HW_Pipeline_loop_acc_x_fu_303/mul_32s_32s_32_1_1_U28/zext_ln60_1_fu_620_p1[30]
    SLICE_X20Y17         CARRY4 (Prop_carry4_DI[2]_O[3])
                                                      0.129     1.605 r  design_1_i/Conv2D_HW_0/inst/grp_Conv2D_HW_Pipeline_loop_acc_x_fu_303/mul_32s_32s_32_1_1_U28/add_ln58_reg_959_reg[31]_i_2/O[3]
                         net (fo=2, routed)           0.251     1.856    design_1_i/Conv2D_HW_0/inst/grp_Conv2D_HW_Pipeline_loop_acc_x_fu_303/select_ln58_1_fu_650_p3[31]
    SLICE_X21Y22         LUT2 (Prop_lut2_I0_O)        0.111     1.967 r  design_1_i/Conv2D_HW_0/inst/grp_Conv2D_HW_Pipeline_loop_acc_x_fu_303/add_ln58_reg_959[31]_i_3/O
                         net (fo=1, routed)           0.000     1.967    design_1_i/Conv2D_HW_0/inst/grp_Conv2D_HW_Pipeline_loop_acc_x_fu_303/add_ln58_reg_959[31]_i_3_n_0
    SLICE_X21Y22         CARRY4 (Prop_carry4_S[3]_O[3])
                                                      0.063     2.030 r  design_1_i/Conv2D_HW_0/inst/grp_Conv2D_HW_Pipeline_loop_acc_x_fu_303/add_ln58_reg_959_reg[31]_i_1/O[3]
                         net (fo=1, routed)           0.000     2.030    design_1_i/Conv2D_HW_0/inst/grp_Conv2D_HW_Pipeline_loop_acc_x_fu_303/add_ln58_fu_661_p2[31]
    SLICE_X21Y22         FDRE                                         r  design_1_i/Conv2D_HW_0/inst/grp_Conv2D_HW_Pipeline_loop_acc_x_fu_303/add_ln58_reg_959_reg[31]/D
  -------------------------------------------------------------------    -------------------

                         (clock clk_fpga_0 rise edge)
                                                      0.000     0.000 r  
    PS7_X0Y0             PS7                          0.000     0.000 r  design_1_i/processing_system7_0/inst/PS7_i/FCLKCLK[0]
                         net (fo=1, routed)           0.337     0.337    design_1_i/processing_system7_0/inst/FCLK_CLK_unbuffered[0]
    BUFGCTRL_X0Y16       BUFG (Prop_bufg_I_O)         0.029     0.366 r  design_1_i/processing_system7_0/inst/buffer_fclk_clk_0.FCLK_CLK_0_BUFG/O
                         net (fo=8415, routed)        0.851     1.217    design_1_i/Conv2D_HW_0/inst/grp_Conv2D_HW_Pipeline_loop_acc_x_fu_303/ap_clk
    SLICE_X21Y22         FDRE                                         r  design_1_i/Conv2D_HW_0/inst/grp_Conv2D_HW_Pipeline_loop_acc_x_fu_303/add_ln58_reg_959_reg[31]/C

Slack:                    inf
  Source:                 design_1_i/Conv2D_HW_0/inst/grp_Conv2D_HW_Pipeline_loop_acc_x_fu_303/mul_32s_32s_32_1_1_U26/dout__0/ACOUT[29]
                            (internal pin)
  Destination:            design_1_i/Conv2D_HW_0/inst/grp_Conv2D_HW_Pipeline_loop_acc_x_fu_303/add_ln58_reg_959_reg[30]/D
                            (rising edge-triggered cell FDRE clocked by clk_fpga_0  {rise@0.000ns fall@10.000ns period=20.000ns})
  Path Group:             (none)
  Path Type:              Hold (Min at Fast Process Corner)
  Data Path Delay:        2.049ns  (logic 1.059ns (51.675%)  route 0.990ns (48.325%))
  Logic Levels:           7  (CARRY4=3 DSP48E1=1 LUT2=1 LUT3=1 LUT6=1)
  Clock Uncertainty:      0.301ns  ((TSJ^2 + TIJ^2)^1/2 + DJ) / 2 + PE
    Total System Jitter     (TSJ):    0.050ns
    Total Input Jitter      (TIJ):    0.600ns
    Discrete Jitter          (DJ):    0.000ns
    Phase Error              (PE):    0.000ns

    Location             Delay type                Incr(ns)  Path(ns)    Netlist Resource(s)
  -------------------------------------------------------------------    -------------------
    DSP48_X1Y2           DSP48E1                      0.000     0.000 r  design_1_i/Conv2D_HW_0/inst/grp_Conv2D_HW_Pipeline_loop_acc_x_fu_303/mul_32s_32s_32_1_1_U26/dout__0/ACOUT[29]
                         net (fo=1, routed)           0.002     0.002    design_1_i/Conv2D_HW_0/inst/grp_Conv2D_HW_Pipeline_loop_acc_x_fu_303/mul_32s_32s_32_1_1_U26/dout__0_n_24
    DSP48_X1Y3           DSP48E1 (Prop_dsp48e1_ACIN[29]_P[12])
                                                      0.521     0.523 r  design_1_i/Conv2D_HW_0/inst/grp_Conv2D_HW_Pipeline_loop_acc_x_fu_303/mul_32s_32s_32_1_1_U26/dout__1/P[12]
                         net (fo=2, routed)           0.237     0.760    design_1_i/Conv2D_HW_0/inst/grp_Conv2D_HW_Pipeline_loop_acc_x_fu_303/mul_32s_32s_32_1_1_U26/dout__1_n_93
    SLICE_X21Y7          CARRY4 (Prop_carry4_DI[1]_O[2])
                                                      0.146     0.906 r  design_1_i/Conv2D_HW_0/inst/grp_Conv2D_HW_Pipeline_loop_acc_x_fu_303/mul_32s_32s_32_1_1_U26/dout_carry__2/O[2]
                         net (fo=1, routed)           0.195     1.102    design_1_i/Conv2D_HW_0/inst/grp_Conv2D_HW_Pipeline_loop_acc_x_fu_303/mul_32s_32s_32_1_1_U28/add_ln58_reg_959_reg[31]_i_2_2[14]
    SLICE_X21Y8          LUT3 (Prop_lut3_I1_O)        0.108     1.210 r  design_1_i/Conv2D_HW_0/inst/grp_Conv2D_HW_Pipeline_loop_acc_x_fu_303/mul_32s_32s_32_1_1_U28/add_ln58_reg_959[31]_i_8/O
                         net (fo=2, routed)           0.348     1.558    design_1_i/Conv2D_HW_0/inst/grp_Conv2D_HW_Pipeline_loop_acc_x_fu_303/mul_32s_32s_32_1_1_U28/zext_ln60_1_fu_620_p1[30]
    SLICE_X20Y17         LUT6 (Prop_lut6_I0_O)        0.045     1.603 r  design_1_i/Conv2D_HW_0/inst/grp_Conv2D_HW_Pipeline_loop_acc_x_fu_303/mul_32s_32s_32_1_1_U28/add_ln58_reg_959[31]_i_12/O
                         net (fo=1, routed)           0.000     1.603    design_1_i/Conv2D_HW_0/inst/grp_Conv2D_HW_Pipeline_loop_acc_x_fu_303/mul_32s_32s_32_1_1_U28/add_ln58_reg_959[31]_i_12_n_0
    SLICE_X20Y17         CARRY4 (Prop_carry4_S[2]_O[2])
                                                      0.065     1.668 r  design_1_i/Conv2D_HW_0/inst/grp_Conv2D_HW_Pipeline_loop_acc_x_fu_303/mul_32s_32s_32_1_1_U28/add_ln58_reg_959_reg[31]_i_2/O[2]
                         net (fo=2, routed)           0.208     1.875    design_1_i/Conv2D_HW_0/inst/grp_Conv2D_HW_Pipeline_loop_acc_x_fu_303/select_ln58_1_fu_650_p3[30]
    SLICE_X21Y22         LUT2 (Prop_lut2_I0_O)        0.108     1.983 r  design_1_i/Conv2D_HW_0/inst/grp_Conv2D_HW_Pipeline_loop_acc_x_fu_303/add_ln58_reg_959[31]_i_4/O
                         net (fo=1, routed)           0.000     1.983    design_1_i/Conv2D_HW_0/inst/grp_Conv2D_HW_Pipeline_loop_acc_x_fu_303/add_ln58_reg_959[31]_i_4_n_0
    SLICE_X21Y22         CARRY4 (Prop_carry4_S[2]_O[2])
                                                      0.066     2.049 r  design_1_i/Conv2D_HW_0/inst/grp_Conv2D_HW_Pipeline_loop_acc_x_fu_303/add_ln58_reg_959_reg[31]_i_1/O[2]
                         net (fo=1, routed)           0.000     2.049    design_1_i/Conv2D_HW_0/inst/grp_Conv2D_HW_Pipeline_loop_acc_x_fu_303/add_ln58_fu_661_p2[30]
    SLICE_X21Y22         FDRE                                         r  design_1_i/Conv2D_HW_0/inst/grp_Conv2D_HW_Pipeline_loop_acc_x_fu_303/add_ln58_reg_959_reg[30]/D
  -------------------------------------------------------------------    -------------------

                         (clock clk_fpga_0 rise edge)
                                                      0.000     0.000 r  
    PS7_X0Y0             PS7                          0.000     0.000 r  design_1_i/processing_system7_0/inst/PS7_i/FCLKCLK[0]
                         net (fo=1, routed)           0.337     0.337    design_1_i/processing_system7_0/inst/FCLK_CLK_unbuffered[0]
    BUFGCTRL_X0Y16       BUFG (Prop_bufg_I_O)         0.029     0.366 r  design_1_i/processing_system7_0/inst/buffer_fclk_clk_0.FCLK_CLK_0_BUFG/O
                         net (fo=8415, routed)        0.851     1.217    design_1_i/Conv2D_HW_0/inst/grp_Conv2D_HW_Pipeline_loop_acc_x_fu_303/ap_clk
    SLICE_X21Y22         FDRE                                         r  design_1_i/Conv2D_HW_0/inst/grp_Conv2D_HW_Pipeline_loop_acc_x_fu_303/add_ln58_reg_959_reg[30]/C





