

================================================================
== Vitis HLS Report for 'Conv2D_HW'
================================================================
* Date:           Mon Mar 16 12:37:53 2026

* Version:        2022.2 (Build 3670227 on Oct 13 2022)
* Project:        midterm_vitis
* Solution:       solution1 (Vivado IP Flow Target)
* Product family: zynq
* Target device:  xc7z020-clg400-1


================================================================
== Performance Estimates
================================================================
+ Timing: 
    * Summary: 
    +--------+----------+----------+------------+
    |  Clock |  Target  | Estimated| Uncertainty|
    +--------+----------+----------+------------+
    |ap_clk  |  10.00 ns|  7.300 ns|     2.70 ns|
    +--------+----------+----------+------------+

+ Latency: 
    * Summary: 
    +---------+---------+----------+----------+-----+-----+---------+
    |  Latency (cycles) |  Latency (absolute) |  Interval | Pipeline|
    |   min   |   max   |    min   |    max   | min | max |   Type  |
    +---------+---------+----------+----------+-----+-----+---------+
    |        ?|        ?|         ?|         ?|    ?|    ?|       no|
    +---------+---------+----------+----------+-----+-----+---------+

    + Detail: 
        * Instance: 
        +-------------------------------------------------------------------------------+--------------------------------------------------------------------+---------+---------+----------+----------+-----+-----+---------+
        |                                                                               |                                                                    |  Latency (cycles) |  Latency (absolute) |  Interval | Pipeline|
        |                                    Instance                                   |                               Module                               |   min   |   max   |    min   |    max   | min | max |   Type  |
        +-------------------------------------------------------------------------------+--------------------------------------------------------------------+---------+---------+----------+----------+-----+-----+---------+
        |grp_Conv2D_HW_Pipeline_VITIS_LOOP_25_4_VITIS_LOOP_26_5_VITIS_LOOP_27_6_fu_205  |Conv2D_HW_Pipeline_VITIS_LOOP_25_4_VITIS_LOOP_26_5_VITIS_LOOP_27_6  |        ?|        ?|         ?|         ?|    ?|    ?|       no|
        +-------------------------------------------------------------------------------+--------------------------------------------------------------------+---------+---------+----------+----------+-----+-----+---------+

        * Loop: 
        +-----------------------------------+---------+---------+----------+-----------+-----------+------+----------+
        |                                   |  Latency (cycles) | Iteration|  Initiation Interval  | Trip |          |
        |             Loop Name             |   min   |   max   |  Latency |  achieved |   target  | Count| Pipelined|
        +-----------------------------------+---------+---------+----------+-----------+-----------+------+----------+
        |- VITIS_LOOP_20_1_VITIS_LOOP_21_2  |        ?|        ?|         ?|          -|          -|     ?|        no|
        | + VITIS_LOOP_22_3                 |        ?|        ?|         ?|          -|          -|     ?|        no|
        +-----------------------------------+---------+---------+----------+-----------+-----------+------+----------+



================================================================
== Utilization Estimates
================================================================
* Summary: 
+-----------------+---------+-----+--------+-------+-----+
|       Name      | BRAM_18K| DSP |   FF   |  LUT  | URAM|
+-----------------+---------+-----+--------+-------+-----+
|DSP              |        -|    -|       -|      -|    -|
|Expression       |        -|    -|       0|    524|    -|
|FIFO             |        -|    -|       -|      -|    -|
|Instance         |        0|   45|    5633|   4798|    -|
|Memory           |        -|    -|       -|      -|    -|
|Multiplexer      |        -|    -|       -|    463|    -|
|Register         |        -|    -|    1305|      -|    -|
+-----------------+---------+-----+--------+-------+-----+
|Total            |        0|   45|    6938|   5785|    0|
+-----------------+---------+-----+--------+-------+-----+
|Available        |      280|  220|  106400|  53200|    0|
+-----------------+---------+-----+--------+-------+-----+
|Utilization (%)  |        0|   20|       6|     10|    0|
+-----------------+---------+-----+--------+-------+-----+

+ Detail: 
    * Instance: 
    +-------------------------------------------------------------------------------+--------------------------------------------------------------------+---------+----+------+------+-----+
    |                                    Instance                                   |                               Module                               | BRAM_18K| DSP|  FF  |  LUT | URAM|
    +-------------------------------------------------------------------------------+--------------------------------------------------------------------+---------+----+------+------+-----+
    |grp_Conv2D_HW_Pipeline_VITIS_LOOP_25_4_VITIS_LOOP_26_5_VITIS_LOOP_27_6_fu_205  |Conv2D_HW_Pipeline_VITIS_LOOP_25_4_VITIS_LOOP_26_5_VITIS_LOOP_27_6  |        0|  12|  2515|  1966|    0|
    |control_s_axi_U                                                                |control_s_axi                                                       |        0|   0|   474|   808|    0|
    |gmem_m_axi_U                                                                   |gmem_m_axi                                                          |        0|   0|   718|  1318|    0|
    |mul_32ns_32ns_64_2_1_U30                                                       |mul_32ns_32ns_64_2_1                                                |        0|   3|   165|    50|    0|
    |mul_32ns_32ns_64_2_1_U33                                                       |mul_32ns_32ns_64_2_1                                                |        0|   3|   165|    50|    0|
    |mul_32ns_64ns_96_5_1_U31                                                       |mul_32ns_64ns_96_5_1                                                |        0|   6|   441|   256|    0|
    |mul_32s_32s_32_2_1_U32                                                         |mul_32s_32s_32_2_1                                                  |        0|   3|   165|    50|    0|
    |mul_32s_32s_32_2_1_U34                                                         |mul_32s_32s_32_2_1                                                  |        0|   3|   165|    50|    0|
    |mul_32s_32s_32_2_1_U35                                                         |mul_32s_32s_32_2_1                                                  |        0|   3|   165|    50|    0|
    |mul_32s_32s_32_2_1_U36                                                         |mul_32s_32s_32_2_1                                                  |        0|   3|   165|    50|    0|
    |mul_32s_32s_32_2_1_U37                                                         |mul_32s_32s_32_2_1                                                  |        0|   3|   165|    50|    0|
    |mul_32s_32s_32_2_1_U38                                                         |mul_32s_32s_32_2_1                                                  |        0|   3|   165|    50|    0|
    |mul_32s_32s_32_2_1_U39                                                         |mul_32s_32s_32_2_1                                                  |        0|   3|   165|    50|    0|
    +-------------------------------------------------------------------------------+--------------------------------------------------------------------+---------+----+------+------+-----+
    |Total                                                                          |                                                                    |        0|  45|  5633|  4798|    0|
    +-------------------------------------------------------------------------------+--------------------------------------------------------------------+---------+----+------+------+-----+

    * DSP: 
    N/A

    * Memory: 
    N/A

    * FIFO: 
    N/A

    * Expression: 
    +-------------------------+----------+----+---+----+------------+------------+
    |      Variable Name      | Operation| DSP| FF| LUT| Bitwidth P0| Bitwidth P1|
    +-------------------------+----------+----+---+----+------------+------------+
    |add_ln20_1_fu_330_p2     |         +|   0|  0|  39|          32|           1|
    |add_ln20_fu_305_p2       |         +|   0|  0|  71|          64|           1|
    |add_ln21_fu_428_p2       |         +|   0|  0|  39|          32|           1|
    |add_ln22_fu_422_p2       |         +|   0|  0|  39|          32|           1|
    |empty_41_fu_370_p2       |         +|   0|  0|  40|          33|          33|
    |empty_42_fu_388_p2       |         +|   0|  0|  71|          64|          64|
    |sub6_fu_287_p2           |         +|   0|  0|  39|          32|           3|
    |sub_fu_266_p2            |         +|   0|  0|  39|          32|           3|
    |icmp_ln20_fu_300_p2      |      icmp|   0|  0|  29|          64|          64|
    |icmp_ln21_fu_317_p2      |      icmp|   0|  0|  18|          32|          32|
    |icmp_ln22_fu_417_p2      |      icmp|   0|  0|  18|          32|          32|
    |icmp_ln27_fu_292_p2      |      icmp|   0|  0|  18|          32|           1|
    |select_ln20_1_fu_336_p3  |    select|   0|  0|  32|           1|          32|
    |select_ln20_fu_322_p3    |    select|   0|  0|  32|           1|           1|
    +-------------------------+----------+----+---+----+------------+------------+
    |Total                    |          |   0|  0| 524|         483|         269|
    +-------------------------+----------+----+---+----+------------+------------+

    * Multiplexer: 
    +--------------------------+-----+-----------+-----+-----------+
    |           Name           | LUT | Input Size| Bits| Total Bits|
    +--------------------------+-----+-----------+-----+-----------+
    |ap_NS_fsm                 |  113|         24|    1|         24|
    |gmem_ARVALID              |    9|          2|    1|          2|
    |gmem_RREADY               |    9|          2|    1|          2|
    |gmem_blk_n_AW             |    9|          2|    1|          2|
    |gmem_blk_n_B              |    9|          2|    1|          2|
    |gmem_blk_n_W              |    9|          2|    1|          2|
    |grp_fu_271_ce             |    9|          2|    1|          2|
    |grp_fu_271_p0             |   14|          3|   32|         96|
    |grp_fu_271_p1             |   14|          3|   32|         96|
    |grp_fu_344_ce             |    9|          2|    1|          2|
    |grp_fu_344_p0             |   14|          3|   32|         96|
    |grp_fu_344_p1             |   14|          3|   32|         96|
    |grp_fu_348_ce             |    9|          2|    1|          2|
    |grp_fu_348_p0             |   14|          3|   32|         96|
    |grp_fu_348_p1             |   14|          3|   32|         96|
    |grp_fu_352_ce             |    9|          2|    1|          2|
    |grp_fu_352_p0             |   14|          3|   32|         96|
    |grp_fu_352_p1             |   14|          3|   32|         96|
    |grp_fu_356_ce             |    9|          2|    1|          2|
    |grp_fu_356_p0             |   14|          3|   32|         96|
    |grp_fu_356_p1             |   14|          3|   32|         96|
    |grp_fu_363_ce             |   14|          3|    1|          3|
    |grp_fu_363_p0             |   14|          3|   32|         96|
    |grp_fu_363_p1             |   14|          3|   32|         96|
    |grp_fu_413_ce             |   14|          3|    1|          3|
    |grp_fu_413_p0             |   14|          3|   32|         96|
    |grp_fu_413_p1             |   14|          3|   32|         96|
    |iFilter_fu_112            |    9|          2|   32|         64|
    |indvar_flatten106_fu_116  |    9|          2|   64|        128|
    |x_reg_193                 |    9|          2|   32|         64|
    |y_fu_108                  |    9|          2|   32|         64|
    +--------------------------+-----+-----------+-----+-----------+
    |Total                     |  463|        100|  621|       1714|
    +--------------------------+-----+-----------+-----+-----------+

    * Register: 
    +--------------------------------------------------------------------------------------------+----+----+-----+-----------+
    |                                            Name                                            | FF | LUT| Bits| Const Bits|
    +--------------------------------------------------------------------------------------------+----+----+-----+-----------+
    |add_ln20_reg_605                                                                            |  64|   0|   64|          0|
    |add_ln22_reg_665                                                                            |  32|   0|   32|          0|
    |ap_CS_fsm                                                                                   |  23|   0|   23|          0|
    |coeffs_read_reg_509                                                                         |  64|   0|   64|          0|
    |convHeight_read_reg_471                                                                     |  32|   0|   32|          0|
    |convWidth_read_reg_477                                                                      |  32|   0|   32|          0|
    |empty_40_reg_640                                                                            |  32|   0|   32|          0|
    |gmem_addr_reg_645                                                                           |  64|   0|   64|          0|
    |grp_Conv2D_HW_Pipeline_VITIS_LOOP_25_4_VITIS_LOOP_26_5_VITIS_LOOP_27_6_fu_205_ap_start_reg  |   1|   0|    1|          0|
    |iFilter_fu_112                                                                              |  32|   0|   32|          0|
    |icmp_ln27_reg_597                                                                           |   1|   0|    1|          0|
    |indvar_flatten106_fu_116                                                                    |  64|   0|   64|          0|
    |inputHeight_read_reg_485                                                                    |  32|   0|   32|          0|
    |inputWidth_read_reg_491                                                                     |  32|   0|   32|          0|
    |input_r_read_reg_519                                                                        |  64|   0|   64|          0|
    |mul_ln20_1_reg_625                                                                          |  32|   0|   32|          0|
    |mul_ln20_2_reg_630                                                                          |  32|   0|   32|          0|
    |mul_ln20_3_reg_635                                                                          |  32|   0|   32|          0|
    |mul_ln20_4_reg_651                                                                          |  32|   0|   32|          0|
    |mul_ln20_reg_581                                                                            |  32|   0|   32|          0|
    |mul_ln3_1_reg_587                                                                           |  96|   0|   96|          0|
    |mul_ln3_2_reg_592                                                                           |  64|   0|   64|          0|
    |mul_ln3_reg_540                                                                             |  64|   0|   64|          0|
    |numChannels_read_reg_503                                                                    |  32|   0|   32|          0|
    |numFilters_read_reg_498                                                                     |  32|   0|   32|          0|
    |output_r_read_reg_514                                                                       |  64|   0|   64|          0|
    |p_mid143_reg_657                                                                            |  32|   0|   32|          0|
    |select_ln20_1_reg_618                                                                       |  32|   0|   32|          0|
    |select_ln20_reg_610                                                                         |  32|   0|   32|          0|
    |sub6_reg_573                                                                                |  32|   0|   32|          0|
    |sub_reg_556                                                                                 |  32|   0|   32|          0|
    |x_reg_193                                                                                   |  32|   0|   32|          0|
    |y_fu_108                                                                                    |  32|   0|   32|          0|
    +--------------------------------------------------------------------------------------------+----+----+-----+-----------+
    |Total                                                                                       |1305|   0| 1305|          0|
    +--------------------------------------------------------------------------------------------+----+----+-----+-----------+



================================================================
== Interface
================================================================
* Summary: 
+-----------------------+-----+-----+------------+--------------+--------------+
|       RTL Ports       | Dir | Bits|  Protocol  | Source Object|    C Type    |
+-----------------------+-----+-----+------------+--------------+--------------+
|s_axi_control_AWVALID  |   in|    1|       s_axi|       control|        scalar|
|s_axi_control_AWREADY  |  out|    1|       s_axi|       control|        scalar|
|s_axi_control_AWADDR   |   in|    7|       s_axi|       control|        scalar|
|s_axi_control_WVALID   |   in|    1|       s_axi|       control|        scalar|
|s_axi_control_WREADY   |  out|    1|       s_axi|       control|        scalar|
|s_axi_control_WDATA    |   in|   32|       s_axi|       control|        scalar|
|s_axi_control_WSTRB    |   in|    4|       s_axi|       control|        scalar|
|s_axi_control_ARVALID  |   in|    1|       s_axi|       control|        scalar|
|s_axi_control_ARREADY  |  out|    1|       s_axi|       control|        scalar|
|s_axi_control_ARADDR   |   in|    7|       s_axi|       control|        scalar|
|s_axi_control_RVALID   |  out|    1|       s_axi|       control|        scalar|
|s_axi_control_RREADY   |   in|    1|       s_axi|       control|        scalar|
|s_axi_control_RDATA    |  out|   32|       s_axi|       control|        scalar|
|s_axi_control_RRESP    |  out|    2|       s_axi|       control|        scalar|
|s_axi_control_BVALID   |  out|    1|       s_axi|       control|        scalar|
|s_axi_control_BREADY   |   in|    1|       s_axi|       control|        scalar|
|s_axi_control_BRESP    |  out|    2|       s_axi|       control|        scalar|
|ap_clk                 |   in|    1|  ap_ctrl_hs|     Conv2D_HW|  return value|
|ap_rst_n               |   in|    1|  ap_ctrl_hs|     Conv2D_HW|  return value|
|interrupt              |  out|    1|  ap_ctrl_hs|     Conv2D_HW|  return value|
|m_axi_gmem_AWVALID     |  out|    1|       m_axi|          gmem|       pointer|
|m_axi_gmem_AWREADY     |   in|    1|       m_axi|          gmem|       pointer|
|m_axi_gmem_AWADDR      |  out|   64|       m_axi|          gmem|       pointer|
|m_axi_gmem_AWID        |  out|    1|       m_axi|          gmem|       pointer|
|m_axi_gmem_AWLEN       |  out|    8|       m_axi|          gmem|       pointer|
|m_axi_gmem_AWSIZE      |  out|    3|       m_axi|          gmem|       pointer|
|m_axi_gmem_AWBURST     |  out|    2|       m_axi|          gmem|       pointer|
|m_axi_gmem_AWLOCK      |  out|    2|       m_axi|          gmem|       pointer|
|m_axi_gmem_AWCACHE     |  out|    4|       m_axi|          gmem|       pointer|
|m_axi_gmem_AWPROT      |  out|    3|       m_axi|          gmem|       pointer|
|m_axi_gmem_AWQOS       |  out|    4|       m_axi|          gmem|       pointer|
|m_axi_gmem_AWREGION    |  out|    4|       m_axi|          gmem|       pointer|
|m_axi_gmem_AWUSER      |  out|    1|       m_axi|          gmem|       pointer|
|m_axi_gmem_WVALID      |  out|    1|       m_axi|          gmem|       pointer|
|m_axi_gmem_WREADY      |   in|    1|       m_axi|          gmem|       pointer|
|m_axi_gmem_WDATA       |  out|   32|       m_axi|          gmem|       pointer|
|m_axi_gmem_WSTRB       |  out|    4|       m_axi|          gmem|       pointer|
|m_axi_gmem_WLAST       |  out|    1|       m_axi|          gmem|       pointer|
|m_axi_gmem_WID         |  out|    1|       m_axi|          gmem|       pointer|
|m_axi_gmem_WUSER       |  out|    1|       m_axi|          gmem|       pointer|
|m_axi_gmem_ARVALID     |  out|    1|       m_axi|          gmem|       pointer|
|m_axi_gmem_ARREADY     |   in|    1|       m_axi|          gmem|       pointer|
|m_axi_gmem_ARADDR      |  out|   64|       m_axi|          gmem|       pointer|
|m_axi_gmem_ARID        |  out|    1|       m_axi|          gmem|       pointer|
|m_axi_gmem_ARLEN       |  out|    8|       m_axi|          gmem|       pointer|
|m_axi_gmem_ARSIZE      |  out|    3|       m_axi|          gmem|       pointer|
|m_axi_gmem_ARBURST     |  out|    2|       m_axi|          gmem|       pointer|
|m_axi_gmem_ARLOCK      |  out|    2|       m_axi|          gmem|       pointer|
|m_axi_gmem_ARCACHE     |  out|    4|       m_axi|          gmem|       pointer|
|m_axi_gmem_ARPROT      |  out|    3|       m_axi|          gmem|       pointer|
|m_axi_gmem_ARQOS       |  out|    4|       m_axi|          gmem|       pointer|
|m_axi_gmem_ARREGION    |  out|    4|       m_axi|          gmem|       pointer|
|m_axi_gmem_ARUSER      |  out|    1|       m_axi|          gmem|       pointer|
|m_axi_gmem_RVALID      |   in|    1|       m_axi|          gmem|       pointer|
|m_axi_gmem_RREADY      |  out|    1|       m_axi|          gmem|       pointer|
|m_axi_gmem_RDATA       |   in|   32|       m_axi|          gmem|       pointer|
|m_axi_gmem_RLAST       |   in|    1|       m_axi|          gmem|       pointer|
|m_axi_gmem_RID         |   in|    1|       m_axi|          gmem|       pointer|
|m_axi_gmem_RUSER       |   in|    1|       m_axi|          gmem|       pointer|
|m_axi_gmem_RRESP       |   in|    2|       m_axi|          gmem|       pointer|
|m_axi_gmem_BVALID      |   in|    1|       m_axi|          gmem|       pointer|
|m_axi_gmem_BREADY      |  out|    1|       m_axi|          gmem|       pointer|
|m_axi_gmem_BRESP       |   in|    2|       m_axi|          gmem|       pointer|
|m_axi_gmem_BID         |   in|    1|       m_axi|          gmem|       pointer|
|m_axi_gmem_BUSER       |   in|    1|       m_axi|          gmem|       pointer|
+-----------------------+-----+-----+------------+--------------+--------------+

============================================================
+ Verbose Summary: Synthesis Manager
============================================================
InlineROM: 1
ExposeGlobal: 0
============================================================
+ Verbose Summary: CDFG Model
============================================================
IsTopModel: 1
ResetActiveHigh: 1
IsCombinational: 2
IsDatapathOnly: 2
HasWiredReturn: 1
HasMFsm: 0
HasVarLatency: 1
IsPipeline: 0
IsRtlPipelined: 0
IsInstanceOverlapped: 0
IsDontTouch: 0
HasImplIP: 0
IsGatedGlobalClock: 0


============================================================
+ Verbose Summary: Schedule
============================================================
* Number of FSM states : 23
* Pipeline : 0
* Dataflow Pipeline: 0

* FSM state transitions: 
1 --> 2 
2 --> 3 
3 --> 4 
4 --> 5 
5 --> 6 
6 --> 7 
7 --> 8 
8 --> 9 
9 --> 10 
10 --> 11 
11 --> 12 
12 --> 13 
13 --> 14 
14 --> 15 
15 --> 16 
16 --> 17 19 
17 --> 18 
18 --> 16 
19 --> 20 
20 --> 21 
21 --> 22 
22 --> 23 
23 --> 9 

* FSM state operations: 

State 1 <SV = 0> <Delay = 1.58>
ST_1 : Operation 24 [1/1] (0.00ns)   --->   "%y = alloca i32 1"   --->   Operation 24 'alloca' 'y' <Predicate = true> <Delay = 0.00>
ST_1 : Operation 25 [1/1] (0.00ns)   --->   "%iFilter = alloca i32 1"   --->   Operation 25 'alloca' 'iFilter' <Predicate = true> <Delay = 0.00>
ST_1 : Operation 26 [1/1] (0.00ns)   --->   "%indvar_flatten106 = alloca i32 1"   --->   Operation 26 'alloca' 'indvar_flatten106' <Predicate = true> <Delay = 0.00>
ST_1 : Operation 27 [1/1] (1.00ns)   --->   "%convHeight_read = read i32 @_ssdm_op_Read.s_axilite.i32, i32 %convHeight"   --->   Operation 27 'read' 'convHeight_read' <Predicate = true> <Delay = 1.00> <CoreInst = "s_axilite">   --->   Core 114 's_axilite' <Latency = 0> <II = 1> <Delay = 1.00> <Adapter> <Opcode : 'read' 'write'>
ST_1 : Operation 28 [1/1] (1.00ns)   --->   "%convWidth_read = read i32 @_ssdm_op_Read.s_axilite.i32, i32 %convWidth"   --->   Operation 28 'read' 'convWidth_read' <Predicate = true> <Delay = 1.00> <CoreInst = "s_axilite">   --->   Core 114 's_axilite' <Latency = 0> <II = 1> <Delay = 1.00> <Adapter> <Opcode : 'read' 'write'>
ST_1 : Operation 29 [1/1] (1.00ns)   --->   "%inputHeight_read = read i32 @_ssdm_op_Read.s_axilite.i32, i32 %inputHeight"   --->   Operation 29 'read' 'inputHeight_read' <Predicate = true> <Delay = 1.00> <CoreInst = "s_axilite">   --->   Core 114 's_axilite' <Latency = 0> <II = 1> <Delay = 1.00> <Adapter> <Opcode : 'read' 'write'>
ST_1 : Operation 30 [1/1] (1.00ns)   --->   "%inputWidth_read = read i32 @_ssdm_op_Read.s_axilite.i32, i32 %inputWidth"   --->   Operation 30 'read' 'inputWidth_read' <Predicate = true> <Delay = 1.00> <CoreInst = "s_axilite">   --->   Core 114 's_axilite' <Latency = 0> <II = 1> <Delay = 1.00> <Adapter> <Opcode : 'read' 'write'>
ST_1 : Operation 31 [1/1] (1.00ns)   --->   "%numFilters_read = read i32 @_ssdm_op_Read.s_axilite.i32, i32 %numFilters"   --->   Operation 31 'read' 'numFilters_read' <Predicate = true> <Delay = 1.00> <CoreInst = "s_axilite">   --->   Core 114 's_axilite' <Latency = 0> <II = 1> <Delay = 1.00> <Adapter> <Opcode : 'read' 'write'>
ST_1 : Operation 32 [1/1] (1.00ns)   --->   "%numChannels_read = read i32 @_ssdm_op_Read.s_axilite.i32, i32 %numChannels"   --->   Operation 32 'read' 'numChannels_read' <Predicate = true> <Delay = 1.00> <CoreInst = "s_axilite">   --->   Core 114 's_axilite' <Latency = 0> <II = 1> <Delay = 1.00> <Adapter> <Opcode : 'read' 'write'>
ST_1 : Operation 33 [1/1] (1.00ns)   --->   "%coeffs_read = read i64 @_ssdm_op_Read.s_axilite.i64, i64 %coeffs"   --->   Operation 33 'read' 'coeffs_read' <Predicate = true> <Delay = 1.00> <CoreInst = "s_axilite">   --->   Core 114 's_axilite' <Latency = 0> <II = 1> <Delay = 1.00> <Adapter> <Opcode : 'read' 'write'>
ST_1 : Operation 34 [1/1] (1.00ns)   --->   "%output_r_read = read i64 @_ssdm_op_Read.s_axilite.i64, i64 %output_r"   --->   Operation 34 'read' 'output_r_read' <Predicate = true> <Delay = 1.00> <CoreInst = "s_axilite">   --->   Core 114 's_axilite' <Latency = 0> <II = 1> <Delay = 1.00> <Adapter> <Opcode : 'read' 'write'>
ST_1 : Operation 35 [1/1] (1.00ns)   --->   "%input_r_read = read i64 @_ssdm_op_Read.s_axilite.i64, i64 %input_r"   --->   Operation 35 'read' 'input_r_read' <Predicate = true> <Delay = 1.00> <CoreInst = "s_axilite">   --->   Core 114 's_axilite' <Latency = 0> <II = 1> <Delay = 1.00> <Adapter> <Opcode : 'read' 'write'>
ST_1 : Operation 36 [1/1] (0.00ns)   --->   "%acc_loc = alloca i64 1"   --->   Operation 36 'alloca' 'acc_loc' <Predicate = true> <Delay = 0.00>
ST_1 : Operation 37 [1/1] (1.58ns)   --->   "%store_ln20 = store i64 0, i64 %indvar_flatten106" [HLS/conv2d.cpp:20]   --->   Operation 37 'store' 'store_ln20' <Predicate = true> <Delay = 1.58>
ST_1 : Operation 38 [1/1] (1.58ns)   --->   "%store_ln20 = store i32 0, i32 %iFilter" [HLS/conv2d.cpp:20]   --->   Operation 38 'store' 'store_ln20' <Predicate = true> <Delay = 1.58>
ST_1 : Operation 39 [1/1] (1.58ns)   --->   "%store_ln20 = store i32 0, i32 %y" [HLS/conv2d.cpp:20]   --->   Operation 39 'store' 'store_ln20' <Predicate = true> <Delay = 1.58>

State 2 <SV = 1> <Delay = 6.91>
ST_2 : Operation 40 [1/1] (0.00ns)   --->   "%zext_ln3 = zext i32 %convHeight_read" [HLS/conv2d.cpp:3]   --->   Operation 40 'zext' 'zext_ln3' <Predicate = true> <Delay = 0.00>
ST_2 : Operation 41 [1/1] (0.00ns)   --->   "%zext_ln3_1 = zext i32 %convWidth_read" [HLS/conv2d.cpp:3]   --->   Operation 41 'zext' 'zext_ln3_1' <Predicate = true> <Delay = 0.00>
ST_2 : Operation 42 [2/2] (6.91ns)   --->   "%mul_ln3 = mul i64 %zext_ln3, i64 %zext_ln3_1" [HLS/conv2d.cpp:3]   --->   Operation 42 'mul' 'mul_ln3' <Predicate = true> <Delay = 6.91> <CoreInst = "Multiplier">   --->   Core 3 'Multiplier' <Latency = 1> <II = 1> <Delay = 6.91> <FuncUnit> <Opcode : 'mul'> <InPorts = 2> <OutPorts = 1>

State 3 <SV = 2> <Delay = 6.91>
ST_3 : Operation 43 [1/2] (6.91ns)   --->   "%mul_ln3 = mul i64 %zext_ln3, i64 %zext_ln3_1" [HLS/conv2d.cpp:3]   --->   Operation 43 'mul' 'mul_ln3' <Predicate = true> <Delay = 6.91> <CoreInst = "Multiplier">   --->   Core 3 'Multiplier' <Latency = 1> <II = 1> <Delay = 6.91> <FuncUnit> <Opcode : 'mul'> <InPorts = 2> <OutPorts = 1>

State 4 <SV = 3> <Delay = 6.97>
ST_4 : Operation 44 [1/1] (0.00ns)   --->   "%zext_ln3_2 = zext i32 %numChannels_read" [HLS/conv2d.cpp:3]   --->   Operation 44 'zext' 'zext_ln3_2' <Predicate = true> <Delay = 0.00>
ST_4 : Operation 45 [1/1] (0.00ns)   --->   "%zext_ln3_3 = zext i64 %mul_ln3" [HLS/conv2d.cpp:3]   --->   Operation 45 'zext' 'zext_ln3_3' <Predicate = true> <Delay = 0.00>
ST_4 : Operation 46 [5/5] (6.97ns)   --->   "%mul_ln3_1 = mul i96 %zext_ln3_2, i96 %zext_ln3_3" [HLS/conv2d.cpp:3]   --->   Operation 46 'mul' 'mul_ln3_1' <Predicate = true> <Delay = 6.97> <CoreInst = "Multiplier">   --->   Core 3 'Multiplier' <Latency = 4> <II = 1> <Delay = 6.97> <FuncUnit> <Opcode : 'mul'> <InPorts = 2> <OutPorts = 1>

State 5 <SV = 4> <Delay = 6.97>
ST_5 : Operation 47 [4/5] (6.97ns)   --->   "%mul_ln3_1 = mul i96 %zext_ln3_2, i96 %zext_ln3_3" [HLS/conv2d.cpp:3]   --->   Operation 47 'mul' 'mul_ln3_1' <Predicate = true> <Delay = 6.97> <CoreInst = "Multiplier">   --->   Core 3 'Multiplier' <Latency = 4> <II = 1> <Delay = 6.97> <FuncUnit> <Opcode : 'mul'> <InPorts = 2> <OutPorts = 1>

State 6 <SV = 5> <Delay = 6.97>
ST_6 : Operation 48 [1/1] (2.55ns)   --->   "%sub = add i32 %inputHeight_read, i32 4294967294"   --->   Operation 48 'add' 'sub' <Predicate = true> <Delay = 2.55> <CoreInst = "Adder">   --->   Core 1 'Adder' <Latency = 0> <II = 1> <Delay = 2.55> <FuncUnit> <Opcode : 'add' 'sub'> <InPorts = 2> <OutPorts = 1>
ST_6 : Operation 49 [3/5] (6.97ns)   --->   "%mul_ln3_1 = mul i96 %zext_ln3_2, i96 %zext_ln3_3" [HLS/conv2d.cpp:3]   --->   Operation 49 'mul' 'mul_ln3_1' <Predicate = true> <Delay = 6.97> <CoreInst = "Multiplier">   --->   Core 3 'Multiplier' <Latency = 4> <II = 1> <Delay = 6.97> <FuncUnit> <Opcode : 'mul'> <InPorts = 2> <OutPorts = 1>

State 7 <SV = 6> <Delay = 6.97>
ST_7 : Operation 50 [2/2] (6.91ns)   --->   "%mul_ln20 = mul i32 %convHeight_read, i32 %convWidth_read" [HLS/conv2d.cpp:20]   --->   Operation 50 'mul' 'mul_ln20' <Predicate = true> <Delay = 6.91> <CoreInst = "Multiplier">   --->   Core 3 'Multiplier' <Latency = 1> <II = 1> <Delay = 6.91> <FuncUnit> <Opcode : 'mul'> <InPorts = 2> <OutPorts = 1>
ST_7 : Operation 51 [2/5] (6.97ns)   --->   "%mul_ln3_1 = mul i96 %zext_ln3_2, i96 %zext_ln3_3" [HLS/conv2d.cpp:3]   --->   Operation 51 'mul' 'mul_ln3_1' <Predicate = true> <Delay = 6.97> <CoreInst = "Multiplier">   --->   Core 3 'Multiplier' <Latency = 4> <II = 1> <Delay = 6.97> <FuncUnit> <Opcode : 'mul'> <InPorts = 2> <OutPorts = 1>
ST_7 : Operation 52 [1/1] (0.00ns)   --->   "%zext_ln3_4 = zext i32 %numFilters_read" [HLS/conv2d.cpp:3]   --->   Operation 52 'zext' 'zext_ln3_4' <Predicate = true> <Delay = 0.00>
ST_7 : Operation 53 [1/1] (0.00ns)   --->   "%zext_ln3_5 = zext i32 %sub" [HLS/conv2d.cpp:3]   --->   Operation 53 'zext' 'zext_ln3_5' <Predicate = true> <Delay = 0.00>
ST_7 : Operation 54 [2/2] (6.91ns)   --->   "%mul_ln3_2 = mul i64 %zext_ln3_4, i64 %zext_ln3_5" [HLS/conv2d.cpp:3]   --->   Operation 54 'mul' 'mul_ln3_2' <Predicate = true> <Delay = 6.91> <CoreInst = "Multiplier">   --->   Core 3 'Multiplier' <Latency = 1> <II = 1> <Delay = 6.91> <FuncUnit> <Opcode : 'mul'> <InPorts = 2> <OutPorts = 1>

State 8 <SV = 7> <Delay = 6.97>
ST_8 : Operation 55 [1/1] (0.00ns)   --->   "%spectopmodule_ln3 = spectopmodule void @_ssdm_op_SpecTopModule, void @empty_15" [HLS/conv2d.cpp:3]   --->   Operation 55 'spectopmodule' 'spectopmodule_ln3' <Predicate = true> <Delay = 0.00>
ST_8 : Operation 56 [1/1] (0.00ns)   --->   "%specinterface_ln0 = specinterface void @_ssdm_op_SpecInterface, i32 %gmem, void @empty_4, i32 0, i32 0, void @empty_5, i32 0, i32 0, void @empty_6, void @empty_17, void @empty_5, i32 16, i32 16, i32 16, i32 16, void @empty_5, void @empty_5, i32 4294967295, i32 0"   --->   Operation 56 'specinterface' 'specinterface_ln0' <Predicate = true> <Delay = 0.00>
ST_8 : Operation 57 [1/1] (0.00ns)   --->   "%specbitsmap_ln0 = specbitsmap void @_ssdm_op_SpecBitsMap, i32 %gmem"   --->   Operation 57 'specbitsmap' 'specbitsmap_ln0' <Predicate = true> <Delay = 0.00>
ST_8 : Operation 58 [1/1] (0.00ns)   --->   "%specinterface_ln0 = specinterface void @_ssdm_op_SpecInterface, i64 %input_r, void @empty_14, i32 0, i32 0, void @empty_5, i32 0, i32 0, void @empty_12, void @empty_16, void @empty_5, i32 0, i32 0, i32 0, i32 0, void @empty_5, void @empty, i32 4294967295, i32 0"   --->   Operation 58 'specinterface' 'specinterface_ln0' <Predicate = true> <Delay = 0.00>
ST_8 : Operation 59 [1/1] (0.00ns)   --->   "%specinterface_ln0 = specinterface void @_ssdm_op_SpecInterface, i64 %input_r, void @empty_0, i32 0, i32 0, void @empty_5, i32 0, i32 0, void @empty_5, void @empty_5, void @empty_5, i32 0, i32 0, i32 0, i32 0, void @empty_5, void @empty, i32 4294967295, i32 0"   --->   Operation 59 'specinterface' 'specinterface_ln0' <Predicate = true> <Delay = 0.00>
ST_8 : Operation 60 [1/1] (0.00ns)   --->   "%specinterface_ln0 = specinterface void @_ssdm_op_SpecInterface, i64 %output_r, void @empty_14, i32 0, i32 0, void @empty_5, i32 0, i32 0, void @empty_12, void @empty_1, void @empty_5, i32 0, i32 0, i32 0, i32 0, void @empty_5, void @empty, i32 4294967295, i32 0"   --->   Operation 60 'specinterface' 'specinterface_ln0' <Predicate = true> <Delay = 0.00>
ST_8 : Operation 61 [1/1] (0.00ns)   --->   "%specinterface_ln0 = specinterface void @_ssdm_op_SpecInterface, i64 %output_r, void @empty_0, i32 0, i32 0, void @empty_5, i32 0, i32 0, void @empty_5, void @empty_5, void @empty_5, i32 0, i32 0, i32 0, i32 0, void @empty_5, void @empty, i32 4294967295, i32 0"   --->   Operation 61 'specinterface' 'specinterface_ln0' <Predicate = true> <Delay = 0.00>
ST_8 : Operation 62 [1/1] (0.00ns)   --->   "%specinterface_ln0 = specinterface void @_ssdm_op_SpecInterface, i64 %coeffs, void @empty_14, i32 0, i32 0, void @empty_5, i32 0, i32 0, void @empty_12, void @empty_2, void @empty_5, i32 0, i32 0, i32 0, i32 0, void @empty_5, void @empty, i32 4294967295, i32 0"   --->   Operation 62 'specinterface' 'specinterface_ln0' <Predicate = true> <Delay = 0.00>
ST_8 : Operation 63 [1/1] (0.00ns)   --->   "%specinterface_ln0 = specinterface void @_ssdm_op_SpecInterface, i64 %coeffs, void @empty_0, i32 0, i32 0, void @empty_5, i32 0, i32 0, void @empty_5, void @empty_5, void @empty_5, i32 0, i32 0, i32 0, i32 0, void @empty_5, void @empty, i32 4294967295, i32 0"   --->   Operation 63 'specinterface' 'specinterface_ln0' <Predicate = true> <Delay = 0.00>
ST_8 : Operation 64 [1/1] (0.00ns)   --->   "%specbitsmap_ln0 = specbitsmap void @_ssdm_op_SpecBitsMap, i32 %numChannels"   --->   Operation 64 'specbitsmap' 'specbitsmap_ln0' <Predicate = true> <Delay = 0.00>
ST_8 : Operation 65 [1/1] (0.00ns)   --->   "%specinterface_ln0 = specinterface void @_ssdm_op_SpecInterface, i32 %numChannels, void @empty_14, i32 0, i32 0, void @empty_5, i32 0, i32 0, void @empty_12, void @empty_3, void @empty_5, i32 0, i32 0, i32 0, i32 0, void @empty_5, void @empty_5, i32 4294967295, i32 0"   --->   Operation 65 'specinterface' 'specinterface_ln0' <Predicate = true> <Delay = 0.00>
ST_8 : Operation 66 [1/1] (0.00ns)   --->   "%specinterface_ln0 = specinterface void @_ssdm_op_SpecInterface, i32 %numChannels, void @empty_0, i32 0, i32 0, void @empty_5, i32 0, i32 0, void @empty_5, void @empty_5, void @empty_5, i32 0, i32 0, i32 0, i32 0, void @empty_5, void @empty_5, i32 4294967295, i32 0"   --->   Operation 66 'specinterface' 'specinterface_ln0' <Predicate = true> <Delay = 0.00>
ST_8 : Operation 67 [1/1] (0.00ns)   --->   "%specbitsmap_ln0 = specbitsmap void @_ssdm_op_SpecBitsMap, i32 %numFilters"   --->   Operation 67 'specbitsmap' 'specbitsmap_ln0' <Predicate = true> <Delay = 0.00>
ST_8 : Operation 68 [1/1] (0.00ns)   --->   "%specinterface_ln0 = specinterface void @_ssdm_op_SpecInterface, i32 %numFilters, void @empty_14, i32 0, i32 0, void @empty_5, i32 0, i32 0, void @empty_12, void @empty_8, void @empty_5, i32 0, i32 0, i32 0, i32 0, void @empty_5, void @empty_5, i32 4294967295, i32 0"   --->   Operation 68 'specinterface' 'specinterface_ln0' <Predicate = true> <Delay = 0.00>
ST_8 : Operation 69 [1/1] (0.00ns)   --->   "%specinterface_ln0 = specinterface void @_ssdm_op_SpecInterface, i32 %numFilters, void @empty_0, i32 0, i32 0, void @empty_5, i32 0, i32 0, void @empty_5, void @empty_5, void @empty_5, i32 0, i32 0, i32 0, i32 0, void @empty_5, void @empty_5, i32 4294967295, i32 0"   --->   Operation 69 'specinterface' 'specinterface_ln0' <Predicate = true> <Delay = 0.00>
ST_8 : Operation 70 [1/1] (0.00ns)   --->   "%specbitsmap_ln0 = specbitsmap void @_ssdm_op_SpecBitsMap, i32 %inputWidth"   --->   Operation 70 'specbitsmap' 'specbitsmap_ln0' <Predicate = true> <Delay = 0.00>
ST_8 : Operation 71 [1/1] (0.00ns)   --->   "%specinterface_ln0 = specinterface void @_ssdm_op_SpecInterface, i32 %inputWidth, void @empty_14, i32 0, i32 0, void @empty_5, i32 0, i32 0, void @empty_12, void @empty_9, void @empty_5, i32 0, i32 0, i32 0, i32 0, void @empty_5, void @empty_5, i32 4294967295, i32 0"   --->   Operation 71 'specinterface' 'specinterface_ln0' <Predicate = true> <Delay = 0.00>
ST_8 : Operation 72 [1/1] (0.00ns)   --->   "%specinterface_ln0 = specinterface void @_ssdm_op_SpecInterface, i32 %inputWidth, void @empty_0, i32 0, i32 0, void @empty_5, i32 0, i32 0, void @empty_5, void @empty_5, void @empty_5, i32 0, i32 0, i32 0, i32 0, void @empty_5, void @empty_5, i32 4294967295, i32 0"   --->   Operation 72 'specinterface' 'specinterface_ln0' <Predicate = true> <Delay = 0.00>
ST_8 : Operation 73 [1/1] (0.00ns)   --->   "%specbitsmap_ln0 = specbitsmap void @_ssdm_op_SpecBitsMap, i32 %inputHeight"   --->   Operation 73 'specbitsmap' 'specbitsmap_ln0' <Predicate = true> <Delay = 0.00>
ST_8 : Operation 74 [1/1] (0.00ns)   --->   "%specinterface_ln0 = specinterface void @_ssdm_op_SpecInterface, i32 %inputHeight, void @empty_14, i32 0, i32 0, void @empty_5, i32 0, i32 0, void @empty_12, void @empty_10, void @empty_5, i32 0, i32 0, i32 0, i32 0, void @empty_5, void @empty_5, i32 4294967295, i32 0"   --->   Operation 74 'specinterface' 'specinterface_ln0' <Predicate = true> <Delay = 0.00>
ST_8 : Operation 75 [1/1] (0.00ns)   --->   "%specinterface_ln0 = specinterface void @_ssdm_op_SpecInterface, i32 %inputHeight, void @empty_0, i32 0, i32 0, void @empty_5, i32 0, i32 0, void @empty_5, void @empty_5, void @empty_5, i32 0, i32 0, i32 0, i32 0, void @empty_5, void @empty_5, i32 4294967295, i32 0"   --->   Operation 75 'specinterface' 'specinterface_ln0' <Predicate = true> <Delay = 0.00>
ST_8 : Operation 76 [1/1] (0.00ns)   --->   "%specbitsmap_ln0 = specbitsmap void @_ssdm_op_SpecBitsMap, i32 %convWidth"   --->   Operation 76 'specbitsmap' 'specbitsmap_ln0' <Predicate = true> <Delay = 0.00>
ST_8 : Operation 77 [1/1] (0.00ns)   --->   "%specinterface_ln0 = specinterface void @_ssdm_op_SpecInterface, i32 %convWidth, void @empty_14, i32 0, i32 0, void @empty_5, i32 0, i32 0, void @empty_12, void @empty_11, void @empty_5, i32 0, i32 0, i32 0, i32 0, void @empty_5, void @empty_5, i32 4294967295, i32 0"   --->   Operation 77 'specinterface' 'specinterface_ln0' <Predicate = true> <Delay = 0.00>
ST_8 : Operation 78 [1/1] (0.00ns)   --->   "%specinterface_ln0 = specinterface void @_ssdm_op_SpecInterface, i32 %convWidth, void @empty_0, i32 0, i32 0, void @empty_5, i32 0, i32 0, void @empty_5, void @empty_5, void @empty_5, i32 0, i32 0, i32 0, i32 0, void @empty_5, void @empty_5, i32 4294967295, i32 0"   --->   Operation 78 'specinterface' 'specinterface_ln0' <Predicate = true> <Delay = 0.00>
ST_8 : Operation 79 [1/1] (0.00ns)   --->   "%specbitsmap_ln0 = specbitsmap void @_ssdm_op_SpecBitsMap, i32 %convHeight"   --->   Operation 79 'specbitsmap' 'specbitsmap_ln0' <Predicate = true> <Delay = 0.00>
ST_8 : Operation 80 [1/1] (0.00ns)   --->   "%specinterface_ln0 = specinterface void @_ssdm_op_SpecInterface, i32 %convHeight, void @empty_14, i32 0, i32 0, void @empty_5, i32 0, i32 0, void @empty_12, void @empty_13, void @empty_5, i32 0, i32 0, i32 0, i32 0, void @empty_5, void @empty_5, i32 4294967295, i32 0"   --->   Operation 80 'specinterface' 'specinterface_ln0' <Predicate = true> <Delay = 0.00>
ST_8 : Operation 81 [1/1] (0.00ns)   --->   "%specinterface_ln0 = specinterface void @_ssdm_op_SpecInterface, i32 %convHeight, void @empty_0, i32 0, i32 0, void @empty_5, i32 0, i32 0, void @empty_5, void @empty_5, void @empty_5, i32 0, i32 0, i32 0, i32 0, void @empty_5, void @empty_5, i32 4294967295, i32 0"   --->   Operation 81 'specinterface' 'specinterface_ln0' <Predicate = true> <Delay = 0.00>
ST_8 : Operation 82 [1/1] (0.00ns)   --->   "%specinterface_ln0 = specinterface void @_ssdm_op_SpecInterface, i32 0, void @empty_14, i32 0, i32 0, void @empty_5, i32 0, i32 0, void @empty_12, void @empty_5, void @empty_5, i32 0, i32 0, i32 0, i32 0, void @empty_5, void @empty_5, i32 4294967295, i32 0"   --->   Operation 82 'specinterface' 'specinterface_ln0' <Predicate = true> <Delay = 0.00>
ST_8 : Operation 83 [1/1] (2.55ns)   --->   "%sub6 = add i32 %inputWidth_read, i32 4294967294"   --->   Operation 83 'add' 'sub6' <Predicate = true> <Delay = 2.55> <CoreInst = "Adder">   --->   Core 1 'Adder' <Latency = 0> <II = 1> <Delay = 2.55> <FuncUnit> <Opcode : 'add' 'sub'> <InPorts = 2> <OutPorts = 1>
ST_8 : Operation 84 [1/2] (6.91ns)   --->   "%mul_ln20 = mul i32 %convHeight_read, i32 %convWidth_read" [HLS/conv2d.cpp:20]   --->   Operation 84 'mul' 'mul_ln20' <Predicate = true> <Delay = 6.91> <CoreInst = "Multiplier">   --->   Core 3 'Multiplier' <Latency = 1> <II = 1> <Delay = 6.91> <FuncUnit> <Opcode : 'mul'> <InPorts = 2> <OutPorts = 1>
ST_8 : Operation 85 [1/5] (6.97ns)   --->   "%mul_ln3_1 = mul i96 %zext_ln3_2, i96 %zext_ln3_3" [HLS/conv2d.cpp:3]   --->   Operation 85 'mul' 'mul_ln3_1' <Predicate = true> <Delay = 6.97> <CoreInst = "Multiplier">   --->   Core 3 'Multiplier' <Latency = 4> <II = 1> <Delay = 6.97> <FuncUnit> <Opcode : 'mul'> <InPorts = 2> <OutPorts = 1>
ST_8 : Operation 86 [1/2] (6.91ns)   --->   "%mul_ln3_2 = mul i64 %zext_ln3_4, i64 %zext_ln3_5" [HLS/conv2d.cpp:3]   --->   Operation 86 'mul' 'mul_ln3_2' <Predicate = true> <Delay = 6.91> <CoreInst = "Multiplier">   --->   Core 3 'Multiplier' <Latency = 1> <II = 1> <Delay = 6.91> <FuncUnit> <Opcode : 'mul'> <InPorts = 2> <OutPorts = 1>
ST_8 : Operation 87 [1/1] (2.47ns)   --->   "%icmp_ln27 = icmp_eq  i32 %convWidth_read, i32 0" [HLS/conv2d.cpp:27]   --->   Operation 87 'icmp' 'icmp_ln27' <Predicate = true> <Delay = 2.47> <CoreInst = "Cmp">   --->   Core 9 'Cmp' <Latency = 0> <II = 1> <Delay = 2.47> <FuncUnit> <Opcode : 'icmp'> <InPorts = 2> <OutPorts = 1>
ST_8 : Operation 88 [1/1] (0.00ns)   --->   "%br_ln20 = br void %VITIS_LOOP_22_3" [HLS/conv2d.cpp:20]   --->   Operation 88 'br' 'br_ln20' <Predicate = true> <Delay = 0.00>

State 9 <SV = 8> <Delay = 3.52>
ST_9 : Operation 89 [1/1] (0.00ns)   --->   "%indvar_flatten106_load = load i64 %indvar_flatten106" [HLS/conv2d.cpp:20]   --->   Operation 89 'load' 'indvar_flatten106_load' <Predicate = true> <Delay = 0.00>
ST_9 : Operation 90 [1/1] (2.77ns)   --->   "%icmp_ln20 = icmp_eq  i64 %indvar_flatten106_load, i64 %mul_ln3_2" [HLS/conv2d.cpp:20]   --->   Operation 90 'icmp' 'icmp_ln20' <Predicate = true> <Delay = 2.77> <CoreInst = "Cmp">   --->   Core 9 'Cmp' <Latency = 0> <II = 1> <Delay = 2.77> <FuncUnit> <Opcode : 'icmp'> <InPorts = 2> <OutPorts = 1>
ST_9 : Operation 91 [1/1] (3.52ns)   --->   "%add_ln20 = add i64 %indvar_flatten106_load, i64 1" [HLS/conv2d.cpp:20]   --->   Operation 91 'add' 'add_ln20' <Predicate = true> <Delay = 3.52> <CoreInst = "Adder">   --->   Core 1 'Adder' <Latency = 0> <II = 1> <Delay = 3.52> <FuncUnit> <Opcode : 'add' 'sub'> <InPorts = 2> <OutPorts = 1>
ST_9 : Operation 92 [1/1] (0.00ns)   --->   "%br_ln20 = br i1 %icmp_ln20, void %for.inc68.loopexit, void %for.end70.loopexit" [HLS/conv2d.cpp:20]   --->   Operation 92 'br' 'br_ln20' <Predicate = true> <Delay = 0.00>
ST_9 : Operation 93 [1/1] (0.00ns)   --->   "%y_load = load i32 %y" [HLS/conv2d.cpp:21]   --->   Operation 93 'load' 'y_load' <Predicate = (!icmp_ln20)> <Delay = 0.00>
ST_9 : Operation 94 [1/1] (0.00ns)   --->   "%iFilter_load = load i32 %iFilter" [HLS/conv2d.cpp:20]   --->   Operation 94 'load' 'iFilter_load' <Predicate = (!icmp_ln20)> <Delay = 0.00>
ST_9 : Operation 95 [1/1] (2.47ns)   --->   "%icmp_ln21 = icmp_eq  i32 %y_load, i32 %sub" [HLS/conv2d.cpp:21]   --->   Operation 95 'icmp' 'icmp_ln21' <Predicate = (!icmp_ln20)> <Delay = 2.47> <CoreInst = "Cmp">   --->   Core 9 'Cmp' <Latency = 0> <II = 1> <Delay = 2.47> <FuncUnit> <Opcode : 'icmp'> <InPorts = 2> <OutPorts = 1>
ST_9 : Operation 96 [1/1] (0.69ns)   --->   "%select_ln20 = select i1 %icmp_ln21, i32 0, i32 %y_load" [HLS/conv2d.cpp:20]   --->   Operation 96 'select' 'select_ln20' <Predicate = (!icmp_ln20)> <Delay = 0.69> <CoreInst = "Sel">   --->   Core 73 'Sel' <Latency = 0> <II = 1> <Delay = 0.69> <FuncUnit> <Opcode : 'select'> <InPorts = 3> <OutPorts = 1>
ST_9 : Operation 97 [1/1] (2.55ns)   --->   "%add_ln20_1 = add i32 %iFilter_load, i32 1" [HLS/conv2d.cpp:20]   --->   Operation 97 'add' 'add_ln20_1' <Predicate = (!icmp_ln20)> <Delay = 2.55> <CoreInst = "Adder">   --->   Core 1 'Adder' <Latency = 0> <II = 1> <Delay = 2.55> <FuncUnit> <Opcode : 'add' 'sub'> <InPorts = 2> <OutPorts = 1>
ST_9 : Operation 98 [1/1] (0.69ns)   --->   "%select_ln20_1 = select i1 %icmp_ln21, i32 %add_ln20_1, i32 %iFilter_load" [HLS/conv2d.cpp:20]   --->   Operation 98 'select' 'select_ln20_1' <Predicate = (!icmp_ln20)> <Delay = 0.69> <CoreInst = "Sel">   --->   Core 73 'Sel' <Latency = 0> <II = 1> <Delay = 0.69> <FuncUnit> <Opcode : 'select'> <InPorts = 3> <OutPorts = 1>
ST_9 : Operation 99 [1/1] (0.00ns)   --->   "%ret_ln41 = ret" [HLS/conv2d.cpp:41]   --->   Operation 99 'ret' 'ret_ln41' <Predicate = (icmp_ln20)> <Delay = 0.00>

State 10 <SV = 9> <Delay = 6.91>
ST_10 : Operation 100 [2/2] (6.91ns)   --->   "%mul_ln20_1 = mul i32 %sub6, i32 %select_ln20_1" [HLS/conv2d.cpp:20]   --->   Operation 100 'mul' 'mul_ln20_1' <Predicate = true> <Delay = 6.91> <CoreInst = "Multiplier">   --->   Core 3 'Multiplier' <Latency = 1> <II = 1> <Delay = 6.91> <FuncUnit> <Opcode : 'mul'> <InPorts = 2> <OutPorts = 1>

State 11 <SV = 10> <Delay = 6.91>
ST_11 : Operation 101 [1/2] (6.91ns)   --->   "%mul_ln20_1 = mul i32 %sub6, i32 %select_ln20_1" [HLS/conv2d.cpp:20]   --->   Operation 101 'mul' 'mul_ln20_1' <Predicate = true> <Delay = 6.91> <CoreInst = "Multiplier">   --->   Core 3 'Multiplier' <Latency = 1> <II = 1> <Delay = 6.91> <FuncUnit> <Opcode : 'mul'> <InPorts = 2> <OutPorts = 1>

State 12 <SV = 11> <Delay = 6.91>
ST_12 : Operation 102 [2/2] (6.91ns)   --->   "%mul_ln20_2 = mul i32 %mul_ln20_1, i32 %sub" [HLS/conv2d.cpp:20]   --->   Operation 102 'mul' 'mul_ln20_2' <Predicate = true> <Delay = 6.91> <CoreInst = "Multiplier">   --->   Core 3 'Multiplier' <Latency = 1> <II = 1> <Delay = 6.91> <FuncUnit> <Opcode : 'mul'> <InPorts = 2> <OutPorts = 1>
ST_12 : Operation 103 [2/2] (6.91ns)   --->   "%mul_ln20_3 = mul i32 %select_ln20_1, i32 %numChannels_read" [HLS/conv2d.cpp:20]   --->   Operation 103 'mul' 'mul_ln20_3' <Predicate = true> <Delay = 6.91> <CoreInst = "Multiplier">   --->   Core 3 'Multiplier' <Latency = 1> <II = 1> <Delay = 6.91> <FuncUnit> <Opcode : 'mul'> <InPorts = 2> <OutPorts = 1>
ST_12 : Operation 104 [2/2] (6.91ns)   --->   "%empty_40 = mul i32 %select_ln20, i32 %sub6" [HLS/conv2d.cpp:20]   --->   Operation 104 'mul' 'empty_40' <Predicate = true> <Delay = 6.91> <CoreInst = "Multiplier">   --->   Core 3 'Multiplier' <Latency = 1> <II = 1> <Delay = 6.91> <FuncUnit> <Opcode : 'mul'> <InPorts = 2> <OutPorts = 1>

State 13 <SV = 12> <Delay = 6.91>
ST_13 : Operation 105 [1/2] (6.91ns)   --->   "%mul_ln20_2 = mul i32 %mul_ln20_1, i32 %sub" [HLS/conv2d.cpp:20]   --->   Operation 105 'mul' 'mul_ln20_2' <Predicate = true> <Delay = 6.91> <CoreInst = "Multiplier">   --->   Core 3 'Multiplier' <Latency = 1> <II = 1> <Delay = 6.91> <FuncUnit> <Opcode : 'mul'> <InPorts = 2> <OutPorts = 1>
ST_13 : Operation 106 [1/2] (6.91ns)   --->   "%mul_ln20_3 = mul i32 %select_ln20_1, i32 %numChannels_read" [HLS/conv2d.cpp:20]   --->   Operation 106 'mul' 'mul_ln20_3' <Predicate = true> <Delay = 6.91> <CoreInst = "Multiplier">   --->   Core 3 'Multiplier' <Latency = 1> <II = 1> <Delay = 6.91> <FuncUnit> <Opcode : 'mul'> <InPorts = 2> <OutPorts = 1>
ST_13 : Operation 107 [1/2] (6.91ns)   --->   "%empty_40 = mul i32 %select_ln20, i32 %sub6" [HLS/conv2d.cpp:20]   --->   Operation 107 'mul' 'empty_40' <Predicate = true> <Delay = 6.91> <CoreInst = "Multiplier">   --->   Core 3 'Multiplier' <Latency = 1> <II = 1> <Delay = 6.91> <FuncUnit> <Opcode : 'mul'> <InPorts = 2> <OutPorts = 1>

State 14 <SV = 13> <Delay = 6.91>
ST_14 : Operation 108 [1/1] (0.00ns)   --->   "%zext_ln20 = zext i32 %mul_ln20_2" [HLS/conv2d.cpp:20]   --->   Operation 108 'zext' 'zext_ln20' <Predicate = true> <Delay = 0.00>
ST_14 : Operation 109 [2/2] (6.91ns)   --->   "%mul_ln20_4 = mul i32 %mul_ln20_3, i32 %mul_ln20" [HLS/conv2d.cpp:20]   --->   Operation 109 'mul' 'mul_ln20_4' <Predicate = true> <Delay = 6.91> <CoreInst = "Multiplier">   --->   Core 3 'Multiplier' <Latency = 1> <II = 1> <Delay = 6.91> <FuncUnit> <Opcode : 'mul'> <InPorts = 2> <OutPorts = 1>
ST_14 : Operation 110 [1/1] (0.00ns)   --->   "%p_cast = zext i32 %empty_40" [HLS/conv2d.cpp:20]   --->   Operation 110 'zext' 'p_cast' <Predicate = true> <Delay = 0.00>
ST_14 : Operation 111 [1/1] (2.55ns)   --->   "%empty_41 = add i33 %p_cast, i33 %zext_ln20" [HLS/conv2d.cpp:20]   --->   Operation 111 'add' 'empty_41' <Predicate = true> <Delay = 2.55> <CoreInst = "Adder">   --->   Core 1 'Adder' <Latency = 0> <II = 1> <Delay = 2.59> <FuncUnit> <Opcode : 'add' 'sub'> <InPorts = 2> <OutPorts = 1>
ST_14 : Operation 112 [1/1] (0.00ns)   --->   "%tmp = bitconcatenate i35 @_ssdm_op_BitConcatenate.i35.i33.i2, i33 %empty_41, i2 0" [HLS/conv2d.cpp:20]   --->   Operation 112 'bitconcatenate' 'tmp' <Predicate = true> <Delay = 0.00>
ST_14 : Operation 113 [1/1] (0.00ns)   --->   "%p_cast14 = zext i35 %tmp" [HLS/conv2d.cpp:20]   --->   Operation 113 'zext' 'p_cast14' <Predicate = true> <Delay = 0.00>
ST_14 : Operation 114 [1/1] (3.52ns)   --->   "%empty_42 = add i64 %p_cast14, i64 %output_r_read" [HLS/conv2d.cpp:20]   --->   Operation 114 'add' 'empty_42' <Predicate = true> <Delay = 3.52> <CoreInst = "Adder">   --->   Core 1 'Adder' <Latency = 0> <II = 1> <Delay = 3.52> <FuncUnit> <Opcode : 'add' 'sub'> <InPorts = 2> <OutPorts = 1>
ST_14 : Operation 115 [1/1] (0.00ns)   --->   "%trunc_ln = partselect i62 @_ssdm_op_PartSelect.i62.i64.i32.i32, i64 %empty_42, i32 2, i32 63" [HLS/conv2d.cpp:22]   --->   Operation 115 'partselect' 'trunc_ln' <Predicate = true> <Delay = 0.00>
ST_14 : Operation 116 [1/1] (0.00ns)   --->   "%sext_ln22 = sext i62 %trunc_ln" [HLS/conv2d.cpp:22]   --->   Operation 116 'sext' 'sext_ln22' <Predicate = true> <Delay = 0.00>
ST_14 : Operation 117 [1/1] (0.00ns)   --->   "%gmem_addr = getelementptr i32 %gmem, i64 %sext_ln22" [HLS/conv2d.cpp:22]   --->   Operation 117 'getelementptr' 'gmem_addr' <Predicate = true> <Delay = 0.00>
ST_14 : Operation 118 [2/2] (6.91ns)   --->   "%p_mid143 = mul i32 %select_ln20, i32 %inputWidth_read" [HLS/conv2d.cpp:20]   --->   Operation 118 'mul' 'p_mid143' <Predicate = true> <Delay = 6.91> <CoreInst = "Multiplier">   --->   Core 3 'Multiplier' <Latency = 1> <II = 1> <Delay = 6.91> <FuncUnit> <Opcode : 'mul'> <InPorts = 2> <OutPorts = 1>

State 15 <SV = 14> <Delay = 7.30>
ST_15 : Operation 119 [1/1] (0.00ns)   --->   "%specloopname_ln0 = specloopname void @_ssdm_op_SpecLoopName, void @VITIS_LOOP_20_1_VITIS_LOOP_21_2_str"   --->   Operation 119 'specloopname' 'specloopname_ln0' <Predicate = true> <Delay = 0.00>
ST_15 : Operation 120 [1/2] (6.91ns)   --->   "%mul_ln20_4 = mul i32 %mul_ln20_3, i32 %mul_ln20" [HLS/conv2d.cpp:20]   --->   Operation 120 'mul' 'mul_ln20_4' <Predicate = true> <Delay = 6.91> <CoreInst = "Multiplier">   --->   Core 3 'Multiplier' <Latency = 1> <II = 1> <Delay = 6.91> <FuncUnit> <Opcode : 'mul'> <InPorts = 2> <OutPorts = 1>
ST_15 : Operation 121 [1/1] (0.00ns)   --->   "%specloopname_ln21 = specloopname void @_ssdm_op_SpecLoopName, void @empty_7" [HLS/conv2d.cpp:21]   --->   Operation 121 'specloopname' 'specloopname_ln21' <Predicate = true> <Delay = 0.00>
ST_15 : Operation 122 [1/1] (7.30ns)   --->   "%empty_43 = writereq i1 @_ssdm_op_WriteReq.m_axi.p1i32, i64 %gmem_addr, i32 %sub6" [HLS/conv2d.cpp:22]   --->   Operation 122 'writereq' 'empty_43' <Predicate = true> <Delay = 7.30> <CoreInst = "m_axi">   --->   Core 113 'm_axi' <Latency = 0> <II = 1> <Delay = 1.00> <Adapter> <Opcode : 'read' 'write' 'readreq' 'writereq' 'writeresp'>
ST_15 : Operation 123 [1/2] (6.91ns)   --->   "%p_mid143 = mul i32 %select_ln20, i32 %inputWidth_read" [HLS/conv2d.cpp:20]   --->   Operation 123 'mul' 'p_mid143' <Predicate = true> <Delay = 6.91> <CoreInst = "Multiplier">   --->   Core 3 'Multiplier' <Latency = 1> <II = 1> <Delay = 6.91> <FuncUnit> <Opcode : 'mul'> <InPorts = 2> <OutPorts = 1>
ST_15 : Operation 124 [1/1] (1.58ns)   --->   "%br_ln22 = br void %VITIS_LOOP_25_4" [HLS/conv2d.cpp:22]   --->   Operation 124 'br' 'br_ln22' <Predicate = true> <Delay = 1.58>

State 16 <SV = 15> <Delay = 4.14>
ST_16 : Operation 125 [1/1] (0.00ns)   --->   "%x = phi i32 %add_ln22, void %VITIS_LOOP_25_4.split, i32 0, void %for.inc68.loopexit" [HLS/conv2d.cpp:22]   --->   Operation 125 'phi' 'x' <Predicate = true> <Delay = 0.00>
ST_16 : Operation 126 [1/1] (2.47ns)   --->   "%icmp_ln22 = icmp_eq  i32 %x, i32 %sub6" [HLS/conv2d.cpp:22]   --->   Operation 126 'icmp' 'icmp_ln22' <Predicate = true> <Delay = 2.47> <CoreInst = "Cmp">   --->   Core 9 'Cmp' <Latency = 0> <II = 1> <Delay = 2.47> <FuncUnit> <Opcode : 'icmp'> <InPorts = 2> <OutPorts = 1>
ST_16 : Operation 127 [1/1] (2.55ns)   --->   "%add_ln22 = add i32 %x, i32 1" [HLS/conv2d.cpp:22]   --->   Operation 127 'add' 'add_ln22' <Predicate = true> <Delay = 2.55> <CoreInst = "Adder">   --->   Core 1 'Adder' <Latency = 0> <II = 1> <Delay = 2.55> <FuncUnit> <Opcode : 'add' 'sub'> <InPorts = 2> <OutPorts = 1>
ST_16 : Operation 128 [1/1] (0.00ns)   --->   "%br_ln22 = br i1 %icmp_ln22, void %VITIS_LOOP_25_4.split, void %for.inc65.loopexit" [HLS/conv2d.cpp:22]   --->   Operation 128 'br' 'br_ln22' <Predicate = true> <Delay = 0.00>
ST_16 : Operation 129 [2/2] (0.00ns)   --->   "%call_ln20 = call void @Conv2D_HW_Pipeline_VITIS_LOOP_25_4_VITIS_LOOP_26_5_VITIS_LOOP_27_6, i32 %gmem, i32 %inputWidth_read, i32 %inputHeight_read, i32 %mul_ln20, i32 %select_ln20, i32 %convWidth_read, i32 %mul_ln20_4, i96 %mul_ln3_1, i64 %mul_ln3, i32 %p_mid143, i32 %mul_ln20_4, i1 %icmp_ln27, i64 %coeffs_read, i32 %x, i64 %input_r_read, i32 %acc_loc" [HLS/conv2d.cpp:20]   --->   Operation 129 'call' 'call_ln20' <Predicate = (!icmp_ln22)> <Delay = 0.00> <CoreType = "Generic">   --->   Core 0 '' <Latency = 0> <II = 1> <Delay = 1.00> <Generic> <Opcode : >
ST_16 : Operation 130 [1/1] (2.55ns)   --->   "%add_ln21 = add i32 %select_ln20, i32 1" [HLS/conv2d.cpp:21]   --->   Operation 130 'add' 'add_ln21' <Predicate = (icmp_ln22)> <Delay = 2.55> <CoreInst = "Adder">   --->   Core 1 'Adder' <Latency = 0> <II = 1> <Delay = 2.55> <FuncUnit> <Opcode : 'add' 'sub'> <InPorts = 2> <OutPorts = 1>
ST_16 : Operation 131 [1/1] (1.58ns)   --->   "%store_ln21 = store i64 %add_ln20, i64 %indvar_flatten106" [HLS/conv2d.cpp:21]   --->   Operation 131 'store' 'store_ln21' <Predicate = (icmp_ln22)> <Delay = 1.58>
ST_16 : Operation 132 [1/1] (1.58ns)   --->   "%store_ln21 = store i32 %select_ln20_1, i32 %iFilter" [HLS/conv2d.cpp:21]   --->   Operation 132 'store' 'store_ln21' <Predicate = (icmp_ln22)> <Delay = 1.58>
ST_16 : Operation 133 [1/1] (1.58ns)   --->   "%store_ln21 = store i32 %add_ln21, i32 %y" [HLS/conv2d.cpp:21]   --->   Operation 133 'store' 'store_ln21' <Predicate = (icmp_ln22)> <Delay = 1.58>

State 17 <SV = 16> <Delay = 0.00>
ST_17 : Operation 134 [1/2] (0.00ns)   --->   "%call_ln20 = call void @Conv2D_HW_Pipeline_VITIS_LOOP_25_4_VITIS_LOOP_26_5_VITIS_LOOP_27_6, i32 %gmem, i32 %inputWidth_read, i32 %inputHeight_read, i32 %mul_ln20, i32 %select_ln20, i32 %convWidth_read, i32 %mul_ln20_4, i96 %mul_ln3_1, i64 %mul_ln3, i32 %p_mid143, i32 %mul_ln20_4, i1 %icmp_ln27, i64 %coeffs_read, i32 %x, i64 %input_r_read, i32 %acc_loc" [HLS/conv2d.cpp:20]   --->   Operation 134 'call' 'call_ln20' <Predicate = true> <Delay = 0.00> <CoreType = "Generic">   --->   Core 0 '' <Latency = 0> <II = 1> <Delay = 1.00> <Generic> <Opcode : >

State 18 <SV = 17> <Delay = 7.30>
ST_18 : Operation 135 [1/1] (0.00ns)   --->   "%specloopname_ln22 = specloopname void @_ssdm_op_SpecLoopName, void @empty_19" [HLS/conv2d.cpp:22]   --->   Operation 135 'specloopname' 'specloopname_ln22' <Predicate = true> <Delay = 0.00>
ST_18 : Operation 136 [1/1] (0.00ns)   --->   "%acc_loc_load = load i32 %acc_loc"   --->   Operation 136 'load' 'acc_loc_load' <Predicate = true> <Delay = 0.00>
ST_18 : Operation 137 [1/1] (7.30ns)   --->   "%write_ln37 = write void @_ssdm_op_Write.m_axi.p1i32, i64 %gmem_addr, i32 %acc_loc_load, i4 15" [HLS/conv2d.cpp:37]   --->   Operation 137 'write' 'write_ln37' <Predicate = true> <Delay = 7.30> <CoreInst = "m_axi">   --->   Core 113 'm_axi' <Latency = 0> <II = 1> <Delay = 1.00> <Adapter> <Opcode : 'read' 'write' 'readreq' 'writereq' 'writeresp'>
ST_18 : Operation 138 [1/1] (0.00ns)   --->   "%br_ln22 = br void %VITIS_LOOP_25_4" [HLS/conv2d.cpp:22]   --->   Operation 138 'br' 'br_ln22' <Predicate = true> <Delay = 0.00>

State 19 <SV = 16> <Delay = 7.30>
ST_19 : Operation 139 [5/5] (7.30ns)   --->   "%empty = writeresp i1 @_ssdm_op_WriteResp.m_axi.p1i32, i64 %gmem_addr" [HLS/conv2d.cpp:21]   --->   Operation 139 'writeresp' 'empty' <Predicate = true> <Delay = 7.30> <CoreInst = "m_axi">   --->   Core 113 'm_axi' <Latency = 0> <II = 1> <Delay = 1.00> <Adapter> <Opcode : 'read' 'write' 'readreq' 'writereq' 'writeresp'>

State 20 <SV = 17> <Delay = 7.30>
ST_20 : Operation 140 [4/5] (7.30ns)   --->   "%empty = writeresp i1 @_ssdm_op_WriteResp.m_axi.p1i32, i64 %gmem_addr" [HLS/conv2d.cpp:21]   --->   Operation 140 'writeresp' 'empty' <Predicate = true> <Delay = 7.30> <CoreInst = "m_axi">   --->   Core 113 'm_axi' <Latency = 0> <II = 1> <Delay = 1.00> <Adapter> <Opcode : 'read' 'write' 'readreq' 'writereq' 'writeresp'>

State 21 <SV = 18> <Delay = 7.30>
ST_21 : Operation 141 [3/5] (7.30ns)   --->   "%empty = writeresp i1 @_ssdm_op_WriteResp.m_axi.p1i32, i64 %gmem_addr" [HLS/conv2d.cpp:21]   --->   Operation 141 'writeresp' 'empty' <Predicate = true> <Delay = 7.30> <CoreInst = "m_axi">   --->   Core 113 'm_axi' <Latency = 0> <II = 1> <Delay = 1.00> <Adapter> <Opcode : 'read' 'write' 'readreq' 'writereq' 'writeresp'>

State 22 <SV = 19> <Delay = 7.30>
ST_22 : Operation 142 [2/5] (7.30ns)   --->   "%empty = writeresp i1 @_ssdm_op_WriteResp.m_axi.p1i32, i64 %gmem_addr" [HLS/conv2d.cpp:21]   --->   Operation 142 'writeresp' 'empty' <Predicate = true> <Delay = 7.30> <CoreInst = "m_axi">   --->   Core 113 'm_axi' <Latency = 0> <II = 1> <Delay = 1.00> <Adapter> <Opcode : 'read' 'write' 'readreq' 'writereq' 'writeresp'>

State 23 <SV = 20> <Delay = 7.30>
ST_23 : Operation 143 [1/5] (7.30ns)   --->   "%empty = writeresp i1 @_ssdm_op_WriteResp.m_axi.p1i32, i64 %gmem_addr" [HLS/conv2d.cpp:21]   --->   Operation 143 'writeresp' 'empty' <Predicate = true> <Delay = 7.30> <CoreInst = "m_axi">   --->   Core 113 'm_axi' <Latency = 0> <II = 1> <Delay = 1.00> <Adapter> <Opcode : 'read' 'write' 'readreq' 'writereq' 'writeresp'>
ST_23 : Operation 144 [1/1] (0.00ns)   --->   "%br_ln21 = br void %VITIS_LOOP_22_3" [HLS/conv2d.cpp:21]   --->   Operation 144 'br' 'br_ln21' <Predicate = true> <Delay = 0.00>


============================================================
+ Verbose Summary: Binding
============================================================
STG Binding: 
---------------- STG Properties BEGIN ----------------
- Is combinational: 0
- Is one-state seq: 0
- Is datapath-only: 0
- Is pipelined: 0
- Is top level: 1
Port [ Return ] is wired: 1; IO mode=ap_ctrl_hs:ce=0
Port [ gmem]:  wired=1; compound=1; hidden=0; nouse=0; global=0; static=0; extern=0; dir=2; type=4; pingpong=0; private_global=0; IO mode=m_axi:ce=0
Port [ input_r]:  wired=1; compound=0; hidden=0; nouse=0; global=0; static=0; extern=0; dir=0; type=0; pingpong=0; private_global=0; IO mode=ap_none:ce=0
Port [ output_r]:  wired=1; compound=0; hidden=0; nouse=0; global=0; static=0; extern=0; dir=0; type=0; pingpong=0; private_global=0; IO mode=ap_none:ce=0
Port [ coeffs]:  wired=1; compound=0; hidden=0; nouse=0; global=0; static=0; extern=0; dir=0; type=0; pingpong=0; private_global=0; IO mode=ap_none:ce=0
Port [ numChannels]:  wired=1; compound=0; hidden=0; nouse=0; global=0; static=0; extern=0; dir=0; type=0; pingpong=0; private_global=0; IO mode=ap_none:ce=0
Port [ numFilters]:  wired=1; compound=0; hidden=0; nouse=0; global=0; static=0; extern=0; dir=0; type=0; pingpong=0; private_global=0; IO mode=ap_none:ce=0
Port [ inputWidth]:  wired=1; compound=0; hidden=0; nouse=0; global=0; static=0; extern=0; dir=0; type=0; pingpong=0; private_global=0; IO mode=ap_none:ce=0
Port [ inputHeight]:  wired=1; compound=0; hidden=0; nouse=0; global=0; static=0; extern=0; dir=0; type=0; pingpong=0; private_global=0; IO mode=ap_none:ce=0
Port [ convWidth]:  wired=1; compound=0; hidden=0; nouse=0; global=0; static=0; extern=0; dir=0; type=0; pingpong=0; private_global=0; IO mode=ap_none:ce=0
Port [ convHeight]:  wired=1; compound=0; hidden=0; nouse=0; global=0; static=0; extern=0; dir=0; type=0; pingpong=0; private_global=0; IO mode=ap_none:ce=0
---------------- STG Properties END ------------------

---------------- Datapath Model BEGIN ----------------

<LifeTime>
<method=bitvector/>
y                      (alloca        ) [ 011111111111111111111111]
iFilter                (alloca        ) [ 011111111111111111111111]
indvar_flatten106      (alloca        ) [ 011111111111111111111111]
convHeight_read        (read          ) [ 001111111000000000000000]
convWidth_read         (read          ) [ 001111111111111111111111]
inputHeight_read       (read          ) [ 001111111111111111111111]
inputWidth_read        (read          ) [ 001111111111111111111111]
numFilters_read        (read          ) [ 001111110000000000000000]
numChannels_read       (read          ) [ 001111111111111111111111]
coeffs_read            (read          ) [ 001111111111111111111111]
output_r_read          (read          ) [ 001111111111111111111111]
input_r_read           (read          ) [ 001111111111111111111111]
acc_loc                (alloca        ) [ 001111111111111111111111]
store_ln20             (store         ) [ 000000000000000000000000]
store_ln20             (store         ) [ 000000000000000000000000]
store_ln20             (store         ) [ 000000000000000000000000]
zext_ln3               (zext          ) [ 000100000000000000000000]
zext_ln3_1             (zext          ) [ 000100000000000000000000]
mul_ln3                (mul           ) [ 000011111111111111111111]
zext_ln3_2             (zext          ) [ 000001111000000000000000]
zext_ln3_3             (zext          ) [ 000001111000000000000000]
sub                    (add           ) [ 000000011111111111111111]
zext_ln3_4             (zext          ) [ 000000001000000000000000]
zext_ln3_5             (zext          ) [ 000000001000000000000000]
spectopmodule_ln3      (spectopmodule ) [ 000000000000000000000000]
specinterface_ln0      (specinterface ) [ 000000000000000000000000]
specbitsmap_ln0        (specbitsmap   ) [ 000000000000000000000000]
specinterface_ln0      (specinterface ) [ 000000000000000000000000]
specinterface_ln0      (specinterface ) [ 000000000000000000000000]
specinterface_ln0      (specinterface ) [ 000000000000000000000000]
specinterface_ln0      (specinterface ) [ 000000000000000000000000]
specinterface_ln0      (specinterface ) [ 000000000000000000000000]
specinterface_ln0      (specinterface ) [ 000000000000000000000000]
specbitsmap_ln0        (specbitsmap   ) [ 000000000000000000000000]
specinterface_ln0      (specinterface ) [ 000000000000000000000000]
specinterface_ln0      (specinterface ) [ 000000000000000000000000]
specbitsmap_ln0        (specbitsmap   ) [ 000000000000000000000000]
specinterface_ln0      (specinterface ) [ 000000000000000000000000]
specinterface_ln0      (specinterface ) [ 000000000000000000000000]
specbitsmap_ln0        (specbitsmap   ) [ 000000000000000000000000]
specinterface_ln0      (specinterface ) [ 000000000000000000000000]
specinterface_ln0      (specinterface ) [ 000000000000000000000000]
specbitsmap_ln0        (specbitsmap   ) [ 000000000000000000000000]
specinterface_ln0      (specinterface ) [ 000000000000000000000000]
specinterface_ln0      (specinterface ) [ 000000000000000000000000]
specbitsmap_ln0        (specbitsmap   ) [ 000000000000000000000000]
specinterface_ln0      (specinterface ) [ 000000000000000000000000]
specinterface_ln0      (specinterface ) [ 000000000000000000000000]
specbitsmap_ln0        (specbitsmap   ) [ 000000000000000000000000]
specinterface_ln0      (specinterface ) [ 000000000000000000000000]
specinterface_ln0      (specinterface ) [ 000000000000000000000000]
specinterface_ln0      (specinterface ) [ 000000000000000000000000]
sub6                   (add           ) [ 000000000111111111111111]
mul_ln20               (mul           ) [ 000000000111111111111111]
mul_ln3_1              (mul           ) [ 000000000111111111111111]
mul_ln3_2              (mul           ) [ 000000000111111111111111]
icmp_ln27              (icmp          ) [ 000000000111111111111111]
br_ln20                (br            ) [ 000000000000000000000000]
indvar_flatten106_load (load          ) [ 000000000000000000000000]
icmp_ln20              (icmp          ) [ 000000000111111111111111]
add_ln20               (add           ) [ 000000000011111111100000]
br_ln20                (br            ) [ 000000000000000000000000]
y_load                 (load          ) [ 000000000000000000000000]
iFilter_load           (load          ) [ 000000000000000000000000]
icmp_ln21              (icmp          ) [ 000000000000000000000000]
select_ln20            (select        ) [ 000000000011111111100000]
add_ln20_1             (add           ) [ 000000000000000000000000]
select_ln20_1          (select        ) [ 000000000011111111100000]
ret_ln41               (ret           ) [ 000000000000000000000000]
mul_ln20_1             (mul           ) [ 000000000000110000000000]
mul_ln20_2             (mul           ) [ 000000000000001000000000]
mul_ln20_3             (mul           ) [ 000000000000001100000000]
empty_40               (mul           ) [ 000000000000001000000000]
zext_ln20              (zext          ) [ 000000000000000000000000]
p_cast                 (zext          ) [ 000000000000000000000000]
empty_41               (add           ) [ 000000000000000000000000]
tmp                    (bitconcatenate) [ 000000000000000000000000]
p_cast14               (zext          ) [ 000000000000000000000000]
empty_42               (add           ) [ 000000000000000000000000]
trunc_ln               (partselect    ) [ 000000000000000000000000]
sext_ln22              (sext          ) [ 000000000000000000000000]
gmem_addr              (getelementptr ) [ 000000000000000111111111]
specloopname_ln0       (specloopname  ) [ 000000000000000000000000]
mul_ln20_4             (mul           ) [ 000000000000000011100000]
specloopname_ln21      (specloopname  ) [ 000000000000000000000000]
empty_43               (writereq      ) [ 000000000000000000000000]
p_mid143               (mul           ) [ 000000000000000011100000]
br_ln22                (br            ) [ 000000000111111111111111]
x                      (phi           ) [ 000000000000000011000000]
icmp_ln22              (icmp          ) [ 000000000111111111111111]
add_ln22               (add           ) [ 000000000111111111111111]
br_ln22                (br            ) [ 000000000000000000000000]
add_ln21               (add           ) [ 000000000000000000000000]
store_ln21             (store         ) [ 000000000000000000000000]
store_ln21             (store         ) [ 000000000000000000000000]
store_ln21             (store         ) [ 000000000000000000000000]
call_ln20              (call          ) [ 000000000000000000000000]
specloopname_ln22      (specloopname  ) [ 000000000000000000000000]
acc_loc_load           (load          ) [ 000000000000000000000000]
write_ln37             (write         ) [ 000000000000000000000000]
br_ln22                (br            ) [ 000000000111111111111111]
empty                  (writeresp     ) [ 000000000000000000000000]
br_ln21                (br            ) [ 000000000000000000000000]
</LifeTime>

<model>

<comp_list>
<comp id="0" class="1000" name="gmem">
<pin_list>
<pin id="1" dir="1" index="0" bw="1" slack="0"/>
</pin_list>
<bind>
<StgValue><ssdm name="gmem"/></StgValue>
</bind>
</comp>

<comp id="2" class="1000" name="input_r">
<pin_list>
<pin id="3" dir="1" index="0" bw="1" slack="0"/>
</pin_list>
<bind>
<StgValue><ssdm name="input_r"/></StgValue>
</bind>
</comp>

<comp id="4" class="1000" name="output_r">
<pin_list>
<pin id="5" dir="1" index="0" bw="1" slack="0"/>
</pin_list>
<bind>
<StgValue><ssdm name="output_r"/></StgValue>
</bind>
</comp>

<comp id="6" class="1000" name="coeffs">
<pin_list>
<pin id="7" dir="1" index="0" bw="1" slack="0"/>
</pin_list>
<bind>
<StgValue><ssdm name="coeffs"/></StgValue>
</bind>
</comp>

<comp id="8" class="1000" name="numChannels">
<pin_list>
<pin id="9" dir="1" index="0" bw="1" slack="0"/>
</pin_list>
<bind>
<StgValue><ssdm name="numChannels"/></StgValue>
</bind>
</comp>

<comp id="10" class="1000" name="numFilters">
<pin_list>
<pin id="11" dir="1" index="0" bw="1" slack="0"/>
</pin_list>
<bind>
<StgValue><ssdm name="numFilters"/></StgValue>
</bind>
</comp>

<comp id="12" class="1000" name="inputWidth">
<pin_list>
<pin id="13" dir="1" index="0" bw="1" slack="0"/>
</pin_list>
<bind>
<StgValue><ssdm name="inputWidth"/></StgValue>
</bind>
</comp>

<comp id="14" class="1000" name="inputHeight">
<pin_list>
<pin id="15" dir="1" index="0" bw="1" slack="0"/>
</pin_list>
<bind>
<StgValue><ssdm name="inputHeight"/></StgValue>
</bind>
</comp>

<comp id="16" class="1000" name="convWidth">
<pin_list>
<pin id="17" dir="1" index="0" bw="1" slack="0"/>
</pin_list>
<bind>
<StgValue><ssdm name="convWidth"/></StgValue>
</bind>
</comp>

<comp id="18" class="1000" name="convHeight">
<pin_list>
<pin id="19" dir="1" index="0" bw="1" slack="0"/>
</pin_list>
<bind>
<StgValue><ssdm name="convHeight"/></StgValue>
</bind>
</comp>

<comp id="20" class="1001" name="const_20">
<pin_list>
<pin id="21" dir="1" index="0" bw="1" slack="0"/>
</pin_list>
<bind>
<StgValue><ssdm name=""/></StgValue>
</bind>
</comp>

<comp id="22" class="1001" name="const_22">
<pin_list>
<pin id="23" dir="1" index="0" bw="1" slack="0"/>
</pin_list>
<bind>
<StgValue><ssdm name="_ssdm_op_Read.s_axilite.i32"/></StgValue>
</bind>
</comp>

<comp id="24" class="1001" name="const_24">
<pin_list>
<pin id="25" dir="1" index="0" bw="1" slack="0"/>
</pin_list>
<bind>
<StgValue><ssdm name="_ssdm_op_Read.s_axilite.i64"/></StgValue>
</bind>
</comp>

<comp id="26" class="1001" name="const_26">
<pin_list>
<pin id="27" dir="1" index="0" bw="1" slack="0"/>
</pin_list>
<bind>
<StgValue><ssdm name=""/></StgValue>
</bind>
</comp>

<comp id="28" class="1001" name="const_28">
<pin_list>
<pin id="29" dir="1" index="0" bw="1" slack="0"/>
</pin_list>
<bind>
<StgValue><ssdm name=""/></StgValue>
</bind>
</comp>

<comp id="30" class="1001" name="const_30">
<pin_list>
<pin id="31" dir="1" index="0" bw="1" slack="0"/>
</pin_list>
<bind>
<StgValue><ssdm name=""/></StgValue>
</bind>
</comp>

<comp id="32" class="1001" name="const_32">
<pin_list>
<pin id="33" dir="1" index="0" bw="1" slack="0"/>
</pin_list>
<bind>
<StgValue><ssdm name=""/></StgValue>
</bind>
</comp>

<comp id="34" class="1001" name="const_34">
<pin_list>
<pin id="35" dir="1" index="0" bw="1" slack="2147483647"/>
</pin_list>
<bind>
<StgValue><ssdm name="_ssdm_op_SpecTopModule"/></StgValue>
</bind>
</comp>

<comp id="36" class="1001" name="const_36">
<pin_list>
<pin id="37" dir="1" index="0" bw="1" slack="2147483647"/>
</pin_list>
<bind>
<StgValue><ssdm name="empty_15"/></StgValue>
</bind>
</comp>

<comp id="38" class="1001" name="const_38">
<pin_list>
<pin id="39" dir="1" index="0" bw="1" slack="2147483647"/>
</pin_list>
<bind>
<StgValue><ssdm name="_ssdm_op_SpecInterface"/></StgValue>
</bind>
</comp>

<comp id="40" class="1001" name="const_40">
<pin_list>
<pin id="41" dir="1" index="0" bw="1" slack="2147483647"/>
</pin_list>
<bind>
<StgValue><ssdm name="empty_4"/></StgValue>
</bind>
</comp>

<comp id="42" class="1001" name="const_42">
<pin_list>
<pin id="43" dir="1" index="0" bw="1" slack="2147483647"/>
</pin_list>
<bind>
<StgValue><ssdm name="empty_5"/></StgValue>
</bind>
</comp>

<comp id="44" class="1001" name="const_44">
<pin_list>
<pin id="45" dir="1" index="0" bw="1" slack="2147483647"/>
</pin_list>
<bind>
<StgValue><ssdm name="empty_6"/></StgValue>
</bind>
</comp>

<comp id="46" class="1001" name="const_46">
<pin_list>
<pin id="47" dir="1" index="0" bw="1" slack="2147483647"/>
</pin_list>
<bind>
<StgValue><ssdm name="empty_17"/></StgValue>
</bind>
</comp>

<comp id="48" class="1001" name="const_48">
<pin_list>
<pin id="49" dir="1" index="0" bw="1" slack="2147483647"/>
</pin_list>
<bind>
<StgValue><ssdm name=""/></StgValue>
</bind>
</comp>

<comp id="50" class="1001" name="const_50">
<pin_list>
<pin id="51" dir="1" index="0" bw="1" slack="2147483647"/>
</pin_list>
<bind>
<StgValue><ssdm name=""/></StgValue>
</bind>
</comp>

<comp id="52" class="1001" name="const_52">
<pin_list>
<pin id="53" dir="1" index="0" bw="1" slack="2147483647"/>
</pin_list>
<bind>
<StgValue><ssdm name="_ssdm_op_SpecBitsMap"/></StgValue>
</bind>
</comp>

<comp id="54" class="1001" name="const_54">
<pin_list>
<pin id="55" dir="1" index="0" bw="1" slack="2147483647"/>
</pin_list>
<bind>
<StgValue><ssdm name="empty_14"/></StgValue>
</bind>
</comp>

<comp id="56" class="1001" name="const_56">
<pin_list>
<pin id="57" dir="1" index="0" bw="1" slack="2147483647"/>
</pin_list>
<bind>
<StgValue><ssdm name="empty_12"/></StgValue>
</bind>
</comp>

<comp id="58" class="1001" name="const_58">
<pin_list>
<pin id="59" dir="1" index="0" bw="1" slack="2147483647"/>
</pin_list>
<bind>
<StgValue><ssdm name="empty_16"/></StgValue>
</bind>
</comp>

<comp id="60" class="1001" name="const_60">
<pin_list>
<pin id="61" dir="1" index="0" bw="1" slack="2147483647"/>
</pin_list>
<bind>
<StgValue><ssdm name="empty"/></StgValue>
</bind>
</comp>

<comp id="62" class="1001" name="const_62">
<pin_list>
<pin id="63" dir="1" index="0" bw="1" slack="2147483647"/>
</pin_list>
<bind>
<StgValue><ssdm name="empty_0"/></StgValue>
</bind>
</comp>

<comp id="64" class="1001" name="const_64">
<pin_list>
<pin id="65" dir="1" index="0" bw="1" slack="2147483647"/>
</pin_list>
<bind>
<StgValue><ssdm name="empty_1"/></StgValue>
</bind>
</comp>

<comp id="66" class="1001" name="const_66">
<pin_list>
<pin id="67" dir="1" index="0" bw="1" slack="2147483647"/>
</pin_list>
<bind>
<StgValue><ssdm name="empty_2"/></StgValue>
</bind>
</comp>

<comp id="68" class="1001" name="const_68">
<pin_list>
<pin id="69" dir="1" index="0" bw="1" slack="2147483647"/>
</pin_list>
<bind>
<StgValue><ssdm name="empty_3"/></StgValue>
</bind>
</comp>

<comp id="70" class="1001" name="const_70">
<pin_list>
<pin id="71" dir="1" index="0" bw="1" slack="2147483647"/>
</pin_list>
<bind>
<StgValue><ssdm name="empty_8"/></StgValue>
</bind>
</comp>

<comp id="72" class="1001" name="const_72">
<pin_list>
<pin id="73" dir="1" index="0" bw="1" slack="2147483647"/>
</pin_list>
<bind>
<StgValue><ssdm name="empty_9"/></StgValue>
</bind>
</comp>

<comp id="74" class="1001" name="const_74">
<pin_list>
<pin id="75" dir="1" index="0" bw="1" slack="2147483647"/>
</pin_list>
<bind>
<StgValue><ssdm name="empty_10"/></StgValue>
</bind>
</comp>

<comp id="76" class="1001" name="const_76">
<pin_list>
<pin id="77" dir="1" index="0" bw="1" slack="2147483647"/>
</pin_list>
<bind>
<StgValue><ssdm name="empty_11"/></StgValue>
</bind>
</comp>

<comp id="78" class="1001" name="const_78">
<pin_list>
<pin id="79" dir="1" index="0" bw="1" slack="2147483647"/>
</pin_list>
<bind>
<StgValue><ssdm name="empty_13"/></StgValue>
</bind>
</comp>

<comp id="80" class="1001" name="const_80">
<pin_list>
<pin id="81" dir="1" index="0" bw="1" slack="0"/>
</pin_list>
<bind>
<StgValue><ssdm name="_ssdm_op_BitConcatenate.i35.i33.i2"/></StgValue>
</bind>
</comp>

<comp id="82" class="1001" name="const_82">
<pin_list>
<pin id="83" dir="1" index="0" bw="1" slack="0"/>
</pin_list>
<bind>
<StgValue><ssdm name=""/></StgValue>
</bind>
</comp>

<comp id="84" class="1001" name="const_84">
<pin_list>
<pin id="85" dir="1" index="0" bw="1" slack="0"/>
</pin_list>
<bind>
<StgValue><ssdm name="_ssdm_op_PartSelect.i62.i64.i32.i32"/></StgValue>
</bind>
</comp>

<comp id="86" class="1001" name="const_86">
<pin_list>
<pin id="87" dir="1" index="0" bw="1" slack="0"/>
</pin_list>
<bind>
<StgValue><ssdm name=""/></StgValue>
</bind>
</comp>

<comp id="88" class="1001" name="const_88">
<pin_list>
<pin id="89" dir="1" index="0" bw="1" slack="0"/>
</pin_list>
<bind>
<StgValue><ssdm name=""/></StgValue>
</bind>
</comp>

<comp id="90" class="1001" name="const_90">
<pin_list>
<pin id="91" dir="1" index="0" bw="1" slack="2147483647"/>
</pin_list>
<bind>
<StgValue><ssdm name="_ssdm_op_SpecLoopName"/></StgValue>
</bind>
</comp>

<comp id="92" class="1001" name="const_92">
<pin_list>
<pin id="93" dir="1" index="0" bw="1" slack="2147483647"/>
</pin_list>
<bind>
<StgValue><ssdm name="VITIS_LOOP_20_1_VITIS_LOOP_21_2_str"/></StgValue>
</bind>
</comp>

<comp id="94" class="1001" name="const_94">
<pin_list>
<pin id="95" dir="1" index="0" bw="1" slack="2147483647"/>
</pin_list>
<bind>
<StgValue><ssdm name="empty_7"/></StgValue>
</bind>
</comp>

<comp id="96" class="1001" name="const_96">
<pin_list>
<pin id="97" dir="1" index="0" bw="1" slack="0"/>
</pin_list>
<bind>
<StgValue><ssdm name="_ssdm_op_WriteReq.m_axi.p1i32"/></StgValue>
</bind>
</comp>

<comp id="98" class="1001" name="const_98">
<pin_list>
<pin id="99" dir="1" index="0" bw="1" slack="0"/>
</pin_list>
<bind>
<StgValue><ssdm name="Conv2D_HW_Pipeline_VITIS_LOOP_25_4_VITIS_LOOP_26_5_VITIS_LOOP_27_6"/></StgValue>
</bind>
</comp>

<comp id="100" class="1001" name="const_100">
<pin_list>
<pin id="101" dir="1" index="0" bw="1" slack="2147483647"/>
</pin_list>
<bind>
<StgValue><ssdm name="empty_19"/></StgValue>
</bind>
</comp>

<comp id="102" class="1001" name="const_102">
<pin_list>
<pin id="103" dir="1" index="0" bw="1" slack="0"/>
</pin_list>
<bind>
<StgValue><ssdm name="_ssdm_op_Write.m_axi.p1i32"/></StgValue>
</bind>
</comp>

<comp id="104" class="1001" name="const_104">
<pin_list>
<pin id="105" dir="1" index="0" bw="1" slack="0"/>
</pin_list>
<bind>
<StgValue><ssdm name=""/></StgValue>
</bind>
</comp>

<comp id="106" class="1001" name="const_106">
<pin_list>
<pin id="107" dir="1" index="0" bw="1" slack="0"/>
</pin_list>
<bind>
<StgValue><ssdm name="_ssdm_op_WriteResp.m_axi.p1i32"/></StgValue>
</bind>
</comp>

<comp id="108" class="1004" name="y_fu_108">
<pin_list>
<pin id="109" dir="0" index="0" bw="1" slack="0"/>
<pin id="110" dir="1" index="1" bw="32" slack="0"/>
</pin_list>
<bind>
<opcode="alloca(26) " fcode="alloca"/>
<opset="y/1 "/>
</bind>
</comp>

<comp id="112" class="1004" name="iFilter_fu_112">
<pin_list>
<pin id="113" dir="0" index="0" bw="1" slack="0"/>
<pin id="114" dir="1" index="1" bw="32" slack="0"/>
</pin_list>
<bind>
<opcode="alloca(26) " fcode="alloca"/>
<opset="iFilter/1 "/>
</bind>
</comp>

<comp id="116" class="1004" name="indvar_flatten106_fu_116">
<pin_list>
<pin id="117" dir="0" index="0" bw="1" slack="0"/>
<pin id="118" dir="1" index="1" bw="64" slack="0"/>
</pin_list>
<bind>
<opcode="alloca(26) " fcode="alloca"/>
<opset="indvar_flatten106/1 "/>
</bind>
</comp>

<comp id="120" class="1004" name="acc_loc_fu_120">
<pin_list>
<pin id="121" dir="0" index="0" bw="1" slack="0"/>
<pin id="122" dir="1" index="1" bw="32" slack="15"/>
</pin_list>
<bind>
<opcode="alloca(26) " fcode="alloca"/>
<opset="acc_loc/1 "/>
</bind>
</comp>

<comp id="124" class="1004" name="convHeight_read_read_fu_124">
<pin_list>
<pin id="125" dir="0" index="0" bw="32" slack="0"/>
<pin id="126" dir="0" index="1" bw="32" slack="0"/>
<pin id="127" dir="1" index="2" bw="32" slack="1"/>
</pin_list>
<bind>
<opcode="read(1150) " fcode="read"/>
<opset="convHeight_read/1 "/>
</bind>
</comp>

<comp id="130" class="1004" name="convWidth_read_read_fu_130">
<pin_list>
<pin id="131" dir="0" index="0" bw="32" slack="0"/>
<pin id="132" dir="0" index="1" bw="32" slack="0"/>
<pin id="133" dir="1" index="2" bw="32" slack="1"/>
</pin_list>
<bind>
<opcode="read(1150) " fcode="read"/>
<opset="convWidth_read/1 "/>
</bind>
</comp>

<comp id="136" class="1004" name="inputHeight_read_read_fu_136">
<pin_list>
<pin id="137" dir="0" index="0" bw="32" slack="0"/>
<pin id="138" dir="0" index="1" bw="32" slack="0"/>
<pin id="139" dir="1" index="2" bw="32" slack="5"/>
</pin_list>
<bind>
<opcode="read(1150) " fcode="read"/>
<opset="inputHeight_read/1 "/>
</bind>
</comp>

<comp id="142" class="1004" name="inputWidth_read_read_fu_142">
<pin_list>
<pin id="143" dir="0" index="0" bw="32" slack="0"/>
<pin id="144" dir="0" index="1" bw="32" slack="0"/>
<pin id="145" dir="1" index="2" bw="32" slack="7"/>
</pin_list>
<bind>
<opcode="read(1150) " fcode="read"/>
<opset="inputWidth_read/1 "/>
</bind>
</comp>

<comp id="148" class="1004" name="numFilters_read_read_fu_148">
<pin_list>
<pin id="149" dir="0" index="0" bw="32" slack="0"/>
<pin id="150" dir="0" index="1" bw="32" slack="0"/>
<pin id="151" dir="1" index="2" bw="32" slack="6"/>
</pin_list>
<bind>
<opcode="read(1150) " fcode="read"/>
<opset="numFilters_read/1 "/>
</bind>
</comp>

<comp id="154" class="1004" name="numChannels_read_read_fu_154">
<pin_list>
<pin id="155" dir="0" index="0" bw="32" slack="0"/>
<pin id="156" dir="0" index="1" bw="32" slack="0"/>
<pin id="157" dir="1" index="2" bw="32" slack="3"/>
</pin_list>
<bind>
<opcode="read(1150) " fcode="read"/>
<opset="numChannels_read/1 "/>
</bind>
</comp>

<comp id="160" class="1004" name="coeffs_read_read_fu_160">
<pin_list>
<pin id="161" dir="0" index="0" bw="64" slack="0"/>
<pin id="162" dir="0" index="1" bw="64" slack="0"/>
<pin id="163" dir="1" index="2" bw="64" slack="15"/>
</pin_list>
<bind>
<opcode="read(1150) " fcode="read"/>
<opset="coeffs_read/1 "/>
</bind>
</comp>

<comp id="166" class="1004" name="output_r_read_read_fu_166">
<pin_list>
<pin id="167" dir="0" index="0" bw="64" slack="0"/>
<pin id="168" dir="0" index="1" bw="64" slack="0"/>
<pin id="169" dir="1" index="2" bw="64" slack="13"/>
</pin_list>
<bind>
<opcode="read(1150) " fcode="read"/>
<opset="output_r_read/1 "/>
</bind>
</comp>

<comp id="172" class="1004" name="input_r_read_read_fu_172">
<pin_list>
<pin id="173" dir="0" index="0" bw="64" slack="0"/>
<pin id="174" dir="0" index="1" bw="64" slack="0"/>
<pin id="175" dir="1" index="2" bw="64" slack="15"/>
</pin_list>
<bind>
<opcode="read(1150) " fcode="read"/>
<opset="input_r_read/1 "/>
</bind>
</comp>

<comp id="178" class="1004" name="grp_writeresp_fu_178">
<pin_list>
<pin id="179" dir="0" index="0" bw="1" slack="0"/>
<pin id="180" dir="0" index="1" bw="32" slack="1"/>
<pin id="181" dir="0" index="2" bw="32" slack="7"/>
<pin id="182" dir="1" index="3" bw="1" slack="2147483647"/>
</pin_list>
<bind>
<opcode="writereq(1155) writeresp(1158) " fcode="writeresp"/>
<opset="empty_43/15 empty/19 "/>
</bind>
</comp>

<comp id="184" class="1004" name="write_ln37_write_fu_184">
<pin_list>
<pin id="185" dir="0" index="0" bw="0" slack="0"/>
<pin id="186" dir="0" index="1" bw="32" slack="4"/>
<pin id="187" dir="0" index="2" bw="32" slack="0"/>
<pin id="188" dir="0" index="3" bw="1" slack="0"/>
<pin id="189" dir="1" index="4" bw="0" slack="2147483647"/>
</pin_list>
<bind>
<opcode="write(1151) " fcode="write"/>
<opset="write_ln37/18 "/>
</bind>
</comp>

<comp id="193" class="1005" name="x_reg_193">
<pin_list>
<pin id="194" dir="0" index="0" bw="32" slack="1"/>
<pin id="195" dir="1" index="1" bw="32" slack="1"/>
</pin_list>
<bind>
<opset="x (phireg) "/>
</bind>
</comp>

<comp id="197" class="1004" name="x_phi_fu_197">
<pin_list>
<pin id="198" dir="0" index="0" bw="32" slack="0"/>
<pin id="199" dir="0" index="1" bw="0" slack="2147483647"/>
<pin id="200" dir="0" index="2" bw="1" slack="1"/>
<pin id="201" dir="0" index="3" bw="0" slack="2147483647"/>
<pin id="202" dir="1" index="4" bw="32" slack="0"/>
</pin_list>
<bind>
<opcode="phi(47) " fcode="phi"/>
<opset="x/16 "/>
</bind>
</comp>

<comp id="205" class="1004" name="grp_Conv2D_HW_Pipeline_VITIS_LOOP_25_4_VITIS_LOOP_26_5_VITIS_LOOP_27_6_fu_205">
<pin_list>
<pin id="206" dir="0" index="0" bw="0" slack="0"/>
<pin id="207" dir="0" index="1" bw="32" slack="0"/>
<pin id="208" dir="0" index="2" bw="32" slack="15"/>
<pin id="209" dir="0" index="3" bw="32" slack="15"/>
<pin id="210" dir="0" index="4" bw="32" slack="8"/>
<pin id="211" dir="0" index="5" bw="32" slack="7"/>
<pin id="212" dir="0" index="6" bw="32" slack="15"/>
<pin id="213" dir="0" index="7" bw="32" slack="1"/>
<pin id="214" dir="0" index="8" bw="96" slack="8"/>
<pin id="215" dir="0" index="9" bw="64" slack="13"/>
<pin id="216" dir="0" index="10" bw="32" slack="1"/>
<pin id="217" dir="0" index="11" bw="32" slack="1"/>
<pin id="218" dir="0" index="12" bw="1" slack="8"/>
<pin id="219" dir="0" index="13" bw="64" slack="15"/>
<pin id="220" dir="0" index="14" bw="32" slack="0"/>
<pin id="221" dir="0" index="15" bw="64" slack="15"/>
<pin id="222" dir="0" index="16" bw="32" slack="15"/>
<pin id="223" dir="1" index="17" bw="0" slack="2147483647"/>
</pin_list>
<bind>
<opcode="call(48) " fcode="call"/>
<opset="call_ln20/16 "/>
</bind>
</comp>

<comp id="227" class="1004" name="store_ln20_store_fu_227">
<pin_list>
<pin id="228" dir="0" index="0" bw="1" slack="0"/>
<pin id="229" dir="0" index="1" bw="64" slack="0"/>
<pin id="230" dir="1" index="2" bw="0" slack="2147483647"/>
</pin_list>
<bind>
<opcode="store(28) " fcode="store"/>
<opset="store_ln20/1 "/>
</bind>
</comp>

<comp id="232" class="1004" name="store_ln20_store_fu_232">
<pin_list>
<pin id="233" dir="0" index="0" bw="1" slack="0"/>
<pin id="234" dir="0" index="1" bw="32" slack="0"/>
<pin id="235" dir="1" index="2" bw="0" slack="2147483647"/>
</pin_list>
<bind>
<opcode="store(28) " fcode="store"/>
<opset="store_ln20/1 "/>
</bind>
</comp>

<comp id="237" class="1004" name="store_ln20_store_fu_237">
<pin_list>
<pin id="238" dir="0" index="0" bw="1" slack="0"/>
<pin id="239" dir="0" index="1" bw="32" slack="0"/>
<pin id="240" dir="1" index="2" bw="0" slack="2147483647"/>
</pin_list>
<bind>
<opcode="store(28) " fcode="store"/>
<opset="store_ln20/1 "/>
</bind>
</comp>

<comp id="242" class="1004" name="zext_ln3_fu_242">
<pin_list>
<pin id="243" dir="0" index="0" bw="32" slack="1"/>
<pin id="244" dir="1" index="1" bw="64" slack="0"/>
</pin_list>
<bind>
<opcode="zext(34) " fcode="zext"/>
<opset="zext_ln3/2 "/>
</bind>
</comp>

<comp id="245" class="1004" name="zext_ln3_1_fu_245">
<pin_list>
<pin id="246" dir="0" index="0" bw="32" slack="1"/>
<pin id="247" dir="1" index="1" bw="64" slack="0"/>
</pin_list>
<bind>
<opcode="zext(34) " fcode="zext"/>
<opset="zext_ln3_1/2 "/>
</bind>
</comp>

<comp id="248" class="1004" name="grp_fu_248">
<pin_list>
<pin id="249" dir="0" index="0" bw="32" slack="0"/>
<pin id="250" dir="0" index="1" bw="32" slack="0"/>
<pin id="251" dir="1" index="2" bw="64" slack="1"/>
</pin_list>
<bind>
<opcode="mul(12) " fcode="mul"/>
<opset="mul_ln3/2 "/>
</bind>
</comp>

<comp id="254" class="1004" name="zext_ln3_2_fu_254">
<pin_list>
<pin id="255" dir="0" index="0" bw="32" slack="3"/>
<pin id="256" dir="1" index="1" bw="96" slack="0"/>
</pin_list>
<bind>
<opcode="zext(34) " fcode="zext"/>
<opset="zext_ln3_2/4 "/>
</bind>
</comp>

<comp id="257" class="1004" name="zext_ln3_3_fu_257">
<pin_list>
<pin id="258" dir="0" index="0" bw="64" slack="1"/>
<pin id="259" dir="1" index="1" bw="96" slack="0"/>
</pin_list>
<bind>
<opcode="zext(34) " fcode="zext"/>
<opset="zext_ln3_3/4 "/>
</bind>
</comp>

<comp id="260" class="1004" name="grp_fu_260">
<pin_list>
<pin id="261" dir="0" index="0" bw="32" slack="0"/>
<pin id="262" dir="0" index="1" bw="64" slack="0"/>
<pin id="263" dir="1" index="2" bw="96" slack="8"/>
</pin_list>
<bind>
<opcode="mul(12) " fcode="mul"/>
<opset="mul_ln3_1/4 "/>
</bind>
</comp>

<comp id="266" class="1004" name="sub_fu_266">
<pin_list>
<pin id="267" dir="0" index="0" bw="32" slack="5"/>
<pin id="268" dir="0" index="1" bw="2" slack="0"/>
<pin id="269" dir="1" index="2" bw="32" slack="1"/>
</pin_list>
<bind>
<opcode="add(8) " fcode="add"/>
<opset="sub/6 "/>
</bind>
</comp>

<comp id="271" class="1004" name="grp_fu_271">
<pin_list>
<pin id="272" dir="0" index="0" bw="32" slack="6"/>
<pin id="273" dir="0" index="1" bw="32" slack="6"/>
<pin id="274" dir="1" index="2" bw="32" slack="6"/>
</pin_list>
<bind>
<opcode="mul(12) " fcode="mul"/>
<opset="mul_ln20/7 tmp2/2 "/>
</bind>
</comp>

<comp id="275" class="1004" name="zext_ln3_4_fu_275">
<pin_list>
<pin id="276" dir="0" index="0" bw="32" slack="6"/>
<pin id="277" dir="1" index="1" bw="64" slack="0"/>
</pin_list>
<bind>
<opcode="zext(34) " fcode="zext"/>
<opset="zext_ln3_4/7 "/>
</bind>
</comp>

<comp id="278" class="1004" name="zext_ln3_5_fu_278">
<pin_list>
<pin id="279" dir="0" index="0" bw="32" slack="1"/>
<pin id="280" dir="1" index="1" bw="64" slack="0"/>
</pin_list>
<bind>
<opcode="zext(34) " fcode="zext"/>
<opset="zext_ln3_5/7 "/>
</bind>
</comp>

<comp id="281" class="1004" name="grp_fu_281">
<pin_list>
<pin id="282" dir="0" index="0" bw="32" slack="0"/>
<pin id="283" dir="0" index="1" bw="32" slack="0"/>
<pin id="284" dir="1" index="2" bw="64" slack="1"/>
</pin_list>
<bind>
<opcode="mul(12) " fcode="mul"/>
<opset="mul_ln3_2/7 "/>
</bind>
</comp>

<comp id="287" class="1004" name="sub6_fu_287">
<pin_list>
<pin id="288" dir="0" index="0" bw="32" slack="7"/>
<pin id="289" dir="0" index="1" bw="2" slack="0"/>
<pin id="290" dir="1" index="2" bw="32" slack="2"/>
</pin_list>
<bind>
<opcode="add(8) " fcode="add"/>
<opset="sub6/8 "/>
</bind>
</comp>

<comp id="292" class="1004" name="icmp_ln27_fu_292">
<pin_list>
<pin id="293" dir="0" index="0" bw="32" slack="7"/>
<pin id="294" dir="0" index="1" bw="32" slack="0"/>
<pin id="295" dir="1" index="2" bw="1" slack="8"/>
</pin_list>
<bind>
<opcode="icmp(45) " fcode="icmp"/>
<opset="icmp_ln27/8 "/>
</bind>
</comp>

<comp id="297" class="1004" name="indvar_flatten106_load_load_fu_297">
<pin_list>
<pin id="298" dir="0" index="0" bw="64" slack="8"/>
<pin id="299" dir="1" index="1" bw="64" slack="0"/>
</pin_list>
<bind>
<opcode="load(27) " fcode="load"/>
<opset="indvar_flatten106_load/9 "/>
</bind>
</comp>

<comp id="300" class="1004" name="icmp_ln20_fu_300">
<pin_list>
<pin id="301" dir="0" index="0" bw="64" slack="0"/>
<pin id="302" dir="0" index="1" bw="64" slack="1"/>
<pin id="303" dir="1" index="2" bw="1" slack="2147483647"/>
</pin_list>
<bind>
<opcode="icmp(45) " fcode="icmp"/>
<opset="icmp_ln20/9 "/>
</bind>
</comp>

<comp id="305" class="1004" name="add_ln20_fu_305">
<pin_list>
<pin id="306" dir="0" index="0" bw="64" slack="0"/>
<pin id="307" dir="0" index="1" bw="1" slack="0"/>
<pin id="308" dir="1" index="2" bw="64" slack="7"/>
</pin_list>
<bind>
<opcode="add(8) " fcode="add"/>
<opset="add_ln20/9 "/>
</bind>
</comp>

<comp id="311" class="1004" name="y_load_load_fu_311">
<pin_list>
<pin id="312" dir="0" index="0" bw="32" slack="8"/>
<pin id="313" dir="1" index="1" bw="32" slack="0"/>
</pin_list>
<bind>
<opcode="load(27) " fcode="load"/>
<opset="y_load/9 "/>
</bind>
</comp>

<comp id="314" class="1004" name="iFilter_load_load_fu_314">
<pin_list>
<pin id="315" dir="0" index="0" bw="32" slack="8"/>
<pin id="316" dir="1" index="1" bw="32" slack="0"/>
</pin_list>
<bind>
<opcode="load(27) " fcode="load"/>
<opset="iFilter_load/9 "/>
</bind>
</comp>

<comp id="317" class="1004" name="icmp_ln21_fu_317">
<pin_list>
<pin id="318" dir="0" index="0" bw="32" slack="0"/>
<pin id="319" dir="0" index="1" bw="32" slack="3"/>
<pin id="320" dir="1" index="2" bw="1" slack="0"/>
</pin_list>
<bind>
<opcode="icmp(45) " fcode="icmp"/>
<opset="icmp_ln21/9 "/>
</bind>
</comp>

<comp id="322" class="1004" name="select_ln20_fu_322">
<pin_list>
<pin id="323" dir="0" index="0" bw="1" slack="0"/>
<pin id="324" dir="0" index="1" bw="32" slack="0"/>
<pin id="325" dir="0" index="2" bw="32" slack="0"/>
<pin id="326" dir="1" index="3" bw="32" slack="3"/>
</pin_list>
<bind>
<opcode="select(49) " fcode="select"/>
<opset="select_ln20/9 "/>
</bind>
</comp>

<comp id="330" class="1004" name="add_ln20_1_fu_330">
<pin_list>
<pin id="331" dir="0" index="0" bw="32" slack="0"/>
<pin id="332" dir="0" index="1" bw="1" slack="0"/>
<pin id="333" dir="1" index="2" bw="32" slack="0"/>
</pin_list>
<bind>
<opcode="add(8) " fcode="add"/>
<opset="add_ln20_1/9 "/>
</bind>
</comp>

<comp id="336" class="1004" name="select_ln20_1_fu_336">
<pin_list>
<pin id="337" dir="0" index="0" bw="1" slack="0"/>
<pin id="338" dir="0" index="1" bw="32" slack="0"/>
<pin id="339" dir="0" index="2" bw="32" slack="0"/>
<pin id="340" dir="1" index="3" bw="32" slack="1"/>
</pin_list>
<bind>
<opcode="select(49) " fcode="select"/>
<opset="select_ln20_1/9 "/>
</bind>
</comp>

<comp id="344" class="1004" name="grp_fu_344">
<pin_list>
<pin id="345" dir="0" index="0" bw="32" slack="2"/>
<pin id="346" dir="0" index="1" bw="32" slack="1"/>
<pin id="347" dir="1" index="2" bw="32" slack="1"/>
</pin_list>
<bind>
<opcode="mul(12) " fcode="mul"/>
<opset="mul_ln20_1/10 empty_35/2 "/>
</bind>
</comp>

<comp id="348" class="1004" name="grp_fu_348">
<pin_list>
<pin id="349" dir="0" index="0" bw="32" slack="1"/>
<pin id="350" dir="0" index="1" bw="32" slack="6"/>
<pin id="351" dir="1" index="2" bw="32" slack="1"/>
</pin_list>
<bind>
<opcode="mul(12) " fcode="mul"/>
<opset="mul_ln20_2/12 empty_38/2 "/>
</bind>
</comp>

<comp id="352" class="1004" name="grp_fu_352">
<pin_list>
<pin id="353" dir="0" index="0" bw="32" slack="3"/>
<pin id="354" dir="0" index="1" bw="32" slack="11"/>
<pin id="355" dir="1" index="2" bw="32" slack="1"/>
</pin_list>
<bind>
<opcode="mul(12) " fcode="mul"/>
<opset="mul_ln20_3/12 empty_37/3 "/>
</bind>
</comp>

<comp id="356" class="1004" name="grp_fu_356">
<pin_list>
<pin id="357" dir="0" index="0" bw="32" slack="3"/>
<pin id="358" dir="0" index="1" bw="32" slack="4"/>
<pin id="359" dir="1" index="2" bw="32" slack="1"/>
</pin_list>
<bind>
<opcode="mul(12) " fcode="mul"/>
<opset="empty_40/12 tmp2_mid1/3 "/>
</bind>
</comp>

<comp id="360" class="1004" name="zext_ln20_fu_360">
<pin_list>
<pin id="361" dir="0" index="0" bw="32" slack="1"/>
<pin id="362" dir="1" index="1" bw="33" slack="0"/>
</pin_list>
<bind>
<opcode="zext(34) " fcode="zext"/>
<opset="zext_ln20/14 "/>
</bind>
</comp>

<comp id="363" class="1004" name="grp_fu_363">
<pin_list>
<pin id="364" dir="0" index="0" bw="32" slack="1"/>
<pin id="365" dir="0" index="1" bw="32" slack="6"/>
<pin id="366" dir="1" index="2" bw="32" slack="1"/>
</pin_list>
<bind>
<opcode="mul(12) " fcode="mul"/>
<opset="mul_ln20_4/14 p_mid139/3 "/>
</bind>
</comp>

<comp id="367" class="1004" name="p_cast_fu_367">
<pin_list>
<pin id="368" dir="0" index="0" bw="32" slack="1"/>
<pin id="369" dir="1" index="1" bw="33" slack="0"/>
</pin_list>
<bind>
<opcode="zext(34) " fcode="zext"/>
<opset="p_cast/14 "/>
</bind>
</comp>

<comp id="370" class="1004" name="empty_41_fu_370">
<pin_list>
<pin id="371" dir="0" index="0" bw="32" slack="0"/>
<pin id="372" dir="0" index="1" bw="32" slack="0"/>
<pin id="373" dir="1" index="2" bw="33" slack="0"/>
</pin_list>
<bind>
<opcode="add(8) " fcode="add"/>
<opset="empty_41/14 "/>
</bind>
</comp>

<comp id="376" class="1004" name="tmp_fu_376">
<pin_list>
<pin id="377" dir="0" index="0" bw="35" slack="0"/>
<pin id="378" dir="0" index="1" bw="33" slack="0"/>
<pin id="379" dir="0" index="2" bw="1" slack="0"/>
<pin id="380" dir="1" index="3" bw="35" slack="0"/>
</pin_list>
<bind>
<opcode="bitconcatenate(1004) " fcode="bitconcatenate"/>
<opset="tmp/14 "/>
</bind>
</comp>

<comp id="384" class="1004" name="p_cast14_fu_384">
<pin_list>
<pin id="385" dir="0" index="0" bw="35" slack="0"/>
<pin id="386" dir="1" index="1" bw="64" slack="0"/>
</pin_list>
<bind>
<opcode="zext(34) " fcode="zext"/>
<opset="p_cast14/14 "/>
</bind>
</comp>

<comp id="388" class="1004" name="empty_42_fu_388">
<pin_list>
<pin id="389" dir="0" index="0" bw="35" slack="0"/>
<pin id="390" dir="0" index="1" bw="64" slack="13"/>
<pin id="391" dir="1" index="2" bw="64" slack="0"/>
</pin_list>
<bind>
<opcode="add(8) " fcode="add"/>
<opset="empty_42/14 "/>
</bind>
</comp>

<comp id="393" class="1004" name="trunc_ln_fu_393">
<pin_list>
<pin id="394" dir="0" index="0" bw="62" slack="0"/>
<pin id="395" dir="0" index="1" bw="64" slack="0"/>
<pin id="396" dir="0" index="2" bw="3" slack="0"/>
<pin id="397" dir="0" index="3" bw="7" slack="0"/>
<pin id="398" dir="1" index="4" bw="62" slack="0"/>
</pin_list>
<bind>
<opcode="partselect(1002) " fcode="partselect"/>
<opset="trunc_ln/14 "/>
</bind>
</comp>

<comp id="403" class="1004" name="sext_ln22_fu_403">
<pin_list>
<pin id="404" dir="0" index="0" bw="62" slack="0"/>
<pin id="405" dir="1" index="1" bw="64" slack="0"/>
</pin_list>
<bind>
<opcode="sext(35) " fcode="sext"/>
<opset="sext_ln22/14 "/>
</bind>
</comp>

<comp id="407" class="1004" name="gmem_addr_fu_407">
<pin_list>
<pin id="408" dir="0" index="0" bw="64" slack="0"/>
<pin id="409" dir="0" index="1" bw="64" slack="0"/>
<pin id="410" dir="1" index="2" bw="64" slack="1"/>
</pin_list>
<bind>
<opcode="getelementptr(29) " fcode="getelementptr"/>
<opset="gmem_addr/14 "/>
</bind>
</comp>

<comp id="413" class="1004" name="grp_fu_413">
<pin_list>
<pin id="414" dir="0" index="0" bw="32" slack="5"/>
<pin id="415" dir="0" index="1" bw="32" slack="13"/>
<pin id="416" dir="1" index="2" bw="32" slack="1"/>
</pin_list>
<bind>
<opcode="mul(12) " fcode="mul"/>
<opset="p_mid143/14 p_mid118/3 "/>
</bind>
</comp>

<comp id="417" class="1004" name="icmp_ln22_fu_417">
<pin_list>
<pin id="418" dir="0" index="0" bw="32" slack="0"/>
<pin id="419" dir="0" index="1" bw="32" slack="8"/>
<pin id="420" dir="1" index="2" bw="1" slack="2147483647"/>
</pin_list>
<bind>
<opcode="icmp(45) " fcode="icmp"/>
<opset="icmp_ln22/16 "/>
</bind>
</comp>

<comp id="422" class="1004" name="add_ln22_fu_422">
<pin_list>
<pin id="423" dir="0" index="0" bw="32" slack="0"/>
<pin id="424" dir="0" index="1" bw="1" slack="0"/>
<pin id="425" dir="1" index="2" bw="32" slack="0"/>
</pin_list>
<bind>
<opcode="add(8) " fcode="add"/>
<opset="add_ln22/16 "/>
</bind>
</comp>

<comp id="428" class="1004" name="add_ln21_fu_428">
<pin_list>
<pin id="429" dir="0" index="0" bw="32" slack="7"/>
<pin id="430" dir="0" index="1" bw="1" slack="0"/>
<pin id="431" dir="1" index="2" bw="32" slack="0"/>
</pin_list>
<bind>
<opcode="add(8) " fcode="add"/>
<opset="add_ln21/16 "/>
</bind>
</comp>

<comp id="433" class="1004" name="store_ln21_store_fu_433">
<pin_list>
<pin id="434" dir="0" index="0" bw="64" slack="7"/>
<pin id="435" dir="0" index="1" bw="64" slack="15"/>
<pin id="436" dir="1" index="2" bw="0" slack="2147483647"/>
</pin_list>
<bind>
<opcode="store(28) " fcode="store"/>
<opset="store_ln21/16 "/>
</bind>
</comp>

<comp id="437" class="1004" name="store_ln21_store_fu_437">
<pin_list>
<pin id="438" dir="0" index="0" bw="32" slack="7"/>
<pin id="439" dir="0" index="1" bw="32" slack="15"/>
<pin id="440" dir="1" index="2" bw="0" slack="2147483647"/>
</pin_list>
<bind>
<opcode="store(28) " fcode="store"/>
<opset="store_ln21/16 "/>
</bind>
</comp>

<comp id="441" class="1004" name="store_ln21_store_fu_441">
<pin_list>
<pin id="442" dir="0" index="0" bw="32" slack="0"/>
<pin id="443" dir="0" index="1" bw="32" slack="15"/>
<pin id="444" dir="1" index="2" bw="0" slack="2147483647"/>
</pin_list>
<bind>
<opcode="store(28) " fcode="store"/>
<opset="store_ln21/16 "/>
</bind>
</comp>

<comp id="446" class="1004" name="acc_loc_load_load_fu_446">
<pin_list>
<pin id="447" dir="0" index="0" bw="32" slack="17"/>
<pin id="448" dir="1" index="1" bw="32" slack="0"/>
</pin_list>
<bind>
<opcode="load(27) " fcode="load"/>
<opset="acc_loc_load/18 "/>
</bind>
</comp>

<comp id="450" class="1005" name="y_reg_450">
<pin_list>
<pin id="451" dir="0" index="0" bw="32" slack="0"/>
<pin id="452" dir="1" index="1" bw="32" slack="0"/>
</pin_list>
<bind>
<opset="y "/>
</bind>
</comp>

<comp id="457" class="1005" name="iFilter_reg_457">
<pin_list>
<pin id="458" dir="0" index="0" bw="32" slack="0"/>
<pin id="459" dir="1" index="1" bw="32" slack="0"/>
</pin_list>
<bind>
<opset="iFilter "/>
</bind>
</comp>

<comp id="464" class="1005" name="indvar_flatten106_reg_464">
<pin_list>
<pin id="465" dir="0" index="0" bw="64" slack="0"/>
<pin id="466" dir="1" index="1" bw="64" slack="0"/>
</pin_list>
<bind>
<opset="indvar_flatten106 "/>
</bind>
</comp>

<comp id="471" class="1005" name="convHeight_read_reg_471">
<pin_list>
<pin id="472" dir="0" index="0" bw="32" slack="1"/>
<pin id="473" dir="1" index="1" bw="32" slack="1"/>
</pin_list>
<bind>
<opset="convHeight_read "/>
</bind>
</comp>

<comp id="477" class="1005" name="convWidth_read_reg_477">
<pin_list>
<pin id="478" dir="0" index="0" bw="32" slack="1"/>
<pin id="479" dir="1" index="1" bw="32" slack="1"/>
</pin_list>
<bind>
<opset="convWidth_read "/>
</bind>
</comp>

<comp id="485" class="1005" name="inputHeight_read_reg_485">
<pin_list>
<pin id="486" dir="0" index="0" bw="32" slack="5"/>
<pin id="487" dir="1" index="1" bw="32" slack="5"/>
</pin_list>
<bind>
<opset="inputHeight_read "/>
</bind>
</comp>

<comp id="491" class="1005" name="inputWidth_read_reg_491">
<pin_list>
<pin id="492" dir="0" index="0" bw="32" slack="7"/>
<pin id="493" dir="1" index="1" bw="32" slack="7"/>
</pin_list>
<bind>
<opset="inputWidth_read "/>
</bind>
</comp>

<comp id="498" class="1005" name="numFilters_read_reg_498">
<pin_list>
<pin id="499" dir="0" index="0" bw="32" slack="6"/>
<pin id="500" dir="1" index="1" bw="32" slack="6"/>
</pin_list>
<bind>
<opset="numFilters_read "/>
</bind>
</comp>

<comp id="503" class="1005" name="numChannels_read_reg_503">
<pin_list>
<pin id="504" dir="0" index="0" bw="32" slack="3"/>
<pin id="505" dir="1" index="1" bw="32" slack="3"/>
</pin_list>
<bind>
<opset="numChannels_read "/>
</bind>
</comp>

<comp id="509" class="1005" name="coeffs_read_reg_509">
<pin_list>
<pin id="510" dir="0" index="0" bw="64" slack="15"/>
<pin id="511" dir="1" index="1" bw="64" slack="15"/>
</pin_list>
<bind>
<opset="coeffs_read "/>
</bind>
</comp>

<comp id="514" class="1005" name="output_r_read_reg_514">
<pin_list>
<pin id="515" dir="0" index="0" bw="64" slack="13"/>
<pin id="516" dir="1" index="1" bw="64" slack="13"/>
</pin_list>
<bind>
<opset="output_r_read "/>
</bind>
</comp>

<comp id="519" class="1005" name="input_r_read_reg_519">
<pin_list>
<pin id="520" dir="0" index="0" bw="64" slack="15"/>
<pin id="521" dir="1" index="1" bw="64" slack="15"/>
</pin_list>
<bind>
<opset="input_r_read "/>
</bind>
</comp>

<comp id="524" class="1005" name="acc_loc_reg_524">
<pin_list>
<pin id="525" dir="0" index="0" bw="32" slack="15"/>
<pin id="526" dir="1" index="1" bw="32" slack="15"/>
</pin_list>
<bind>
<opset="acc_loc "/>
</bind>
</comp>

<comp id="530" class="1005" name="zext_ln3_reg_530">
<pin_list>
<pin id="531" dir="0" index="0" bw="64" slack="1"/>
<pin id="532" dir="1" index="1" bw="64" slack="1"/>
</pin_list>
<bind>
<opset="zext_ln3 "/>
</bind>
</comp>

<comp id="535" class="1005" name="zext_ln3_1_reg_535">
<pin_list>
<pin id="536" dir="0" index="0" bw="64" slack="1"/>
<pin id="537" dir="1" index="1" bw="64" slack="1"/>
</pin_list>
<bind>
<opset="zext_ln3_1 "/>
</bind>
</comp>

<comp id="540" class="1005" name="mul_ln3_reg_540">
<pin_list>
<pin id="541" dir="0" index="0" bw="64" slack="1"/>
<pin id="542" dir="1" index="1" bw="64" slack="1"/>
</pin_list>
<bind>
<opset="mul_ln3 "/>
</bind>
</comp>

<comp id="546" class="1005" name="zext_ln3_2_reg_546">
<pin_list>
<pin id="547" dir="0" index="0" bw="96" slack="1"/>
<pin id="548" dir="1" index="1" bw="96" slack="1"/>
</pin_list>
<bind>
<opset="zext_ln3_2 "/>
</bind>
</comp>

<comp id="551" class="1005" name="zext_ln3_3_reg_551">
<pin_list>
<pin id="552" dir="0" index="0" bw="96" slack="1"/>
<pin id="553" dir="1" index="1" bw="96" slack="1"/>
</pin_list>
<bind>
<opset="zext_ln3_3 "/>
</bind>
</comp>

<comp id="556" class="1005" name="sub_reg_556">
<pin_list>
<pin id="557" dir="0" index="0" bw="32" slack="1"/>
<pin id="558" dir="1" index="1" bw="32" slack="1"/>
</pin_list>
<bind>
<opset="sub "/>
</bind>
</comp>

<comp id="563" class="1005" name="zext_ln3_4_reg_563">
<pin_list>
<pin id="564" dir="0" index="0" bw="64" slack="1"/>
<pin id="565" dir="1" index="1" bw="64" slack="1"/>
</pin_list>
<bind>
<opset="zext_ln3_4 "/>
</bind>
</comp>

<comp id="568" class="1005" name="zext_ln3_5_reg_568">
<pin_list>
<pin id="569" dir="0" index="0" bw="64" slack="1"/>
<pin id="570" dir="1" index="1" bw="64" slack="1"/>
</pin_list>
<bind>
<opset="zext_ln3_5 "/>
</bind>
</comp>

<comp id="573" class="1005" name="sub6_reg_573">
<pin_list>
<pin id="574" dir="0" index="0" bw="32" slack="2"/>
<pin id="575" dir="1" index="1" bw="32" slack="2"/>
</pin_list>
<bind>
<opset="sub6 "/>
</bind>
</comp>

<comp id="581" class="1005" name="mul_ln20_reg_581">
<pin_list>
<pin id="582" dir="0" index="0" bw="32" slack="6"/>
<pin id="583" dir="1" index="1" bw="32" slack="6"/>
</pin_list>
<bind>
<opset="mul_ln20 "/>
</bind>
</comp>

<comp id="587" class="1005" name="mul_ln3_1_reg_587">
<pin_list>
<pin id="588" dir="0" index="0" bw="96" slack="8"/>
<pin id="589" dir="1" index="1" bw="96" slack="8"/>
</pin_list>
<bind>
<opset="mul_ln3_1 "/>
</bind>
</comp>

<comp id="592" class="1005" name="mul_ln3_2_reg_592">
<pin_list>
<pin id="593" dir="0" index="0" bw="64" slack="1"/>
<pin id="594" dir="1" index="1" bw="64" slack="1"/>
</pin_list>
<bind>
<opset="mul_ln3_2 "/>
</bind>
</comp>

<comp id="597" class="1005" name="icmp_ln27_reg_597">
<pin_list>
<pin id="598" dir="0" index="0" bw="1" slack="8"/>
<pin id="599" dir="1" index="1" bw="1" slack="8"/>
</pin_list>
<bind>
<opset="icmp_ln27 "/>
</bind>
</comp>

<comp id="605" class="1005" name="add_ln20_reg_605">
<pin_list>
<pin id="606" dir="0" index="0" bw="64" slack="7"/>
<pin id="607" dir="1" index="1" bw="64" slack="7"/>
</pin_list>
<bind>
<opset="add_ln20 "/>
</bind>
</comp>

<comp id="610" class="1005" name="select_ln20_reg_610">
<pin_list>
<pin id="611" dir="0" index="0" bw="32" slack="3"/>
<pin id="612" dir="1" index="1" bw="32" slack="3"/>
</pin_list>
<bind>
<opset="select_ln20 "/>
</bind>
</comp>

<comp id="618" class="1005" name="select_ln20_1_reg_618">
<pin_list>
<pin id="619" dir="0" index="0" bw="32" slack="1"/>
<pin id="620" dir="1" index="1" bw="32" slack="1"/>
</pin_list>
<bind>
<opset="select_ln20_1 "/>
</bind>
</comp>

<comp id="625" class="1005" name="mul_ln20_1_reg_625">
<pin_list>
<pin id="626" dir="0" index="0" bw="32" slack="1"/>
<pin id="627" dir="1" index="1" bw="32" slack="1"/>
</pin_list>
<bind>
<opset="mul_ln20_1 "/>
</bind>
</comp>

<comp id="630" class="1005" name="mul_ln20_2_reg_630">
<pin_list>
<pin id="631" dir="0" index="0" bw="32" slack="1"/>
<pin id="632" dir="1" index="1" bw="32" slack="1"/>
</pin_list>
<bind>
<opset="mul_ln20_2 "/>
</bind>
</comp>

<comp id="635" class="1005" name="mul_ln20_3_reg_635">
<pin_list>
<pin id="636" dir="0" index="0" bw="32" slack="1"/>
<pin id="637" dir="1" index="1" bw="32" slack="1"/>
</pin_list>
<bind>
<opset="mul_ln20_3 "/>
</bind>
</comp>

<comp id="640" class="1005" name="empty_40_reg_640">
<pin_list>
<pin id="641" dir="0" index="0" bw="32" slack="1"/>
<pin id="642" dir="1" index="1" bw="32" slack="1"/>
</pin_list>
<bind>
<opset="empty_40 "/>
</bind>
</comp>

<comp id="645" class="1005" name="gmem_addr_reg_645">
<pin_list>
<pin id="646" dir="0" index="0" bw="32" slack="1"/>
<pin id="647" dir="1" index="1" bw="32" slack="1"/>
</pin_list>
<bind>
<opset="gmem_addr "/>
</bind>
</comp>

<comp id="651" class="1005" name="mul_ln20_4_reg_651">
<pin_list>
<pin id="652" dir="0" index="0" bw="32" slack="1"/>
<pin id="653" dir="1" index="1" bw="32" slack="1"/>
</pin_list>
<bind>
<opset="mul_ln20_4 "/>
</bind>
</comp>

<comp id="657" class="1005" name="p_mid143_reg_657">
<pin_list>
<pin id="658" dir="0" index="0" bw="32" slack="1"/>
<pin id="659" dir="1" index="1" bw="32" slack="1"/>
</pin_list>
<bind>
<opset="p_mid143 "/>
</bind>
</comp>

<comp id="665" class="1005" name="add_ln22_reg_665">
<pin_list>
<pin id="666" dir="0" index="0" bw="32" slack="0"/>
<pin id="667" dir="1" index="1" bw="32" slack="0"/>
</pin_list>
<bind>
<opset="add_ln22 "/>
</bind>
</comp>

</comp_list>

<net_list>
<net id="111"><net_src comp="20" pin="0"/><net_sink comp="108" pin=0"/></net>

<net id="115"><net_src comp="20" pin="0"/><net_sink comp="112" pin=0"/></net>

<net id="119"><net_src comp="20" pin="0"/><net_sink comp="116" pin=0"/></net>

<net id="123"><net_src comp="26" pin="0"/><net_sink comp="120" pin=0"/></net>

<net id="128"><net_src comp="22" pin="0"/><net_sink comp="124" pin=0"/></net>

<net id="129"><net_src comp="18" pin="0"/><net_sink comp="124" pin=1"/></net>

<net id="134"><net_src comp="22" pin="0"/><net_sink comp="130" pin=0"/></net>

<net id="135"><net_src comp="16" pin="0"/><net_sink comp="130" pin=1"/></net>

<net id="140"><net_src comp="22" pin="0"/><net_sink comp="136" pin=0"/></net>

<net id="141"><net_src comp="14" pin="0"/><net_sink comp="136" pin=1"/></net>

<net id="146"><net_src comp="22" pin="0"/><net_sink comp="142" pin=0"/></net>

<net id="147"><net_src comp="12" pin="0"/><net_sink comp="142" pin=1"/></net>

<net id="152"><net_src comp="22" pin="0"/><net_sink comp="148" pin=0"/></net>

<net id="153"><net_src comp="10" pin="0"/><net_sink comp="148" pin=1"/></net>

<net id="158"><net_src comp="22" pin="0"/><net_sink comp="154" pin=0"/></net>

<net id="159"><net_src comp="8" pin="0"/><net_sink comp="154" pin=1"/></net>

<net id="164"><net_src comp="24" pin="0"/><net_sink comp="160" pin=0"/></net>

<net id="165"><net_src comp="6" pin="0"/><net_sink comp="160" pin=1"/></net>

<net id="170"><net_src comp="24" pin="0"/><net_sink comp="166" pin=0"/></net>

<net id="171"><net_src comp="4" pin="0"/><net_sink comp="166" pin=1"/></net>

<net id="176"><net_src comp="24" pin="0"/><net_sink comp="172" pin=0"/></net>

<net id="177"><net_src comp="2" pin="0"/><net_sink comp="172" pin=1"/></net>

<net id="183"><net_src comp="96" pin="0"/><net_sink comp="178" pin=0"/></net>

<net id="190"><net_src comp="102" pin="0"/><net_sink comp="184" pin=0"/></net>

<net id="191"><net_src comp="104" pin="0"/><net_sink comp="184" pin=3"/></net>

<net id="192"><net_src comp="106" pin="0"/><net_sink comp="178" pin=0"/></net>

<net id="196"><net_src comp="30" pin="0"/><net_sink comp="193" pin=0"/></net>

<net id="203"><net_src comp="193" pin="1"/><net_sink comp="197" pin=2"/></net>

<net id="204"><net_src comp="197" pin="4"/><net_sink comp="193" pin=0"/></net>

<net id="224"><net_src comp="98" pin="0"/><net_sink comp="205" pin=0"/></net>

<net id="225"><net_src comp="0" pin="0"/><net_sink comp="205" pin=1"/></net>

<net id="226"><net_src comp="197" pin="4"/><net_sink comp="205" pin=14"/></net>

<net id="231"><net_src comp="28" pin="0"/><net_sink comp="227" pin=0"/></net>

<net id="236"><net_src comp="30" pin="0"/><net_sink comp="232" pin=0"/></net>

<net id="241"><net_src comp="30" pin="0"/><net_sink comp="237" pin=0"/></net>

<net id="252"><net_src comp="242" pin="1"/><net_sink comp="248" pin=0"/></net>

<net id="253"><net_src comp="245" pin="1"/><net_sink comp="248" pin=1"/></net>

<net id="264"><net_src comp="254" pin="1"/><net_sink comp="260" pin=0"/></net>

<net id="265"><net_src comp="257" pin="1"/><net_sink comp="260" pin=1"/></net>

<net id="270"><net_src comp="32" pin="0"/><net_sink comp="266" pin=1"/></net>

<net id="285"><net_src comp="275" pin="1"/><net_sink comp="281" pin=0"/></net>

<net id="286"><net_src comp="278" pin="1"/><net_sink comp="281" pin=1"/></net>

<net id="291"><net_src comp="32" pin="0"/><net_sink comp="287" pin=1"/></net>

<net id="296"><net_src comp="30" pin="0"/><net_sink comp="292" pin=1"/></net>

<net id="304"><net_src comp="297" pin="1"/><net_sink comp="300" pin=0"/></net>

<net id="309"><net_src comp="297" pin="1"/><net_sink comp="305" pin=0"/></net>

<net id="310"><net_src comp="26" pin="0"/><net_sink comp="305" pin=1"/></net>

<net id="321"><net_src comp="311" pin="1"/><net_sink comp="317" pin=0"/></net>

<net id="327"><net_src comp="317" pin="2"/><net_sink comp="322" pin=0"/></net>

<net id="328"><net_src comp="30" pin="0"/><net_sink comp="322" pin=1"/></net>

<net id="329"><net_src comp="311" pin="1"/><net_sink comp="322" pin=2"/></net>

<net id="334"><net_src comp="314" pin="1"/><net_sink comp="330" pin=0"/></net>

<net id="335"><net_src comp="20" pin="0"/><net_sink comp="330" pin=1"/></net>

<net id="341"><net_src comp="317" pin="2"/><net_sink comp="336" pin=0"/></net>

<net id="342"><net_src comp="330" pin="2"/><net_sink comp="336" pin=1"/></net>

<net id="343"><net_src comp="314" pin="1"/><net_sink comp="336" pin=2"/></net>

<net id="374"><net_src comp="367" pin="1"/><net_sink comp="370" pin=0"/></net>

<net id="375"><net_src comp="360" pin="1"/><net_sink comp="370" pin=1"/></net>

<net id="381"><net_src comp="80" pin="0"/><net_sink comp="376" pin=0"/></net>

<net id="382"><net_src comp="370" pin="2"/><net_sink comp="376" pin=1"/></net>

<net id="383"><net_src comp="82" pin="0"/><net_sink comp="376" pin=2"/></net>

<net id="387"><net_src comp="376" pin="3"/><net_sink comp="384" pin=0"/></net>

<net id="392"><net_src comp="384" pin="1"/><net_sink comp="388" pin=0"/></net>

<net id="399"><net_src comp="84" pin="0"/><net_sink comp="393" pin=0"/></net>

<net id="400"><net_src comp="388" pin="2"/><net_sink comp="393" pin=1"/></net>

<net id="401"><net_src comp="86" pin="0"/><net_sink comp="393" pin=2"/></net>

<net id="402"><net_src comp="88" pin="0"/><net_sink comp="393" pin=3"/></net>

<net id="406"><net_src comp="393" pin="4"/><net_sink comp="403" pin=0"/></net>

<net id="411"><net_src comp="0" pin="0"/><net_sink comp="407" pin=0"/></net>

<net id="412"><net_src comp="403" pin="1"/><net_sink comp="407" pin=1"/></net>

<net id="421"><net_src comp="197" pin="4"/><net_sink comp="417" pin=0"/></net>

<net id="426"><net_src comp="197" pin="4"/><net_sink comp="422" pin=0"/></net>

<net id="427"><net_src comp="20" pin="0"/><net_sink comp="422" pin=1"/></net>

<net id="432"><net_src comp="20" pin="0"/><net_sink comp="428" pin=1"/></net>

<net id="445"><net_src comp="428" pin="2"/><net_sink comp="441" pin=0"/></net>

<net id="449"><net_src comp="446" pin="1"/><net_sink comp="184" pin=2"/></net>

<net id="453"><net_src comp="108" pin="1"/><net_sink comp="450" pin=0"/></net>

<net id="454"><net_src comp="450" pin="1"/><net_sink comp="237" pin=1"/></net>

<net id="455"><net_src comp="450" pin="1"/><net_sink comp="311" pin=0"/></net>

<net id="456"><net_src comp="450" pin="1"/><net_sink comp="441" pin=1"/></net>

<net id="460"><net_src comp="112" pin="1"/><net_sink comp="457" pin=0"/></net>

<net id="461"><net_src comp="457" pin="1"/><net_sink comp="232" pin=1"/></net>

<net id="462"><net_src comp="457" pin="1"/><net_sink comp="314" pin=0"/></net>

<net id="463"><net_src comp="457" pin="1"/><net_sink comp="437" pin=1"/></net>

<net id="467"><net_src comp="116" pin="1"/><net_sink comp="464" pin=0"/></net>

<net id="468"><net_src comp="464" pin="1"/><net_sink comp="227" pin=1"/></net>

<net id="469"><net_src comp="464" pin="1"/><net_sink comp="297" pin=0"/></net>

<net id="470"><net_src comp="464" pin="1"/><net_sink comp="433" pin=1"/></net>

<net id="474"><net_src comp="124" pin="2"/><net_sink comp="471" pin=0"/></net>

<net id="475"><net_src comp="471" pin="1"/><net_sink comp="242" pin=0"/></net>

<net id="476"><net_src comp="471" pin="1"/><net_sink comp="271" pin=0"/></net>

<net id="480"><net_src comp="130" pin="2"/><net_sink comp="477" pin=0"/></net>

<net id="481"><net_src comp="477" pin="1"/><net_sink comp="245" pin=0"/></net>

<net id="482"><net_src comp="477" pin="1"/><net_sink comp="271" pin=1"/></net>

<net id="483"><net_src comp="477" pin="1"/><net_sink comp="292" pin=0"/></net>

<net id="484"><net_src comp="477" pin="1"/><net_sink comp="205" pin=6"/></net>

<net id="488"><net_src comp="136" pin="2"/><net_sink comp="485" pin=0"/></net>

<net id="489"><net_src comp="485" pin="1"/><net_sink comp="266" pin=0"/></net>

<net id="490"><net_src comp="485" pin="1"/><net_sink comp="205" pin=3"/></net>

<net id="494"><net_src comp="142" pin="2"/><net_sink comp="491" pin=0"/></net>

<net id="495"><net_src comp="491" pin="1"/><net_sink comp="287" pin=0"/></net>

<net id="496"><net_src comp="491" pin="1"/><net_sink comp="413" pin=1"/></net>

<net id="497"><net_src comp="491" pin="1"/><net_sink comp="205" pin=2"/></net>

<net id="501"><net_src comp="148" pin="2"/><net_sink comp="498" pin=0"/></net>

<net id="502"><net_src comp="498" pin="1"/><net_sink comp="275" pin=0"/></net>

<net id="506"><net_src comp="154" pin="2"/><net_sink comp="503" pin=0"/></net>

<net id="507"><net_src comp="503" pin="1"/><net_sink comp="254" pin=0"/></net>

<net id="508"><net_src comp="503" pin="1"/><net_sink comp="352" pin=1"/></net>

<net id="512"><net_src comp="160" pin="2"/><net_sink comp="509" pin=0"/></net>

<net id="513"><net_src comp="509" pin="1"/><net_sink comp="205" pin=13"/></net>

<net id="517"><net_src comp="166" pin="2"/><net_sink comp="514" pin=0"/></net>

<net id="518"><net_src comp="514" pin="1"/><net_sink comp="388" pin=1"/></net>

<net id="522"><net_src comp="172" pin="2"/><net_sink comp="519" pin=0"/></net>

<net id="523"><net_src comp="519" pin="1"/><net_sink comp="205" pin=15"/></net>

<net id="527"><net_src comp="120" pin="1"/><net_sink comp="524" pin=0"/></net>

<net id="528"><net_src comp="524" pin="1"/><net_sink comp="205" pin=16"/></net>

<net id="529"><net_src comp="524" pin="1"/><net_sink comp="446" pin=0"/></net>

<net id="533"><net_src comp="242" pin="1"/><net_sink comp="530" pin=0"/></net>

<net id="534"><net_src comp="530" pin="1"/><net_sink comp="248" pin=0"/></net>

<net id="538"><net_src comp="245" pin="1"/><net_sink comp="535" pin=0"/></net>

<net id="539"><net_src comp="535" pin="1"/><net_sink comp="248" pin=1"/></net>

<net id="543"><net_src comp="248" pin="2"/><net_sink comp="540" pin=0"/></net>

<net id="544"><net_src comp="540" pin="1"/><net_sink comp="257" pin=0"/></net>

<net id="545"><net_src comp="540" pin="1"/><net_sink comp="205" pin=9"/></net>

<net id="549"><net_src comp="254" pin="1"/><net_sink comp="546" pin=0"/></net>

<net id="550"><net_src comp="546" pin="1"/><net_sink comp="260" pin=0"/></net>

<net id="554"><net_src comp="257" pin="1"/><net_sink comp="551" pin=0"/></net>

<net id="555"><net_src comp="551" pin="1"/><net_sink comp="260" pin=1"/></net>

<net id="559"><net_src comp="266" pin="2"/><net_sink comp="556" pin=0"/></net>

<net id="560"><net_src comp="556" pin="1"/><net_sink comp="278" pin=0"/></net>

<net id="561"><net_src comp="556" pin="1"/><net_sink comp="317" pin=1"/></net>

<net id="562"><net_src comp="556" pin="1"/><net_sink comp="348" pin=1"/></net>

<net id="566"><net_src comp="275" pin="1"/><net_sink comp="563" pin=0"/></net>

<net id="567"><net_src comp="563" pin="1"/><net_sink comp="281" pin=0"/></net>

<net id="571"><net_src comp="278" pin="1"/><net_sink comp="568" pin=0"/></net>

<net id="572"><net_src comp="568" pin="1"/><net_sink comp="281" pin=1"/></net>

<net id="576"><net_src comp="287" pin="2"/><net_sink comp="573" pin=0"/></net>

<net id="577"><net_src comp="573" pin="1"/><net_sink comp="344" pin=0"/></net>

<net id="578"><net_src comp="573" pin="1"/><net_sink comp="356" pin=1"/></net>

<net id="579"><net_src comp="573" pin="1"/><net_sink comp="178" pin=2"/></net>

<net id="580"><net_src comp="573" pin="1"/><net_sink comp="417" pin=1"/></net>

<net id="584"><net_src comp="271" pin="2"/><net_sink comp="581" pin=0"/></net>

<net id="585"><net_src comp="581" pin="1"/><net_sink comp="363" pin=1"/></net>

<net id="586"><net_src comp="581" pin="1"/><net_sink comp="205" pin=4"/></net>

<net id="590"><net_src comp="260" pin="2"/><net_sink comp="587" pin=0"/></net>

<net id="591"><net_src comp="587" pin="1"/><net_sink comp="205" pin=8"/></net>

<net id="595"><net_src comp="281" pin="2"/><net_sink comp="592" pin=0"/></net>

<net id="596"><net_src comp="592" pin="1"/><net_sink comp="300" pin=1"/></net>

<net id="600"><net_src comp="292" pin="2"/><net_sink comp="597" pin=0"/></net>

<net id="601"><net_src comp="597" pin="1"/><net_sink comp="205" pin=12"/></net>

<net id="608"><net_src comp="305" pin="2"/><net_sink comp="605" pin=0"/></net>

<net id="609"><net_src comp="605" pin="1"/><net_sink comp="433" pin=0"/></net>

<net id="613"><net_src comp="322" pin="3"/><net_sink comp="610" pin=0"/></net>

<net id="614"><net_src comp="610" pin="1"/><net_sink comp="356" pin=0"/></net>

<net id="615"><net_src comp="610" pin="1"/><net_sink comp="413" pin=0"/></net>

<net id="616"><net_src comp="610" pin="1"/><net_sink comp="205" pin=5"/></net>

<net id="617"><net_src comp="610" pin="1"/><net_sink comp="428" pin=0"/></net>

<net id="621"><net_src comp="336" pin="3"/><net_sink comp="618" pin=0"/></net>

<net id="622"><net_src comp="618" pin="1"/><net_sink comp="344" pin=1"/></net>

<net id="623"><net_src comp="618" pin="1"/><net_sink comp="352" pin=0"/></net>

<net id="624"><net_src comp="618" pin="1"/><net_sink comp="437" pin=0"/></net>

<net id="628"><net_src comp="344" pin="2"/><net_sink comp="625" pin=0"/></net>

<net id="629"><net_src comp="625" pin="1"/><net_sink comp="348" pin=0"/></net>

<net id="633"><net_src comp="348" pin="2"/><net_sink comp="630" pin=0"/></net>

<net id="634"><net_src comp="630" pin="1"/><net_sink comp="360" pin=0"/></net>

<net id="638"><net_src comp="352" pin="2"/><net_sink comp="635" pin=0"/></net>

<net id="639"><net_src comp="635" pin="1"/><net_sink comp="363" pin=0"/></net>

<net id="643"><net_src comp="356" pin="2"/><net_sink comp="640" pin=0"/></net>

<net id="644"><net_src comp="640" pin="1"/><net_sink comp="367" pin=0"/></net>

<net id="648"><net_src comp="407" pin="2"/><net_sink comp="645" pin=0"/></net>

<net id="649"><net_src comp="645" pin="1"/><net_sink comp="178" pin=1"/></net>

<net id="650"><net_src comp="645" pin="1"/><net_sink comp="184" pin=1"/></net>

<net id="654"><net_src comp="363" pin="2"/><net_sink comp="651" pin=0"/></net>

<net id="655"><net_src comp="651" pin="1"/><net_sink comp="205" pin=7"/></net>

<net id="656"><net_src comp="651" pin="1"/><net_sink comp="205" pin=11"/></net>

<net id="660"><net_src comp="413" pin="2"/><net_sink comp="657" pin=0"/></net>

<net id="661"><net_src comp="657" pin="1"/><net_sink comp="205" pin=10"/></net>

<net id="668"><net_src comp="422" pin="2"/><net_sink comp="665" pin=0"/></net>

<net id="669"><net_src comp="665" pin="1"/><net_sink comp="197" pin=0"/></net>

</net_list>

</model> 
---------------- Datapath Model END ------------------

* FSMD analyzer results:
  - Output states:
	Port: gmem | {15 18 19 20 21 22 23 }
 - Input state : 
	Port: Conv2D_HW : gmem | {16 17 }
	Port: Conv2D_HW : input_r | {1 }
	Port: Conv2D_HW : output_r | {1 }
	Port: Conv2D_HW : coeffs | {1 }
	Port: Conv2D_HW : numChannels | {1 }
	Port: Conv2D_HW : numFilters | {1 }
	Port: Conv2D_HW : inputWidth | {1 }
	Port: Conv2D_HW : inputHeight | {1 }
	Port: Conv2D_HW : convWidth | {1 }
	Port: Conv2D_HW : convHeight | {1 }
  - Chain level:
	State 1
		store_ln20 : 1
		store_ln20 : 1
		store_ln20 : 1
	State 2
		mul_ln3 : 1
	State 3
	State 4
		mul_ln3_1 : 1
	State 5
	State 6
	State 7
		mul_ln3_2 : 1
	State 8
	State 9
		icmp_ln20 : 1
		add_ln20 : 1
		br_ln20 : 2
		icmp_ln21 : 1
		select_ln20 : 2
		add_ln20_1 : 1
		select_ln20_1 : 2
	State 10
	State 11
	State 12
	State 13
	State 14
		empty_41 : 1
		tmp : 2
		p_cast14 : 3
		empty_42 : 4
		trunc_ln : 5
		sext_ln22 : 6
		gmem_addr : 7
	State 15
	State 16
		icmp_ln22 : 1
		add_ln22 : 1
		br_ln22 : 2
		call_ln20 : 1
		store_ln21 : 1
	State 17
	State 18
		write_ln37 : 1
	State 19
	State 20
	State 21
	State 22
	State 23


============================================================
+ Verbose Summary: Datapath Resource usage 
============================================================

* Functional unit list:
|----------|-------------------------------------------------------------------------------|---------|---------|---------|---------|
| Operation|                                Functional Unit                                |   DSP   |  Delay  |    FF   |   LUT   |
|----------|-------------------------------------------------------------------------------|---------|---------|---------|---------|
|   call   | grp_Conv2D_HW_Pipeline_VITIS_LOOP_25_4_VITIS_LOOP_26_5_VITIS_LOOP_27_6_fu_205 |    33   |   7.94  |   3918  |   2117  |
|----------|-------------------------------------------------------------------------------|---------|---------|---------|---------|
|          |                                   grp_fu_248                                  |    3    |    0    |   165   |    50   |
|          |                                   grp_fu_260                                  |    6    |    0    |   441   |   256   |
|          |                                   grp_fu_271                                  |    3    |    0    |   165   |    50   |
|          |                                   grp_fu_281                                  |    3    |    0    |   165   |    50   |
|    mul   |                                   grp_fu_344                                  |    3    |    0    |   165   |    50   |
|          |                                   grp_fu_348                                  |    3    |    0    |   165   |    50   |
|          |                                   grp_fu_352                                  |    3    |    0    |   165   |    50   |
|          |                                   grp_fu_356                                  |    3    |    0    |   165   |    50   |
|          |                                   grp_fu_363                                  |    3    |    0    |   165   |    50   |
|          |                                   grp_fu_413                                  |    3    |    0    |   165   |    50   |
|----------|-------------------------------------------------------------------------------|---------|---------|---------|---------|
|          |                                   sub_fu_266                                  |    0    |    0    |    0    |    39   |
|          |                                  sub6_fu_287                                  |    0    |    0    |    0    |    39   |
|          |                                add_ln20_fu_305                                |    0    |    0    |    0    |    71   |
|    add   |                               add_ln20_1_fu_330                               |    0    |    0    |    0    |    39   |
|          |                                empty_41_fu_370                                |    0    |    0    |    0    |    39   |
|          |                                empty_42_fu_388                                |    0    |    0    |    0    |    71   |
|          |                                add_ln22_fu_422                                |    0    |    0    |    0    |    39   |
|          |                                add_ln21_fu_428                                |    0    |    0    |    0    |    39   |
|----------|-------------------------------------------------------------------------------|---------|---------|---------|---------|
|          |                                icmp_ln27_fu_292                               |    0    |    0    |    0    |    18   |
|   icmp   |                                icmp_ln20_fu_300                               |    0    |    0    |    0    |    29   |
|          |                                icmp_ln21_fu_317                               |    0    |    0    |    0    |    18   |
|          |                                icmp_ln22_fu_417                               |    0    |    0    |    0    |    18   |
|----------|-------------------------------------------------------------------------------|---------|---------|---------|---------|
|  select  |                               select_ln20_fu_322                              |    0    |    0    |    0    |    32   |
|          |                              select_ln20_1_fu_336                             |    0    |    0    |    0    |    32   |
|----------|-------------------------------------------------------------------------------|---------|---------|---------|---------|
|          |                          convHeight_read_read_fu_124                          |    0    |    0    |    0    |    0    |
|          |                           convWidth_read_read_fu_130                          |    0    |    0    |    0    |    0    |
|          |                          inputHeight_read_read_fu_136                         |    0    |    0    |    0    |    0    |
|          |                          inputWidth_read_read_fu_142                          |    0    |    0    |    0    |    0    |
|   read   |                          numFilters_read_read_fu_148                          |    0    |    0    |    0    |    0    |
|          |                          numChannels_read_read_fu_154                         |    0    |    0    |    0    |    0    |
|          |                            coeffs_read_read_fu_160                            |    0    |    0    |    0    |    0    |
|          |                           output_r_read_read_fu_166                           |    0    |    0    |    0    |    0    |
|          |                            input_r_read_read_fu_172                           |    0    |    0    |    0    |    0    |
|----------|-------------------------------------------------------------------------------|---------|---------|---------|---------|
| writeresp|                              grp_writeresp_fu_178                             |    0    |    0    |    0    |    0    |
|----------|-------------------------------------------------------------------------------|---------|---------|---------|---------|
|   write  |                            write_ln37_write_fu_184                            |    0    |    0    |    0    |    0    |
|----------|-------------------------------------------------------------------------------|---------|---------|---------|---------|
|          |                                zext_ln3_fu_242                                |    0    |    0    |    0    |    0    |
|          |                               zext_ln3_1_fu_245                               |    0    |    0    |    0    |    0    |
|          |                               zext_ln3_2_fu_254                               |    0    |    0    |    0    |    0    |
|          |                               zext_ln3_3_fu_257                               |    0    |    0    |    0    |    0    |
|   zext   |                               zext_ln3_4_fu_275                               |    0    |    0    |    0    |    0    |
|          |                               zext_ln3_5_fu_278                               |    0    |    0    |    0    |    0    |
|          |                                zext_ln20_fu_360                               |    0    |    0    |    0    |    0    |
|          |                                 p_cast_fu_367                                 |    0    |    0    |    0    |    0    |
|          |                                p_cast14_fu_384                                |    0    |    0    |    0    |    0    |
|----------|-------------------------------------------------------------------------------|---------|---------|---------|---------|
|bitconcatenate|                                   tmp_fu_376                                  |    0    |    0    |    0    |    0    |
|----------|-------------------------------------------------------------------------------|---------|---------|---------|---------|
|partselect|                                trunc_ln_fu_393                                |    0    |    0    |    0    |    0    |
|----------|-------------------------------------------------------------------------------|---------|---------|---------|---------|
|   sext   |                                sext_ln22_fu_403                               |    0    |    0    |    0    |    0    |
|----------|-------------------------------------------------------------------------------|---------|---------|---------|---------|
|   Total  |                                                                               |    66   |   7.94  |   5844  |   3346  |
|----------|-------------------------------------------------------------------------------|---------|---------|---------|---------|

Memories:
N/A

* Register list:
+-------------------------+--------+
|                         |   FF   |
+-------------------------+--------+
|     acc_loc_reg_524     |   32   |
|     add_ln20_reg_605    |   64   |
|     add_ln22_reg_665    |   32   |
|   coeffs_read_reg_509   |   64   |
| convHeight_read_reg_471 |   32   |
|  convWidth_read_reg_477 |   32   |
|     empty_40_reg_640    |   32   |
|    gmem_addr_reg_645    |   32   |
|     iFilter_reg_457     |   32   |
|    icmp_ln27_reg_597    |    1   |
|indvar_flatten106_reg_464|   64   |
| inputHeight_read_reg_485|   32   |
| inputWidth_read_reg_491 |   32   |
|   input_r_read_reg_519  |   64   |
|    mul_ln20_1_reg_625   |   32   |
|    mul_ln20_2_reg_630   |   32   |
|    mul_ln20_3_reg_635   |   32   |
|    mul_ln20_4_reg_651   |   32   |
|     mul_ln20_reg_581    |   32   |
|    mul_ln3_1_reg_587    |   96   |
|    mul_ln3_2_reg_592    |   64   |
|     mul_ln3_reg_540     |   64   |
| numChannels_read_reg_503|   32   |
| numFilters_read_reg_498 |   32   |
|  output_r_read_reg_514  |   64   |
|     p_mid143_reg_657    |   32   |
|  select_ln20_1_reg_618  |   32   |
|   select_ln20_reg_610   |   32   |
|       sub6_reg_573      |   32   |
|       sub_reg_556       |   32   |
|        x_reg_193        |   32   |
|        y_reg_450        |   32   |
|    zext_ln3_1_reg_535   |   64   |
|    zext_ln3_2_reg_546   |   96   |
|    zext_ln3_3_reg_551   |   96   |
|    zext_ln3_4_reg_563   |   64   |
|    zext_ln3_5_reg_568   |   64   |
|     zext_ln3_reg_530    |   64   |
+-------------------------+--------+
|          Total          |  1729  |
+-------------------------+--------+

* Multiplexer (MUX) list: 
|----------------------|------|------|------|--------||---------||---------|
|         Comp         |  Pin | Size |  BW  | S x BW ||  Delay  ||   LUT   |
|----------------------|------|------|------|--------||---------||---------|
| grp_writeresp_fu_178 |  p0  |   2  |   1  |    2   |
|       x_reg_193      |  p0  |   2  |  32  |   64   ||    9    |
|      grp_fu_248      |  p0  |   2  |  32  |   64   ||    9    |
|      grp_fu_248      |  p1  |   2  |  32  |   64   ||    9    |
|      grp_fu_260      |  p0  |   2  |  32  |   64   ||    9    |
|      grp_fu_260      |  p1  |   2  |  64  |   128  ||    9    |
|      grp_fu_281      |  p0  |   2  |  32  |   64   ||    9    |
|      grp_fu_281      |  p1  |   2  |  32  |   64   ||    9    |
|----------------------|------|------|------|--------||---------||---------|
|         Total        |      |      |      |   514  ||  12.704 ||    63   |
|----------------------|------|------|------|--------||---------||---------|



* Summary:
+-----------+--------+--------+--------+--------+
|           |   DSP  |  Delay |   FF   |   LUT  |
+-----------+--------+--------+--------+--------+
|  Function |   66   |    7   |  5844  |  3346  |
|   Memory  |    -   |    -   |    -   |    -   |
|Multiplexer|    -   |   12   |    -   |   63   |
|  Register |    -   |    -   |  1729  |    -   |
+-----------+--------+--------+--------+--------+
|   Total   |   66   |   20   |  7573  |  3409  |
+-----------+--------+--------+--------+--------+
