

================================================================
== Vitis HLS Report for 'Conv2D_HW_Pipeline_VITIS_LOOP_25_4_VITIS_LOOP_26_5_VITIS_LOOP_27_6'
================================================================
* Date:           Mon Mar 16 12:37:52 2026

* Version:        2022.2 (Build 3670227 on Oct 13 2022)
* Project:        midterm_vitis
* Solution:       solution1 (Vivado IP Flow Target)
* Product family: zynq
* Target device:  xc7z020-clg400-1


================================================================
== Performance Estimates
================================================================
+ Timing: 
    * Summary: 
    +--------+----------+----------+------------+
    |  Clock |  Target  | Estimated| Uncertainty|
    +--------+----------+----------+------------+
    |ap_clk  |  10.00 ns|  7.300 ns|     2.70 ns|
    +--------+----------+----------+------------+

+ Latency: 
    * Summary: 
    +---------+---------+----------+----------+-----+-----+---------+
    |  Latency (cycles) |  Latency (absolute) |  Interval | Pipeline|
    |   min   |   max   |    min   |    max   | min | max |   Type  |
    +---------+---------+----------+----------+-----+-----+---------+
    |        ?|        ?|         ?|         ?|    ?|    ?|       no|
    +---------+---------+----------+----------+-----+-----+---------+

    + Detail: 
        * Instance: 
        N/A

        * Loop: 
        +---------------------------------------------------+---------+---------+----------+-----------+-----------+------+----------+
        |                                                   |  Latency (cycles) | Iteration|  Initiation Interval  | Trip |          |
        |                     Loop Name                     |   min   |   max   |  Latency |  achieved |   target  | Count| Pipelined|
        +---------------------------------------------------+---------+---------+----------+-----------+-----------+------+----------+
        |- VITIS_LOOP_25_4_VITIS_LOOP_26_5_VITIS_LOOP_27_6  |        ?|        ?|        19|          2|          1|     ?|       yes|
        +---------------------------------------------------+---------+---------+----------+-----------+-----------+------+----------+



================================================================
== Utilization Estimates
================================================================
* Summary: 
+-----------------+---------+-----+--------+-------+-----+
|       Name      | BRAM_18K| DSP |   FF   |  LUT  | URAM|
+-----------------+---------+-----+--------+-------+-----+
|DSP              |        -|    -|       -|      -|    -|
|Expression       |        -|    -|       0|   1543|    -|
|FIFO             |        -|    -|       -|      -|    -|
|Instance         |        -|   12|     660|    200|    -|
|Memory           |        -|    -|       -|      -|    -|
|Multiplexer      |        -|    -|       -|    127|    -|
|Register         |        -|    -|    1855|     96|    -|
+-----------------+---------+-----+--------+-------+-----+
|Total            |        0|   12|    2515|   1966|    0|
+-----------------+---------+-----+--------+-------+-----+
|Available        |      280|  220|  106400|  53200|    0|
+-----------------+---------+-----+--------+-------+-----+
|Utilization (%)  |        0|    5|       2|      3|    0|
+-----------------+---------+-----+--------+-------+-----+

+ Detail: 
    * Instance: 
    +------------------------+--------------------+---------+----+-----+----+-----+
    |        Instance        |       Module       | BRAM_18K| DSP|  FF | LUT| URAM|
    +------------------------+--------------------+---------+----+-----+----+-----+
    |mul_32s_32s_32_2_1_U8   |mul_32s_32s_32_2_1  |        0|   3|  165|  50|    0|
    |mul_32s_32s_32_2_1_U9   |mul_32s_32s_32_2_1  |        0|   3|  165|  50|    0|
    |mul_32s_32s_32_2_1_U10  |mul_32s_32s_32_2_1  |        0|   3|  165|  50|    0|
    |mul_32s_32s_52_2_1_U11  |mul_32s_32s_52_2_1  |        0|   3|  165|  50|    0|
    +------------------------+--------------------+---------+----+-----+----+-----+
    |Total                   |                    |        0|  12|  660| 200|    0|
    +------------------------+--------------------+---------+----+-----+----+-----+

    * DSP: 
    N/A

    * Memory: 
    N/A

    * FIFO: 
    N/A

    * Expression: 
    +---------------------------+----------+----+---+-----+------------+------------+
    |       Variable Name       | Operation| DSP| FF| LUT | Bitwidth P0| Bitwidth P1|
    +---------------------------+----------+----+---+-----+------------+------------+
    |acc_1_fu_717_p2            |         +|   0|  0|   39|          32|          32|
    |add_ln23_1_fu_642_p2       |         +|   0|  0|   41|          34|          34|
    |add_ln23_2_fu_658_p2       |         +|   0|  0|   71|          64|          64|
    |add_ln23_fu_548_p2         |         +|   0|  0|   71|          64|          64|
    |add_ln25_1_fu_368_p2       |         +|   0|  0|  103|          96|           1|
    |add_ln25_fu_316_p2         |         +|   0|  0|   39|          32|           1|
    |add_ln26_1_fu_416_p2       |         +|   0|  0|   71|          64|           1|
    |add_ln26_fu_358_p2         |         +|   0|  0|   39|          32|           1|
    |add_ln27_fu_410_p2         |         +|   0|  0|   39|          32|           1|
    |add_ln30_fu_570_p2         |         +|   0|  0|   70|          63|          63|
    |add_ln31_fu_677_p2         |         +|   0|  0|   70|          63|          63|
    |empty_36_fu_306_p2         |         +|   0|  0|   39|          32|          32|
    |empty_39_fu_476_p2         |         +|   0|  0|   41|          34|          34|
    |p_mid120_fu_515_p2         |         +|   0|  0|   41|          34|          34|
    |p_mid169_fu_498_p2         |         +|   0|  0|   40|          33|          33|
    |p_mid1_fu_397_p2           |         +|   0|  0|   39|          32|          32|
    |tmp3_fu_592_p2             |         +|   0|  0|   40|          33|          33|
    |tmp3_mid147_fu_610_p2      |         +|   0|  0|   40|          33|          33|
    |tmp3_mid1_fu_625_p2        |         +|   0|  0|   40|          33|          33|
    |tmp4_fu_467_p2             |         +|   0|  0|   40|          33|          33|
    |tmp4_mid1_fu_506_p2        |         +|   0|  0|   40|          33|          33|
    |ap_block_pp0_stage1_01001  |       and|   0|  0|    2|           1|           1|
    |ap_block_state7_io         |       and|   0|  0|    2|           1|           1|
    |icmp_ln25_fu_322_p2        |      icmp|   0|  0|   39|          96|          96|
    |icmp_ln26_fu_333_p2        |      icmp|   0|  0|   29|          64|          64|
    |icmp_ln27_fu_346_p2        |      icmp|   0|  0|   18|          32|          32|
    |ap_block_pp0_stage0_11001  |        or|   0|  0|    2|           1|           1|
    |ap_block_pp0_stage1_11001  |        or|   0|  0|    2|           1|           1|
    |or_ln23_fu_386_p2          |        or|   0|  0|    2|           1|           1|
    |select_ln23_1_fu_601_p3    |    select|   0|  0|   32|           1|          32|
    |select_ln23_2_fu_489_p3    |    select|   0|  0|   32|           1|          32|
    |select_ln23_3_fu_615_p3    |    select|   0|  0|   33|           1|          33|
    |select_ln23_4_fu_351_p3    |    select|   0|  0|    2|           1|           1|
    |select_ln23_5_fu_390_p3    |    select|   0|  0|   32|           1|           1|
    |select_ln23_6_fu_524_p3    |    select|   0|  0|   34|           1|          34|
    |select_ln23_7_fu_530_p3    |    select|   0|  0|   34|           1|          34|
    |select_ln23_8_fu_631_p3    |    select|   0|  0|   33|           1|          33|
    |select_ln23_fu_338_p3      |    select|   0|  0|   32|           1|           1|
    |select_ln25_fu_381_p3      |    select|   0|  0|   32|           1|          32|
    |select_ln26_1_fu_421_p3    |    select|   0|  0|   64|           1|           1|
    |select_ln26_fu_405_p3      |    select|   0|  0|   32|           1|          32|
    |ap_enable_pp0              |       xor|   0|  0|    2|           1|           2|
    +---------------------------+----------+----+---+-----+------------+------------+
    |Total                      |          |   0|  0| 1543|        1116|        1120|
    +---------------------------+----------+----+---+-----+------------+------------+

    * Multiplexer: 
    +-------------------------+----+-----------+-----+-----------+
    |           Name          | LUT| Input Size| Bits| Total Bits|
    +-------------------------+----+-----------+-----+-----------+
    |acc_fu_102               |   9|          2|   32|         64|
    |ap_NS_fsm                |  14|          3|    1|          3|
    |ap_done_int              |   9|          2|    1|          2|
    |ap_enable_reg_pp0_iter0  |   9|          2|    1|          2|
    |ap_enable_reg_pp0_iter3  |   9|          2|    1|          2|
    |cx_fu_106                |   9|          2|   32|         64|
    |cy_fu_110                |   9|          2|   32|         64|
    |gmem_blk_n_AR            |   9|          2|    1|          2|
    |gmem_blk_n_R             |   9|          2|    1|          2|
    |iChannel_fu_118          |   9|          2|   32|         64|
    |indvar_flatten93_fu_122  |   9|          2|   96|        192|
    |indvar_flatten_fu_114    |   9|          2|   64|        128|
    |m_axi_gmem_ARADDR        |  14|          3|   64|        192|
    +-------------------------+----+-----------+-----+-----------+
    |Total                    | 127|         28|  358|        781|
    +-------------------------+----+-----------+-----+-----------+

    * Register: 
    +-------------------------------------+----+----+-----+-----------+
    |                 Name                | FF | LUT| Bits| Const Bits|
    +-------------------------------------+----+----+-----+-----------+
    |acc_fu_102                           |  32|   0|   32|          0|
    |add_ln23_1_reg_1017                  |  34|   0|   34|          0|
    |add_ln25_reg_875                     |  32|   0|   32|          0|
    |add_ln26_reg_920                     |  32|   0|   32|          0|
    |ap_CS_fsm                            |   2|   0|    2|          0|
    |ap_done_reg                          |   1|   0|    1|          0|
    |ap_enable_reg_pp0_iter0_reg          |   1|   0|    1|          0|
    |ap_enable_reg_pp0_iter1              |   1|   0|    1|          0|
    |ap_enable_reg_pp0_iter2              |   1|   0|    1|          0|
    |ap_enable_reg_pp0_iter3              |   1|   0|    1|          0|
    |ap_enable_reg_pp0_iter4              |   1|   0|    1|          0|
    |ap_enable_reg_pp0_iter5              |   1|   0|    1|          0|
    |ap_enable_reg_pp0_iter6              |   1|   0|    1|          0|
    |ap_enable_reg_pp0_iter7              |   1|   0|    1|          0|
    |ap_enable_reg_pp0_iter8              |   1|   0|    1|          0|
    |ap_enable_reg_pp0_iter9              |   1|   0|    1|          0|
    |ap_loop_exit_ready_pp0_iter1_reg     |   1|   0|    1|          0|
    |ap_loop_exit_ready_pp0_iter2_reg     |   1|   0|    1|          0|
    |ap_loop_exit_ready_pp0_iter3_reg     |   1|   0|    1|          0|
    |ap_loop_exit_ready_pp0_iter4_reg     |   1|   0|    1|          0|
    |ap_loop_exit_ready_pp0_iter5_reg     |   1|   0|    1|          0|
    |ap_loop_exit_ready_pp0_iter6_reg     |   1|   0|    1|          0|
    |ap_loop_exit_ready_pp0_iter7_reg     |   1|   0|    1|          0|
    |ap_loop_exit_ready_pp0_iter8_reg     |   1|   0|    1|          0|
    |cx_cast_reg_1006                     |  32|   0|   63|         31|
    |cx_fu_106                            |  32|   0|   32|          0|
    |cx_load_reg_886                      |  32|   0|   32|          0|
    |cy_fu_110                            |  32|   0|   32|          0|
    |empty_35_reg_932                     |  32|   0|   32|          0|
    |empty_36_reg_870                     |  32|   0|   32|          0|
    |empty_37_reg_953                     |  32|   0|   32|          0|
    |empty_37_reg_953_pp0_iter2_reg       |  32|   0|   32|          0|
    |empty_38_reg_938                     |  32|   0|   32|          0|
    |empty_39_reg_980                     |  34|   0|   34|          0|
    |empty_reg_974                        |  32|   0|   32|          0|
    |filterValue_reg_1028                 |  32|   0|   32|          0|
    |filterValue_reg_1028_pp0_iter7_reg   |  32|   0|   32|          0|
    |gmem_addr_1_reg_1022                 |  64|   0|   64|          0|
    |gmem_addr_reg_1011                   |  64|   0|   64|          0|
    |iChannel_1_reg_858                   |  32|   0|   32|          0|
    |iChannel_fu_118                      |  32|   0|   32|          0|
    |icmp_ln25_reg_882                    |   1|   0|    1|          0|
    |icmp_ln26_reg_896                    |   1|   0|    1|          0|
    |indvar_flatten93_fu_122              |  96|   0|   96|          0|
    |indvar_flatten93_load_reg_865        |  96|   0|   96|          0|
    |indvar_flatten_fu_114                |  64|   0|   64|          0|
    |indvar_flatten_load_reg_891          |  64|   0|   64|          0|
    |p_cast8_mid145_cast_reg_837          |  32|   0|   33|          1|
    |p_mid110_reg_990                     |  32|   0|   32|          0|
    |p_mid118_reg_969                     |  32|   0|   32|          0|
    |p_mid120_reg_995                     |  34|   0|   34|          0|
    |p_mid137_reg_1000                    |  32|   0|   32|          0|
    |p_mid139_reg_963                     |  32|   0|   32|          0|
    |p_mid169_reg_985                     |  33|   0|   33|          0|
    |p_mid1_reg_948                       |  32|   0|   32|          0|
    |pixelValue_reg_1033                  |  32|   0|   32|          0|
    |select_ln23_4_reg_912                |   1|   0|    1|          0|
    |select_ln23_5_reg_943                |  32|   0|   32|          0|
    |select_ln23_5_reg_943_pp0_iter2_reg  |  32|   0|   32|          0|
    |select_ln23_reg_907                  |  32|   0|   32|          0|
    |tmp2_mid1_reg_958                    |  32|   0|   32|          0|
    |tmp2_reg_927                         |  32|   0|   32|          0|
    |tmp4_cast_mid167_cast_reg_848        |  32|   0|   33|          1|
    |trunc_ln1_reg_1048                   |  32|   0|   32|          0|
    |zext_ln20_1_cast_reg_842             |  32|   0|   33|          1|
    |zext_ln25_cast_reg_832               |  32|   0|   34|          2|
    |icmp_ln25_reg_882                    |  64|  32|    1|          0|
    |icmp_ln26_reg_896                    |  64|  32|    1|          0|
    |select_ln23_4_reg_912                |  64|  32|    1|          0|
    +-------------------------------------+----+----+-----+-----------+
    |Total                                |1855|  96| 1702|         36|
    +-------------------------------------+----+----+-----+-----------+



================================================================
== Interface
================================================================
* Summary: 
+---------------------+-----+-----+------------+--------------------------------------------------------------------+--------------+
|      RTL Ports      | Dir | Bits|  Protocol  |                            Source Object                           |    C Type    |
+---------------------+-----+-----+------------+--------------------------------------------------------------------+--------------+
|ap_clk               |   in|    1|  ap_ctrl_hs|  Conv2D_HW_Pipeline_VITIS_LOOP_25_4_VITIS_LOOP_26_5_VITIS_LOOP_27_6|  return value|
|ap_rst               |   in|    1|  ap_ctrl_hs|  Conv2D_HW_Pipeline_VITIS_LOOP_25_4_VITIS_LOOP_26_5_VITIS_LOOP_27_6|  return value|
|ap_start             |   in|    1|  ap_ctrl_hs|  Conv2D_HW_Pipeline_VITIS_LOOP_25_4_VITIS_LOOP_26_5_VITIS_LOOP_27_6|  return value|
|ap_done              |  out|    1|  ap_ctrl_hs|  Conv2D_HW_Pipeline_VITIS_LOOP_25_4_VITIS_LOOP_26_5_VITIS_LOOP_27_6|  return value|
|ap_idle              |  out|    1|  ap_ctrl_hs|  Conv2D_HW_Pipeline_VITIS_LOOP_25_4_VITIS_LOOP_26_5_VITIS_LOOP_27_6|  return value|
|ap_ready             |  out|    1|  ap_ctrl_hs|  Conv2D_HW_Pipeline_VITIS_LOOP_25_4_VITIS_LOOP_26_5_VITIS_LOOP_27_6|  return value|
|grp_fu_271_p_din0    |  out|   32|  ap_ctrl_hs|  Conv2D_HW_Pipeline_VITIS_LOOP_25_4_VITIS_LOOP_26_5_VITIS_LOOP_27_6|  return value|
|grp_fu_271_p_din1    |  out|   32|  ap_ctrl_hs|  Conv2D_HW_Pipeline_VITIS_LOOP_25_4_VITIS_LOOP_26_5_VITIS_LOOP_27_6|  return value|
|grp_fu_271_p_dout0   |   in|   32|  ap_ctrl_hs|  Conv2D_HW_Pipeline_VITIS_LOOP_25_4_VITIS_LOOP_26_5_VITIS_LOOP_27_6|  return value|
|grp_fu_271_p_ce      |  out|    1|  ap_ctrl_hs|  Conv2D_HW_Pipeline_VITIS_LOOP_25_4_VITIS_LOOP_26_5_VITIS_LOOP_27_6|  return value|
|grp_fu_344_p_din0    |  out|   32|  ap_ctrl_hs|  Conv2D_HW_Pipeline_VITIS_LOOP_25_4_VITIS_LOOP_26_5_VITIS_LOOP_27_6|  return value|
|grp_fu_344_p_din1    |  out|   32|  ap_ctrl_hs|  Conv2D_HW_Pipeline_VITIS_LOOP_25_4_VITIS_LOOP_26_5_VITIS_LOOP_27_6|  return value|
|grp_fu_344_p_dout0   |   in|   32|  ap_ctrl_hs|  Conv2D_HW_Pipeline_VITIS_LOOP_25_4_VITIS_LOOP_26_5_VITIS_LOOP_27_6|  return value|
|grp_fu_344_p_ce      |  out|    1|  ap_ctrl_hs|  Conv2D_HW_Pipeline_VITIS_LOOP_25_4_VITIS_LOOP_26_5_VITIS_LOOP_27_6|  return value|
|grp_fu_348_p_din0    |  out|   32|  ap_ctrl_hs|  Conv2D_HW_Pipeline_VITIS_LOOP_25_4_VITIS_LOOP_26_5_VITIS_LOOP_27_6|  return value|
|grp_fu_348_p_din1    |  out|   32|  ap_ctrl_hs|  Conv2D_HW_Pipeline_VITIS_LOOP_25_4_VITIS_LOOP_26_5_VITIS_LOOP_27_6|  return value|
|grp_fu_348_p_dout0   |   in|   32|  ap_ctrl_hs|  Conv2D_HW_Pipeline_VITIS_LOOP_25_4_VITIS_LOOP_26_5_VITIS_LOOP_27_6|  return value|
|grp_fu_348_p_ce      |  out|    1|  ap_ctrl_hs|  Conv2D_HW_Pipeline_VITIS_LOOP_25_4_VITIS_LOOP_26_5_VITIS_LOOP_27_6|  return value|
|grp_fu_352_p_din0    |  out|   32|  ap_ctrl_hs|  Conv2D_HW_Pipeline_VITIS_LOOP_25_4_VITIS_LOOP_26_5_VITIS_LOOP_27_6|  return value|
|grp_fu_352_p_din1    |  out|   32|  ap_ctrl_hs|  Conv2D_HW_Pipeline_VITIS_LOOP_25_4_VITIS_LOOP_26_5_VITIS_LOOP_27_6|  return value|
|grp_fu_352_p_dout0   |   in|   32|  ap_ctrl_hs|  Conv2D_HW_Pipeline_VITIS_LOOP_25_4_VITIS_LOOP_26_5_VITIS_LOOP_27_6|  return value|
|grp_fu_352_p_ce      |  out|    1|  ap_ctrl_hs|  Conv2D_HW_Pipeline_VITIS_LOOP_25_4_VITIS_LOOP_26_5_VITIS_LOOP_27_6|  return value|
|grp_fu_356_p_din0    |  out|   32|  ap_ctrl_hs|  Conv2D_HW_Pipeline_VITIS_LOOP_25_4_VITIS_LOOP_26_5_VITIS_LOOP_27_6|  return value|
|grp_fu_356_p_din1    |  out|   32|  ap_ctrl_hs|  Conv2D_HW_Pipeline_VITIS_LOOP_25_4_VITIS_LOOP_26_5_VITIS_LOOP_27_6|  return value|
|grp_fu_356_p_dout0   |   in|   32|  ap_ctrl_hs|  Conv2D_HW_Pipeline_VITIS_LOOP_25_4_VITIS_LOOP_26_5_VITIS_LOOP_27_6|  return value|
|grp_fu_356_p_ce      |  out|    1|  ap_ctrl_hs|  Conv2D_HW_Pipeline_VITIS_LOOP_25_4_VITIS_LOOP_26_5_VITIS_LOOP_27_6|  return value|
|grp_fu_363_p_din0    |  out|   32|  ap_ctrl_hs|  Conv2D_HW_Pipeline_VITIS_LOOP_25_4_VITIS_LOOP_26_5_VITIS_LOOP_27_6|  return value|
|grp_fu_363_p_din1    |  out|   32|  ap_ctrl_hs|  Conv2D_HW_Pipeline_VITIS_LOOP_25_4_VITIS_LOOP_26_5_VITIS_LOOP_27_6|  return value|
|grp_fu_363_p_dout0   |   in|   32|  ap_ctrl_hs|  Conv2D_HW_Pipeline_VITIS_LOOP_25_4_VITIS_LOOP_26_5_VITIS_LOOP_27_6|  return value|
|grp_fu_363_p_ce      |  out|    1|  ap_ctrl_hs|  Conv2D_HW_Pipeline_VITIS_LOOP_25_4_VITIS_LOOP_26_5_VITIS_LOOP_27_6|  return value|
|grp_fu_413_p_din0    |  out|   32|  ap_ctrl_hs|  Conv2D_HW_Pipeline_VITIS_LOOP_25_4_VITIS_LOOP_26_5_VITIS_LOOP_27_6|  return value|
|grp_fu_413_p_din1    |  out|   32|  ap_ctrl_hs|  Conv2D_HW_Pipeline_VITIS_LOOP_25_4_VITIS_LOOP_26_5_VITIS_LOOP_27_6|  return value|
|grp_fu_413_p_dout0   |   in|   32|  ap_ctrl_hs|  Conv2D_HW_Pipeline_VITIS_LOOP_25_4_VITIS_LOOP_26_5_VITIS_LOOP_27_6|  return value|
|grp_fu_413_p_ce      |  out|    1|  ap_ctrl_hs|  Conv2D_HW_Pipeline_VITIS_LOOP_25_4_VITIS_LOOP_26_5_VITIS_LOOP_27_6|  return value|
|m_axi_gmem_AWVALID   |  out|    1|       m_axi|                                                                gmem|       pointer|
|m_axi_gmem_AWREADY   |   in|    1|       m_axi|                                                                gmem|       pointer|
|m_axi_gmem_AWADDR    |  out|   64|       m_axi|                                                                gmem|       pointer|
|m_axi_gmem_AWID      |  out|    1|       m_axi|                                                                gmem|       pointer|
|m_axi_gmem_AWLEN     |  out|   32|       m_axi|                                                                gmem|       pointer|
|m_axi_gmem_AWSIZE    |  out|    3|       m_axi|                                                                gmem|       pointer|
|m_axi_gmem_AWBURST   |  out|    2|       m_axi|                                                                gmem|       pointer|
|m_axi_gmem_AWLOCK    |  out|    2|       m_axi|                                                                gmem|       pointer|
|m_axi_gmem_AWCACHE   |  out|    4|       m_axi|                                                                gmem|       pointer|
|m_axi_gmem_AWPROT    |  out|    3|       m_axi|                                                                gmem|       pointer|
|m_axi_gmem_AWQOS     |  out|    4|       m_axi|                                                                gmem|       pointer|
|m_axi_gmem_AWREGION  |  out|    4|       m_axi|                                                                gmem|       pointer|
|m_axi_gmem_AWUSER    |  out|    1|       m_axi|                                                                gmem|       pointer|
|m_axi_gmem_WVALID    |  out|    1|       m_axi|                                                                gmem|       pointer|
|m_axi_gmem_WREADY    |   in|    1|       m_axi|                                                                gmem|       pointer|
|m_axi_gmem_WDATA     |  out|   32|       m_axi|                                                                gmem|       pointer|
|m_axi_gmem_WSTRB     |  out|    4|       m_axi|                                                                gmem|       pointer|
|m_axi_gmem_WLAST     |  out|    1|       m_axi|                                                                gmem|       pointer|
|m_axi_gmem_WID       |  out|    1|       m_axi|                                                                gmem|       pointer|
|m_axi_gmem_WUSER     |  out|    1|       m_axi|                                                                gmem|       pointer|
|m_axi_gmem_ARVALID   |  out|    1|       m_axi|                                                                gmem|       pointer|
|m_axi_gmem_ARREADY   |   in|    1|       m_axi|                                                                gmem|       pointer|
|m_axi_gmem_ARADDR    |  out|   64|       m_axi|                                                                gmem|       pointer|
|m_axi_gmem_ARID      |  out|    1|       m_axi|                                                                gmem|       pointer|
|m_axi_gmem_ARLEN     |  out|   32|       m_axi|                                                                gmem|       pointer|
|m_axi_gmem_ARSIZE    |  out|    3|       m_axi|                                                                gmem|       pointer|
|m_axi_gmem_ARBURST   |  out|    2|       m_axi|                                                                gmem|       pointer|
|m_axi_gmem_ARLOCK    |  out|    2|       m_axi|                                                                gmem|       pointer|
|m_axi_gmem_ARCACHE   |  out|    4|       m_axi|                                                                gmem|       pointer|
|m_axi_gmem_ARPROT    |  out|    3|       m_axi|                                                                gmem|       pointer|
|m_axi_gmem_ARQOS     |  out|    4|       m_axi|                                                                gmem|       pointer|
|m_axi_gmem_ARREGION  |  out|    4|       m_axi|                                                                gmem|       pointer|
|m_axi_gmem_ARUSER    |  out|    1|       m_axi|                                                                gmem|       pointer|
|m_axi_gmem_RVALID    |   in|    1|       m_axi|                                                                gmem|       pointer|
|m_axi_gmem_RREADY    |  out|    1|       m_axi|                                                                gmem|       pointer|
|m_axi_gmem_RDATA     |   in|   32|       m_axi|                                                                gmem|       pointer|
|m_axi_gmem_RLAST     |   in|    1|       m_axi|                                                                gmem|       pointer|
|m_axi_gmem_RID       |   in|    1|       m_axi|                                                                gmem|       pointer|
|m_axi_gmem_RFIFONUM  |   in|    9|       m_axi|                                                                gmem|       pointer|
|m_axi_gmem_RUSER     |   in|    1|       m_axi|                                                                gmem|       pointer|
|m_axi_gmem_RRESP     |   in|    2|       m_axi|                                                                gmem|       pointer|
|m_axi_gmem_BVALID    |   in|    1|       m_axi|                                                                gmem|       pointer|
|m_axi_gmem_BREADY    |  out|    1|       m_axi|                                                                gmem|       pointer|
|m_axi_gmem_BRESP     |   in|    2|       m_axi|                                                                gmem|       pointer|
|m_axi_gmem_BID       |   in|    1|       m_axi|                                                                gmem|       pointer|
|m_axi_gmem_BUSER     |   in|    1|       m_axi|                                                                gmem|       pointer|
|inputWidth           |   in|   32|     ap_none|                                                          inputWidth|        scalar|
|inputHeight          |   in|   32|     ap_none|                                                         inputHeight|        scalar|
|mul_ln20             |   in|   32|     ap_none|                                                            mul_ln20|        scalar|
|select_ln20          |   in|   32|     ap_none|                                                         select_ln20|        scalar|
|convWidth            |   in|   32|     ap_none|                                                           convWidth|        scalar|
|zext_ln20_1          |   in|   32|     ap_none|                                                         zext_ln20_1|        scalar|
|mul_ln3_1            |   in|   96|     ap_none|                                                           mul_ln3_1|        scalar|
|mul_ln3              |   in|   64|     ap_none|                                                             mul_ln3|        scalar|
|p_cast8_mid145       |   in|   32|     ap_none|                                                      p_cast8_mid145|        scalar|
|tmp4_cast_mid167     |   in|   32|     ap_none|                                                    tmp4_cast_mid167|        scalar|
|icmp_ln27_1          |   in|    1|     ap_none|                                                         icmp_ln27_1|        scalar|
|coeffs               |   in|   64|     ap_none|                                                              coeffs|        scalar|
|zext_ln25            |   in|   32|     ap_none|                                                           zext_ln25|        scalar|
|input_r              |   in|   64|     ap_none|                                                             input_r|        scalar|
|acc_out              |  out|   32|      ap_vld|                                                             acc_out|       pointer|
|acc_out_ap_vld       |  out|    1|      ap_vld|                                                             acc_out|       pointer|
+---------------------+-----+-----+------------+--------------------------------------------------------------------+--------------+

============================================================
+ Verbose Summary: Synthesis Manager
============================================================
InlineROM: 1
ExposeGlobal: 0
============================================================
+ Verbose Summary: CDFG Model
============================================================
IsTopModel: 0
ResetActiveHigh: 1
IsCombinational: 2
IsDatapathOnly: 2
HasWiredReturn: 1
HasMFsm: 2
HasVarLatency: 1
IsPipeline: 0
IsRtlPipelined: 0
IsInstanceOverlapped: 0
IsDontTouch: 0
HasImplIP: 0
IsGatedGlobalClock: 0

+ Individual pipeline summary: 
  * Pipeline-0: initiation interval (II) = 2, depth = 20


============================================================
+ Verbose Summary: Schedule
============================================================
* Number of FSM states : 20
* Pipeline : 1
  Pipeline-0 : II = 2, D = 20, States = { 1 2 3 4 5 6 7 8 9 10 11 12 13 14 15 16 17 18 19 20 }
* Dataflow Pipeline: 0

* FSM state transitions: 
1 --> 2 
2 --> 3 
3 --> 4 
4 --> 5 
5 --> 6 
6 --> 7 
7 --> 8 
8 --> 9 
9 --> 10 
10 --> 11 
11 --> 12 
12 --> 13 
13 --> 14 
14 --> 15 
15 --> 16 
16 --> 17 
17 --> 18 
18 --> 19 
19 --> 20 
20 --> 

* FSM state operations: 

State 1 <SV = 0> <Delay = 1.58>
ST_1 : Operation 22 [1/1] (0.00ns)   --->   "%acc = alloca i32 1"   --->   Operation 22 'alloca' 'acc' <Predicate = true> <Delay = 0.00>
ST_1 : Operation 23 [1/1] (0.00ns)   --->   "%cx = alloca i32 1"   --->   Operation 23 'alloca' 'cx' <Predicate = true> <Delay = 0.00>
ST_1 : Operation 24 [1/1] (0.00ns)   --->   "%cy = alloca i32 1"   --->   Operation 24 'alloca' 'cy' <Predicate = true> <Delay = 0.00>
ST_1 : Operation 25 [1/1] (0.00ns)   --->   "%indvar_flatten = alloca i32 1"   --->   Operation 25 'alloca' 'indvar_flatten' <Predicate = true> <Delay = 0.00>
ST_1 : Operation 26 [1/1] (0.00ns)   --->   "%iChannel = alloca i32 1"   --->   Operation 26 'alloca' 'iChannel' <Predicate = true> <Delay = 0.00>
ST_1 : Operation 27 [1/1] (0.00ns)   --->   "%indvar_flatten93 = alloca i32 1"   --->   Operation 27 'alloca' 'indvar_flatten93' <Predicate = true> <Delay = 0.00>
ST_1 : Operation 28 [1/1] (0.00ns)   --->   "%input_r_read = read i64 @_ssdm_op_Read.ap_auto.i64, i64 %input_r"   --->   Operation 28 'read' 'input_r_read' <Predicate = true> <Delay = 0.00>
ST_1 : Operation 29 [1/1] (0.00ns)   --->   "%zext_ln25_read = read i32 @_ssdm_op_Read.ap_auto.i32, i32 %zext_ln25"   --->   Operation 29 'read' 'zext_ln25_read' <Predicate = true> <Delay = 0.00>
ST_1 : Operation 30 [1/1] (0.00ns)   --->   "%coeffs_read = read i64 @_ssdm_op_Read.ap_auto.i64, i64 %coeffs"   --->   Operation 30 'read' 'coeffs_read' <Predicate = true> <Delay = 0.00>
ST_1 : Operation 31 [1/1] (0.00ns)   --->   "%icmp_ln27_1_read = read i1 @_ssdm_op_Read.ap_auto.i1, i1 %icmp_ln27_1"   --->   Operation 31 'read' 'icmp_ln27_1_read' <Predicate = true> <Delay = 0.00>
ST_1 : Operation 32 [1/1] (0.00ns)   --->   "%tmp4_cast_mid167_read = read i32 @_ssdm_op_Read.ap_auto.i32, i32 %tmp4_cast_mid167"   --->   Operation 32 'read' 'tmp4_cast_mid167_read' <Predicate = true> <Delay = 0.00>
ST_1 : Operation 33 [1/1] (0.00ns)   --->   "%p_cast8_mid145_read = read i32 @_ssdm_op_Read.ap_auto.i32, i32 %p_cast8_mid145"   --->   Operation 33 'read' 'p_cast8_mid145_read' <Predicate = true> <Delay = 0.00>
ST_1 : Operation 34 [1/1] (0.00ns)   --->   "%mul_ln3_read = read i64 @_ssdm_op_Read.ap_auto.i64, i64 %mul_ln3"   --->   Operation 34 'read' 'mul_ln3_read' <Predicate = true> <Delay = 0.00>
ST_1 : Operation 35 [1/1] (0.00ns)   --->   "%mul_ln3_1_read = read i96 @_ssdm_op_Read.ap_auto.i96, i96 %mul_ln3_1"   --->   Operation 35 'read' 'mul_ln3_1_read' <Predicate = true> <Delay = 0.00>
ST_1 : Operation 36 [1/1] (0.00ns)   --->   "%zext_ln20_1_read = read i32 @_ssdm_op_Read.ap_auto.i32, i32 %zext_ln20_1"   --->   Operation 36 'read' 'zext_ln20_1_read' <Predicate = true> <Delay = 0.00>
ST_1 : Operation 37 [1/1] (0.00ns)   --->   "%convWidth_read = read i32 @_ssdm_op_Read.ap_auto.i32, i32 %convWidth"   --->   Operation 37 'read' 'convWidth_read' <Predicate = true> <Delay = 0.00>
ST_1 : Operation 38 [1/1] (0.00ns)   --->   "%select_ln20_read = read i32 @_ssdm_op_Read.ap_auto.i32, i32 %select_ln20"   --->   Operation 38 'read' 'select_ln20_read' <Predicate = true> <Delay = 0.00>
ST_1 : Operation 39 [1/1] (0.00ns)   --->   "%mul_ln20_read = read i32 @_ssdm_op_Read.ap_auto.i32, i32 %mul_ln20"   --->   Operation 39 'read' 'mul_ln20_read' <Predicate = true> <Delay = 0.00>
ST_1 : Operation 40 [1/1] (0.00ns)   --->   "%inputHeight_read = read i32 @_ssdm_op_Read.ap_auto.i32, i32 %inputHeight"   --->   Operation 40 'read' 'inputHeight_read' <Predicate = true> <Delay = 0.00>
ST_1 : Operation 41 [1/1] (0.00ns)   --->   "%inputWidth_read = read i32 @_ssdm_op_Read.ap_auto.i32, i32 %inputWidth"   --->   Operation 41 'read' 'inputWidth_read' <Predicate = true> <Delay = 0.00>
ST_1 : Operation 42 [1/1] (0.00ns)   --->   "%zext_ln25_cast = zext i32 %zext_ln25_read"   --->   Operation 42 'zext' 'zext_ln25_cast' <Predicate = true> <Delay = 0.00>
ST_1 : Operation 43 [1/1] (0.00ns)   --->   "%p_cast8_mid145_cast = zext i32 %p_cast8_mid145_read"   --->   Operation 43 'zext' 'p_cast8_mid145_cast' <Predicate = true> <Delay = 0.00>
ST_1 : Operation 44 [1/1] (0.00ns)   --->   "%zext_ln20_1_cast = zext i32 %zext_ln20_1_read"   --->   Operation 44 'zext' 'zext_ln20_1_cast' <Predicate = true> <Delay = 0.00>
ST_1 : Operation 45 [1/1] (0.00ns)   --->   "%tmp4_cast_mid167_cast = zext i32 %tmp4_cast_mid167_read"   --->   Operation 45 'zext' 'tmp4_cast_mid167_cast' <Predicate = true> <Delay = 0.00>
ST_1 : Operation 46 [1/1] (0.00ns)   --->   "%specinterface_ln0 = specinterface void @_ssdm_op_SpecInterface, i32 %gmem, void @empty_4, i32 0, i32 0, void @empty_5, i32 0, i32 0, void @empty_6, void @empty_17, void @empty_5, i32 16, i32 16, i32 16, i32 16, void @empty_5, void @empty_5, i32 4294967295, i32 0"   --->   Operation 46 'specinterface' 'specinterface_ln0' <Predicate = true> <Delay = 0.00>
ST_1 : Operation 47 [1/1] (1.58ns)   --->   "%store_ln0 = store i96 0, i96 %indvar_flatten93"   --->   Operation 47 'store' 'store_ln0' <Predicate = true> <Delay = 1.58>
ST_1 : Operation 48 [1/1] (1.58ns)   --->   "%store_ln0 = store i32 0, i32 %iChannel"   --->   Operation 48 'store' 'store_ln0' <Predicate = true> <Delay = 1.58>
ST_1 : Operation 49 [1/1] (1.58ns)   --->   "%store_ln0 = store i64 0, i64 %indvar_flatten"   --->   Operation 49 'store' 'store_ln0' <Predicate = true> <Delay = 1.58>
ST_1 : Operation 50 [1/1] (1.58ns)   --->   "%store_ln0 = store i32 0, i32 %cy"   --->   Operation 50 'store' 'store_ln0' <Predicate = true> <Delay = 1.58>
ST_1 : Operation 51 [1/1] (1.58ns)   --->   "%store_ln0 = store i32 0, i32 %cx"   --->   Operation 51 'store' 'store_ln0' <Predicate = true> <Delay = 1.58>
ST_1 : Operation 52 [1/1] (1.58ns)   --->   "%store_ln0 = store i32 0, i32 %acc"   --->   Operation 52 'store' 'store_ln0' <Predicate = true> <Delay = 1.58>
ST_1 : Operation 53 [1/1] (0.00ns)   --->   "%br_ln0 = br void %for.inc"   --->   Operation 53 'br' 'br_ln0' <Predicate = true> <Delay = 0.00>

State 2 <SV = 1> <Delay = 6.91>
ST_2 : Operation 54 [1/1] (0.00ns)   --->   "%cy_1 = load i32 %cy"   --->   Operation 54 'load' 'cy_1' <Predicate = true> <Delay = 0.00>
ST_2 : Operation 55 [1/1] (0.00ns)   --->   "%iChannel_1 = load i32 %iChannel"   --->   Operation 55 'load' 'iChannel_1' <Predicate = true> <Delay = 0.00>
ST_2 : Operation 56 [1/1] (0.00ns)   --->   "%indvar_flatten93_load = load i96 %indvar_flatten93" [HLS/conv2d.cpp:25]   --->   Operation 56 'load' 'indvar_flatten93_load' <Predicate = true> <Delay = 0.00>
ST_2 : Operation 57 [2/2] (6.91ns)   --->   "%tmp2 = mul i32 %iChannel_1, i32 %inputWidth_read"   --->   Operation 57 'mul' 'tmp2' <Predicate = true> <Delay = 6.91> <CoreInst = "Multiplier">   --->   Core 3 'Multiplier' <Latency = 1> <II = 1> <Delay = 6.91> <FuncUnit> <Opcode : 'mul'> <InPorts = 2> <OutPorts = 1>
ST_2 : Operation 58 [2/2] (6.91ns)   --->   "%empty_35 = mul i32 %iChannel_1, i32 %mul_ln20_read"   --->   Operation 58 'mul' 'empty_35' <Predicate = true> <Delay = 6.91> <CoreInst = "Multiplier">   --->   Core 3 'Multiplier' <Latency = 1> <II = 1> <Delay = 6.91> <FuncUnit> <Opcode : 'mul'> <InPorts = 2> <OutPorts = 1>
ST_2 : Operation 59 [1/1] (2.55ns)   --->   "%empty_36 = add i32 %cy_1, i32 %select_ln20_read"   --->   Operation 59 'add' 'empty_36' <Predicate = true> <Delay = 2.55> <CoreInst = "Adder">   --->   Core 1 'Adder' <Latency = 0> <II = 1> <Delay = 2.55> <FuncUnit> <Opcode : 'add' 'sub'> <InPorts = 2> <OutPorts = 1>
ST_2 : Operation 60 [2/2] (6.91ns)   --->   "%empty_38 = mul i32 %cy_1, i32 %convWidth_read"   --->   Operation 60 'mul' 'empty_38' <Predicate = true> <Delay = 6.91> <CoreInst = "Multiplier">   --->   Core 3 'Multiplier' <Latency = 1> <II = 1> <Delay = 6.91> <FuncUnit> <Opcode : 'mul'> <InPorts = 2> <OutPorts = 1>
ST_2 : Operation 61 [1/1] (2.55ns)   --->   "%add_ln25 = add i32 %iChannel_1, i32 1" [HLS/conv2d.cpp:25]   --->   Operation 61 'add' 'add_ln25' <Predicate = true> <Delay = 2.55> <CoreInst = "Adder">   --->   Core 1 'Adder' <Latency = 0> <II = 1> <Delay = 2.55> <FuncUnit> <Opcode : 'add' 'sub'> <InPorts = 2> <OutPorts = 1>
ST_2 : Operation 62 [1/1] (3.12ns)   --->   "%icmp_ln25 = icmp_eq  i96 %indvar_flatten93_load, i96 %mul_ln3_1_read" [HLS/conv2d.cpp:25]   --->   Operation 62 'icmp' 'icmp_ln25' <Predicate = true> <Delay = 3.12> <CoreInst = "Cmp">   --->   Core 9 'Cmp' <Latency = 0> <II = 1> <Delay = 3.12> <FuncUnit> <Opcode : 'icmp'> <InPorts = 2> <OutPorts = 1>
ST_2 : Operation 63 [1/1] (0.00ns)   --->   "%br_ln25 = br i1 %icmp_ln25, void %for.inc47.loopexit, void %for.inc62.loopexit.exitStub" [HLS/conv2d.cpp:25]   --->   Operation 63 'br' 'br_ln25' <Predicate = true> <Delay = 0.00>
ST_2 : Operation 64 [1/1] (0.00ns)   --->   "%cx_load = load i32 %cx" [HLS/conv2d.cpp:27]   --->   Operation 64 'load' 'cx_load' <Predicate = (!icmp_ln25)> <Delay = 0.00>
ST_2 : Operation 65 [1/1] (0.00ns)   --->   "%indvar_flatten_load = load i64 %indvar_flatten" [HLS/conv2d.cpp:26]   --->   Operation 65 'load' 'indvar_flatten_load' <Predicate = (!icmp_ln25)> <Delay = 0.00>
ST_2 : Operation 66 [1/1] (2.77ns)   --->   "%icmp_ln26 = icmp_eq  i64 %indvar_flatten_load, i64 %mul_ln3_read" [HLS/conv2d.cpp:26]   --->   Operation 66 'icmp' 'icmp_ln26' <Predicate = (!icmp_ln25)> <Delay = 2.77> <CoreInst = "Cmp">   --->   Core 9 'Cmp' <Latency = 0> <II = 1> <Delay = 2.77> <FuncUnit> <Opcode : 'icmp'> <InPorts = 2> <OutPorts = 1>
ST_2 : Operation 67 [1/1] (0.69ns)   --->   "%select_ln23 = select i1 %icmp_ln26, i32 0, i32 %cy_1" [HLS/conv2d.cpp:23]   --->   Operation 67 'select' 'select_ln23' <Predicate = (!icmp_ln25)> <Delay = 0.69> <CoreInst = "Sel">   --->   Core 73 'Sel' <Latency = 0> <II = 1> <Delay = 0.69> <FuncUnit> <Opcode : 'select'> <InPorts = 3> <OutPorts = 1>
ST_2 : Operation 68 [1/1] (2.47ns)   --->   "%icmp_ln27 = icmp_eq  i32 %cx_load, i32 %convWidth_read" [HLS/conv2d.cpp:27]   --->   Operation 68 'icmp' 'icmp_ln27' <Predicate = (!icmp_ln25)> <Delay = 2.47> <CoreInst = "Cmp">   --->   Core 9 'Cmp' <Latency = 0> <II = 1> <Delay = 2.47> <FuncUnit> <Opcode : 'icmp'> <InPorts = 2> <OutPorts = 1>
ST_2 : Operation 69 [1/1] (0.99ns)   --->   "%select_ln23_4 = select i1 %icmp_ln26, i1 %icmp_ln27_1_read, i1 %icmp_ln27" [HLS/conv2d.cpp:23]   --->   Operation 69 'select' 'select_ln23_4' <Predicate = (!icmp_ln25)> <Delay = 0.99> <CoreInst = "Sel">   --->   Core 73 'Sel' <Latency = 0> <II = 1> <Delay = 0.99> <FuncUnit> <Opcode : 'select'> <InPorts = 3> <OutPorts = 1>
ST_2 : Operation 70 [1/1] (2.55ns)   --->   "%add_ln26 = add i32 %select_ln23, i32 1" [HLS/conv2d.cpp:26]   --->   Operation 70 'add' 'add_ln26' <Predicate = (!icmp_ln25)> <Delay = 2.55> <CoreInst = "Adder">   --->   Core 1 'Adder' <Latency = 0> <II = 1> <Delay = 2.55> <FuncUnit> <Opcode : 'add' 'sub'> <InPorts = 2> <OutPorts = 1>

State 3 <SV = 2> <Delay = 6.91>
ST_3 : Operation 71 [1/2] (6.91ns)   --->   "%tmp2 = mul i32 %iChannel_1, i32 %inputWidth_read"   --->   Operation 71 'mul' 'tmp2' <Predicate = true> <Delay = 6.91> <CoreInst = "Multiplier">   --->   Core 3 'Multiplier' <Latency = 1> <II = 1> <Delay = 6.91> <FuncUnit> <Opcode : 'mul'> <InPorts = 2> <OutPorts = 1>
ST_3 : Operation 72 [1/2] (6.91ns)   --->   "%empty_35 = mul i32 %iChannel_1, i32 %mul_ln20_read"   --->   Operation 72 'mul' 'empty_35' <Predicate = true> <Delay = 6.91> <CoreInst = "Multiplier">   --->   Core 3 'Multiplier' <Latency = 1> <II = 1> <Delay = 6.91> <FuncUnit> <Opcode : 'mul'> <InPorts = 2> <OutPorts = 1>
ST_3 : Operation 73 [2/2] (6.91ns)   --->   "%empty_37 = mul i32 %empty_36, i32 %inputWidth_read"   --->   Operation 73 'mul' 'empty_37' <Predicate = (!icmp_ln26 & !select_ln23_4)> <Delay = 6.91> <CoreInst = "Multiplier">   --->   Core 3 'Multiplier' <Latency = 1> <II = 1> <Delay = 6.91> <FuncUnit> <Opcode : 'mul'> <InPorts = 2> <OutPorts = 1>
ST_3 : Operation 74 [1/2] (6.91ns)   --->   "%empty_38 = mul i32 %cy_1, i32 %convWidth_read"   --->   Operation 74 'mul' 'empty_38' <Predicate = true> <Delay = 6.91> <CoreInst = "Multiplier">   --->   Core 3 'Multiplier' <Latency = 1> <II = 1> <Delay = 6.91> <FuncUnit> <Opcode : 'mul'> <InPorts = 2> <OutPorts = 1>
ST_3 : Operation 75 [1/1] (4.43ns)   --->   "%add_ln25_1 = add i96 %indvar_flatten93_load, i96 1" [HLS/conv2d.cpp:25]   --->   Operation 75 'add' 'add_ln25_1' <Predicate = true> <Delay = 4.43> <CoreInst = "Adder">   --->   Core 1 'Adder' <Latency = 0> <II = 1> <Delay = 4.43> <FuncUnit> <Opcode : 'add' 'sub'> <InPorts = 2> <OutPorts = 1>
ST_3 : Operation 76 [2/2] (6.91ns)   --->   "%tmp2_mid1 = mul i32 %add_ln25, i32 %inputWidth_read" [HLS/conv2d.cpp:25]   --->   Operation 76 'mul' 'tmp2_mid1' <Predicate = (!icmp_ln25)> <Delay = 6.91> <CoreInst = "Multiplier">   --->   Core 3 'Multiplier' <Latency = 1> <II = 1> <Delay = 6.91> <FuncUnit> <Opcode : 'mul'> <InPorts = 2> <OutPorts = 1>
ST_3 : Operation 77 [2/2] (6.91ns)   --->   "%p_mid139 = mul i32 %add_ln25, i32 %mul_ln20_read" [HLS/conv2d.cpp:25]   --->   Operation 77 'mul' 'p_mid139' <Predicate = (!icmp_ln25)> <Delay = 6.91> <CoreInst = "Multiplier">   --->   Core 3 'Multiplier' <Latency = 1> <II = 1> <Delay = 6.91> <FuncUnit> <Opcode : 'mul'> <InPorts = 2> <OutPorts = 1>
ST_3 : Operation 78 [1/1] (0.69ns)   --->   "%select_ln25 = select i1 %icmp_ln26, i32 %add_ln25, i32 %iChannel_1" [HLS/conv2d.cpp:25]   --->   Operation 78 'select' 'select_ln25' <Predicate = (!icmp_ln25)> <Delay = 0.69> <CoreInst = "Sel">   --->   Core 73 'Sel' <Latency = 0> <II = 1> <Delay = 0.69> <FuncUnit> <Opcode : 'select'> <InPorts = 3> <OutPorts = 1>
ST_3 : Operation 79 [1/1] (0.00ns) (grouped into LUT with out node select_ln23_5)   --->   "%or_ln23 = or i1 %select_ln23_4, i1 %icmp_ln26" [HLS/conv2d.cpp:23]   --->   Operation 79 'or' 'or_ln23' <Predicate = (!icmp_ln25)> <Delay = 0.00> <CoreInst = "LogicGate">   --->   Core 74 'LogicGate' <Latency = 0> <II = 1> <Delay = 0.97> <FuncUnit> <Opcode : 'and' 'or' 'xor'> <InPorts = 2> <OutPorts = 1>
ST_3 : Operation 80 [1/1] (0.97ns) (out node of the LUT)   --->   "%select_ln23_5 = select i1 %or_ln23, i32 0, i32 %cx_load" [HLS/conv2d.cpp:23]   --->   Operation 80 'select' 'select_ln23_5' <Predicate = (!icmp_ln25)> <Delay = 0.97> <CoreInst = "Sel">   --->   Core 73 'Sel' <Latency = 0> <II = 1> <Delay = 0.69> <FuncUnit> <Opcode : 'select'> <InPorts = 3> <OutPorts = 1>
ST_3 : Operation 81 [1/1] (2.55ns)   --->   "%p_mid1 = add i32 %add_ln26, i32 %select_ln20_read" [HLS/conv2d.cpp:26]   --->   Operation 81 'add' 'p_mid1' <Predicate = (!icmp_ln25 & select_ln23_4)> <Delay = 2.55> <CoreInst = "Adder">   --->   Core 1 'Adder' <Latency = 0> <II = 1> <Delay = 2.55> <FuncUnit> <Opcode : 'add' 'sub'> <InPorts = 2> <OutPorts = 1>
ST_3 : Operation 82 [2/2] (6.91ns)   --->   "%p_mid118 = mul i32 %add_ln26, i32 %convWidth_read" [HLS/conv2d.cpp:26]   --->   Operation 82 'mul' 'p_mid118' <Predicate = (!icmp_ln25 & select_ln23_4)> <Delay = 6.91> <CoreInst = "Multiplier">   --->   Core 3 'Multiplier' <Latency = 1> <II = 1> <Delay = 6.91> <FuncUnit> <Opcode : 'mul'> <InPorts = 2> <OutPorts = 1>
ST_3 : Operation 83 [1/1] (0.69ns)   --->   "%select_ln26 = select i1 %select_ln23_4, i32 %add_ln26, i32 %select_ln23" [HLS/conv2d.cpp:26]   --->   Operation 83 'select' 'select_ln26' <Predicate = (!icmp_ln25)> <Delay = 0.69> <CoreInst = "Sel">   --->   Core 73 'Sel' <Latency = 0> <II = 1> <Delay = 0.69> <FuncUnit> <Opcode : 'select'> <InPorts = 3> <OutPorts = 1>
ST_3 : Operation 84 [1/1] (2.55ns)   --->   "%add_ln27 = add i32 %select_ln23_5, i32 1" [HLS/conv2d.cpp:27]   --->   Operation 84 'add' 'add_ln27' <Predicate = (!icmp_ln25)> <Delay = 2.55> <CoreInst = "Adder">   --->   Core 1 'Adder' <Latency = 0> <II = 1> <Delay = 2.55> <FuncUnit> <Opcode : 'add' 'sub'> <InPorts = 2> <OutPorts = 1>
ST_3 : Operation 85 [1/1] (3.52ns)   --->   "%add_ln26_1 = add i64 %indvar_flatten_load, i64 1" [HLS/conv2d.cpp:26]   --->   Operation 85 'add' 'add_ln26_1' <Predicate = (!icmp_ln25 & !icmp_ln26)> <Delay = 3.52> <CoreInst = "Adder">   --->   Core 1 'Adder' <Latency = 0> <II = 1> <Delay = 3.52> <FuncUnit> <Opcode : 'add' 'sub'> <InPorts = 2> <OutPorts = 1>
ST_3 : Operation 86 [1/1] (1.48ns)   --->   "%select_ln26_1 = select i1 %icmp_ln26, i64 1, i64 %add_ln26_1" [HLS/conv2d.cpp:26]   --->   Operation 86 'select' 'select_ln26_1' <Predicate = (!icmp_ln25)> <Delay = 1.48> <CoreInst = "Sel">   --->   Core 73 'Sel' <Latency = 0> <II = 1> <Delay = 1.48> <FuncUnit> <Opcode : 'select'> <InPorts = 3> <OutPorts = 1>
ST_3 : Operation 87 [1/1] (1.58ns)   --->   "%store_ln27 = store i96 %add_ln25_1, i96 %indvar_flatten93" [HLS/conv2d.cpp:27]   --->   Operation 87 'store' 'store_ln27' <Predicate = (!icmp_ln25)> <Delay = 1.58>
ST_3 : Operation 88 [1/1] (1.58ns)   --->   "%store_ln27 = store i32 %select_ln25, i32 %iChannel" [HLS/conv2d.cpp:27]   --->   Operation 88 'store' 'store_ln27' <Predicate = (!icmp_ln25)> <Delay = 1.58>
ST_3 : Operation 89 [1/1] (1.58ns)   --->   "%store_ln27 = store i64 %select_ln26_1, i64 %indvar_flatten" [HLS/conv2d.cpp:27]   --->   Operation 89 'store' 'store_ln27' <Predicate = (!icmp_ln25)> <Delay = 1.58>
ST_3 : Operation 90 [1/1] (1.58ns)   --->   "%store_ln27 = store i32 %select_ln26, i32 %cy" [HLS/conv2d.cpp:27]   --->   Operation 90 'store' 'store_ln27' <Predicate = (!icmp_ln25)> <Delay = 1.58>
ST_3 : Operation 91 [1/1] (1.58ns)   --->   "%store_ln27 = store i32 %add_ln27, i32 %cx" [HLS/conv2d.cpp:27]   --->   Operation 91 'store' 'store_ln27' <Predicate = (!icmp_ln25)> <Delay = 1.58>

State 4 <SV = 3> <Delay = 6.91>
ST_4 : Operation 92 [2/2] (6.91ns)   --->   "%empty = mul i32 %tmp2, i32 %inputHeight_read"   --->   Operation 92 'mul' 'empty' <Predicate = true> <Delay = 6.91> <CoreInst = "Multiplier">   --->   Core 3 'Multiplier' <Latency = 1> <II = 1> <Delay = 6.91> <FuncUnit> <Opcode : 'mul'> <InPorts = 2> <OutPorts = 1>
ST_4 : Operation 93 [1/2] (6.91ns)   --->   "%empty_37 = mul i32 %empty_36, i32 %inputWidth_read"   --->   Operation 93 'mul' 'empty_37' <Predicate = (!icmp_ln26 & !select_ln23_4)> <Delay = 6.91> <CoreInst = "Multiplier">   --->   Core 3 'Multiplier' <Latency = 1> <II = 1> <Delay = 6.91> <FuncUnit> <Opcode : 'mul'> <InPorts = 2> <OutPorts = 1>
ST_4 : Operation 94 [1/2] (6.91ns)   --->   "%tmp2_mid1 = mul i32 %add_ln25, i32 %inputWidth_read" [HLS/conv2d.cpp:25]   --->   Operation 94 'mul' 'tmp2_mid1' <Predicate = (!icmp_ln25)> <Delay = 6.91> <CoreInst = "Multiplier">   --->   Core 3 'Multiplier' <Latency = 1> <II = 1> <Delay = 6.91> <FuncUnit> <Opcode : 'mul'> <InPorts = 2> <OutPorts = 1>
ST_4 : Operation 95 [1/2] (6.91ns)   --->   "%p_mid139 = mul i32 %add_ln25, i32 %mul_ln20_read" [HLS/conv2d.cpp:25]   --->   Operation 95 'mul' 'p_mid139' <Predicate = (!icmp_ln25)> <Delay = 6.91> <CoreInst = "Multiplier">   --->   Core 3 'Multiplier' <Latency = 1> <II = 1> <Delay = 6.91> <FuncUnit> <Opcode : 'mul'> <InPorts = 2> <OutPorts = 1>
ST_4 : Operation 96 [2/2] (6.91ns)   --->   "%p_mid110 = mul i32 %p_mid1, i32 %inputWidth_read" [HLS/conv2d.cpp:26]   --->   Operation 96 'mul' 'p_mid110' <Predicate = (!icmp_ln25 & select_ln23_4)> <Delay = 6.91> <CoreInst = "Multiplier">   --->   Core 3 'Multiplier' <Latency = 1> <II = 1> <Delay = 6.91> <FuncUnit> <Opcode : 'mul'> <InPorts = 2> <OutPorts = 1>
ST_4 : Operation 97 [1/2] (6.91ns)   --->   "%p_mid118 = mul i32 %add_ln26, i32 %convWidth_read" [HLS/conv2d.cpp:26]   --->   Operation 97 'mul' 'p_mid118' <Predicate = (!icmp_ln25 & select_ln23_4)> <Delay = 6.91> <CoreInst = "Multiplier">   --->   Core 3 'Multiplier' <Latency = 1> <II = 1> <Delay = 6.91> <FuncUnit> <Opcode : 'mul'> <InPorts = 2> <OutPorts = 1>

State 5 <SV = 4> <Delay = 6.91>
ST_5 : Operation 98 [1/2] (6.91ns)   --->   "%empty = mul i32 %tmp2, i32 %inputHeight_read"   --->   Operation 98 'mul' 'empty' <Predicate = true> <Delay = 6.91> <CoreInst = "Multiplier">   --->   Core 3 'Multiplier' <Latency = 1> <II = 1> <Delay = 6.91> <FuncUnit> <Opcode : 'mul'> <InPorts = 2> <OutPorts = 1>
ST_5 : Operation 99 [1/1] (0.00ns)   --->   "%zext_ln26 = zext i32 %empty_35" [HLS/conv2d.cpp:26]   --->   Operation 99 'zext' 'zext_ln26' <Predicate = (!icmp_ln26 & !select_ln23_4)> <Delay = 0.00>
ST_5 : Operation 100 [1/1] (0.00ns)   --->   "%p_cast11 = zext i32 %empty_38"   --->   Operation 100 'zext' 'p_cast11' <Predicate = (!icmp_ln26 & !select_ln23_4)> <Delay = 0.00>
ST_5 : Operation 101 [1/1] (2.55ns)   --->   "%tmp4 = add i33 %zext_ln20_1_cast, i33 %p_cast11"   --->   Operation 101 'add' 'tmp4' <Predicate = (!icmp_ln26 & !select_ln23_4)> <Delay = 2.55> <CoreInst = "Adder">   --->   Core 1 'Adder' <Latency = 0> <II = 1> <Delay = 2.59> <FuncUnit> <Opcode : 'add' 'sub'> <InPorts = 2> <OutPorts = 1>
ST_5 : Operation 102 [1/1] (0.00ns)   --->   "%tmp4_cast = zext i33 %tmp4"   --->   Operation 102 'zext' 'tmp4_cast' <Predicate = (!icmp_ln26 & !select_ln23_4)> <Delay = 0.00>
ST_5 : Operation 103 [1/1] (2.59ns)   --->   "%empty_39 = add i34 %tmp4_cast, i34 %zext_ln26" [HLS/conv2d.cpp:26]   --->   Operation 103 'add' 'empty_39' <Predicate = (!icmp_ln26 & !select_ln23_4)> <Delay = 2.59> <CoreInst = "Adder">   --->   Core 1 'Adder' <Latency = 0> <II = 1> <Delay = 2.63> <FuncUnit> <Opcode : 'add' 'sub'> <InPorts = 2> <OutPorts = 1>
ST_5 : Operation 104 [2/2] (6.91ns)   --->   "%p_mid137 = mul i32 %tmp2_mid1, i32 %inputHeight_read" [HLS/conv2d.cpp:25]   --->   Operation 104 'mul' 'p_mid137' <Predicate = (!icmp_ln25)> <Delay = 6.91> <CoreInst = "Multiplier">   --->   Core 3 'Multiplier' <Latency = 1> <II = 1> <Delay = 6.91> <FuncUnit> <Opcode : 'mul'> <InPorts = 2> <OutPorts = 1>
ST_5 : Operation 105 [1/1] (0.00ns)   --->   "%zext_ln23_5 = zext i32 %p_mid139" [HLS/conv2d.cpp:23]   --->   Operation 105 'zext' 'zext_ln23_5' <Predicate = (!icmp_ln25 & icmp_ln26 & !select_ln23_4)> <Delay = 0.00>
ST_5 : Operation 106 [1/1] (0.00ns) (grouped into LUT with out node p_mid120)   --->   "%select_ln23_2 = select i1 %icmp_ln26, i32 %p_mid139, i32 %empty_35" [HLS/conv2d.cpp:23]   --->   Operation 106 'select' 'select_ln23_2' <Predicate = (!icmp_ln25 & select_ln23_4)> <Delay = 0.00> <CoreInst = "Sel">   --->   Core 73 'Sel' <Latency = 0> <II = 1> <Delay = 0.69> <FuncUnit> <Opcode : 'select'> <InPorts = 3> <OutPorts = 1>
ST_5 : Operation 107 [1/1] (0.00ns) (grouped into LUT with out node p_mid120)   --->   "%zext_ln23_1 = zext i32 %select_ln23_2" [HLS/conv2d.cpp:23]   --->   Operation 107 'zext' 'zext_ln23_1' <Predicate = (!icmp_ln25 & select_ln23_4)> <Delay = 0.00>
ST_5 : Operation 108 [1/1] (2.55ns)   --->   "%p_mid169 = add i33 %tmp4_cast_mid167_cast, i33 %zext_ln23_5" [HLS/conv2d.cpp:23]   --->   Operation 108 'add' 'p_mid169' <Predicate = (!icmp_ln25 & icmp_ln26 & !select_ln23_4)> <Delay = 2.55> <CoreInst = "Adder">   --->   Core 1 'Adder' <Latency = 0> <II = 1> <Delay = 2.59> <FuncUnit> <Opcode : 'add' 'sub'> <InPorts = 2> <OutPorts = 1>
ST_5 : Operation 109 [1/2] (6.91ns)   --->   "%p_mid110 = mul i32 %p_mid1, i32 %inputWidth_read" [HLS/conv2d.cpp:26]   --->   Operation 109 'mul' 'p_mid110' <Predicate = (!icmp_ln25 & select_ln23_4)> <Delay = 6.91> <CoreInst = "Multiplier">   --->   Core 3 'Multiplier' <Latency = 1> <II = 1> <Delay = 6.91> <FuncUnit> <Opcode : 'mul'> <InPorts = 2> <OutPorts = 1>
ST_5 : Operation 110 [1/1] (0.00ns)   --->   "%p_cast11_mid1 = zext i32 %p_mid118" [HLS/conv2d.cpp:26]   --->   Operation 110 'zext' 'p_cast11_mid1' <Predicate = (!icmp_ln25 & select_ln23_4)> <Delay = 0.00>
ST_5 : Operation 111 [1/1] (2.55ns)   --->   "%tmp4_mid1 = add i33 %zext_ln20_1_cast, i33 %p_cast11_mid1" [HLS/conv2d.cpp:26]   --->   Operation 111 'add' 'tmp4_mid1' <Predicate = (!icmp_ln25 & select_ln23_4)> <Delay = 2.55> <CoreInst = "Adder">   --->   Core 1 'Adder' <Latency = 0> <II = 1> <Delay = 2.59> <FuncUnit> <Opcode : 'add' 'sub'> <InPorts = 2> <OutPorts = 1>
ST_5 : Operation 112 [1/1] (0.00ns) (grouped into LUT with out node p_mid120)   --->   "%tmp4_cast_mid1 = zext i33 %tmp4_mid1" [HLS/conv2d.cpp:26]   --->   Operation 112 'zext' 'tmp4_cast_mid1' <Predicate = (!icmp_ln25 & select_ln23_4)> <Delay = 0.00>
ST_5 : Operation 113 [1/1] (2.59ns) (out node of the LUT)   --->   "%p_mid120 = add i34 %tmp4_cast_mid1, i34 %zext_ln23_1" [HLS/conv2d.cpp:26]   --->   Operation 113 'add' 'p_mid120' <Predicate = (!icmp_ln25 & select_ln23_4)> <Delay = 2.59> <CoreInst = "Adder">   --->   Core 1 'Adder' <Latency = 0> <II = 1> <Delay = 2.63> <FuncUnit> <Opcode : 'add' 'sub'> <InPorts = 2> <OutPorts = 1>

State 6 <SV = 5> <Delay = 6.98>
ST_6 : Operation 114 [1/2] (6.91ns)   --->   "%p_mid137 = mul i32 %tmp2_mid1, i32 %inputHeight_read" [HLS/conv2d.cpp:25]   --->   Operation 114 'mul' 'p_mid137' <Predicate = (!icmp_ln25)> <Delay = 6.91> <CoreInst = "Multiplier">   --->   Core 3 'Multiplier' <Latency = 1> <II = 1> <Delay = 6.91> <FuncUnit> <Opcode : 'mul'> <InPorts = 2> <OutPorts = 1>
ST_6 : Operation 115 [1/1] (0.00ns) (grouped into LUT with out node add_ln23)   --->   "%zext_ln23_6 = zext i33 %p_mid169" [HLS/conv2d.cpp:23]   --->   Operation 115 'zext' 'zext_ln23_6' <Predicate = (!icmp_ln25 & icmp_ln26 & !select_ln23_4)> <Delay = 0.00>
ST_6 : Operation 116 [1/1] (0.00ns) (grouped into LUT with out node add_ln23)   --->   "%select_ln23_6 = select i1 %icmp_ln26, i34 %zext_ln23_6, i34 %empty_39" [HLS/conv2d.cpp:23]   --->   Operation 116 'select' 'select_ln23_6' <Predicate = (!icmp_ln25 & !select_ln23_4)> <Delay = 0.00> <CoreInst = "Sel">   --->   Core 73 'Sel' <Latency = 0> <II = 1> <Delay = 0.91> <FuncUnit> <Opcode : 'select'> <InPorts = 3> <OutPorts = 1>
ST_6 : Operation 117 [1/1] (0.00ns) (grouped into LUT with out node add_ln23)   --->   "%select_ln23_7 = select i1 %select_ln23_4, i34 %p_mid120, i34 %select_ln23_6" [HLS/conv2d.cpp:23]   --->   Operation 117 'select' 'select_ln23_7' <Predicate = (!icmp_ln25)> <Delay = 0.00> <CoreInst = "Sel">   --->   Core 73 'Sel' <Latency = 0> <II = 1> <Delay = 0.91> <FuncUnit> <Opcode : 'select'> <InPorts = 3> <OutPorts = 1>
ST_6 : Operation 118 [1/1] (0.00ns) (grouped into LUT with out node add_ln23)   --->   "%sext_ln27_mid2_v_v_v_v_v = bitconcatenate i36 @_ssdm_op_BitConcatenate.i36.i34.i2, i34 %select_ln23_7, i2 0" [HLS/conv2d.cpp:23]   --->   Operation 118 'bitconcatenate' 'sext_ln27_mid2_v_v_v_v_v' <Predicate = (!icmp_ln25)> <Delay = 0.00>
ST_6 : Operation 119 [1/1] (0.00ns) (grouped into LUT with out node add_ln23)   --->   "%zext_ln23_2 = zext i36 %sext_ln27_mid2_v_v_v_v_v" [HLS/conv2d.cpp:23]   --->   Operation 119 'zext' 'zext_ln23_2' <Predicate = (!icmp_ln25)> <Delay = 0.00>
ST_6 : Operation 120 [1/1] (3.52ns) (out node of the LUT)   --->   "%add_ln23 = add i64 %zext_ln23_2, i64 %coeffs_read" [HLS/conv2d.cpp:23]   --->   Operation 120 'add' 'add_ln23' <Predicate = (!icmp_ln25)> <Delay = 3.52> <CoreInst = "Adder">   --->   Core 1 'Adder' <Latency = 0> <II = 1> <Delay = 3.52> <FuncUnit> <Opcode : 'add' 'sub'> <InPorts = 2> <OutPorts = 1>
ST_6 : Operation 121 [1/1] (0.00ns)   --->   "%sext_ln27_mid2_v = partselect i62 @_ssdm_op_PartSelect.i62.i64.i32.i32, i64 %add_ln23, i32 2, i32 63" [HLS/conv2d.cpp:23]   --->   Operation 121 'partselect' 'sext_ln27_mid2_v' <Predicate = (!icmp_ln25)> <Delay = 0.00>
ST_6 : Operation 122 [1/1] (0.00ns)   --->   "%sext_ln23 = sext i62 %sext_ln27_mid2_v" [HLS/conv2d.cpp:23]   --->   Operation 122 'sext' 'sext_ln23' <Predicate = (!icmp_ln25)> <Delay = 0.00>
ST_6 : Operation 123 [1/1] (0.00ns)   --->   "%cx_cast = zext i32 %select_ln23_5" [HLS/conv2d.cpp:23]   --->   Operation 123 'zext' 'cx_cast' <Predicate = (!icmp_ln25)> <Delay = 0.00>
ST_6 : Operation 124 [1/1] (3.46ns)   --->   "%add_ln30 = add i63 %cx_cast, i63 %sext_ln23" [HLS/conv2d.cpp:30]   --->   Operation 124 'add' 'add_ln30' <Predicate = (!icmp_ln25)> <Delay = 3.46> <CoreInst = "Adder">   --->   Core 1 'Adder' <Latency = 0> <II = 1> <Delay = 3.49> <FuncUnit> <Opcode : 'add' 'sub'> <InPorts = 2> <OutPorts = 1>
ST_6 : Operation 125 [1/1] (0.00ns)   --->   "%sext_ln30 = sext i63 %add_ln30" [HLS/conv2d.cpp:30]   --->   Operation 125 'sext' 'sext_ln30' <Predicate = (!icmp_ln25)> <Delay = 0.00>
ST_6 : Operation 126 [1/1] (0.00ns)   --->   "%gmem_addr = getelementptr i32 %gmem, i64 %sext_ln30" [HLS/conv2d.cpp:30]   --->   Operation 126 'getelementptr' 'gmem_addr' <Predicate = (!icmp_ln25)> <Delay = 0.00>

State 7 <SV = 6> <Delay = 7.30>
ST_7 : Operation 127 [1/1] (0.00ns)   --->   "%specbitsmap_ln0 = specbitsmap void @_ssdm_op_SpecBitsMap, i32 %gmem"   --->   Operation 127 'specbitsmap' 'specbitsmap_ln0' <Predicate = true> <Delay = 0.00>
ST_7 : Operation 128 [1/1] (0.00ns)   --->   "%p_cast7 = zext i32 %empty"   --->   Operation 128 'zext' 'p_cast7' <Predicate = (!icmp_ln26 & !select_ln23_4)> <Delay = 0.00>
ST_7 : Operation 129 [1/1] (0.00ns)   --->   "%p_cast8 = zext i32 %empty_37"   --->   Operation 129 'zext' 'p_cast8' <Predicate = (!icmp_ln26 & !select_ln23_4)> <Delay = 0.00>
ST_7 : Operation 130 [1/1] (2.55ns)   --->   "%tmp3 = add i33 %p_cast7, i33 %p_cast8"   --->   Operation 130 'add' 'tmp3' <Predicate = (!icmp_ln26 & !select_ln23_4)> <Delay = 2.55> <CoreInst = "Adder">   --->   Core 1 'Adder' <Latency = 0> <II = 1> <Delay = 2.59> <FuncUnit> <Opcode : 'add' 'sub'> <InPorts = 2> <OutPorts = 1>
ST_7 : Operation 131 [1/1] (0.00ns)   --->   "%specpipeline_ln0 = specpipeline void @_ssdm_op_SpecPipeline, i32 4294967295, i32 0, i32 1, i32 0, void @p_str"   --->   Operation 131 'specpipeline' 'specpipeline_ln0' <Predicate = true> <Delay = 0.00>
ST_7 : Operation 132 [1/1] (0.00ns)   --->   "%p_cast7_mid1 = zext i32 %p_mid137" [HLS/conv2d.cpp:25]   --->   Operation 132 'zext' 'p_cast7_mid1' <Predicate = (!icmp_ln25 & icmp_ln26 & !select_ln23_4)> <Delay = 0.00>
ST_7 : Operation 133 [1/1] (0.00ns) (grouped into LUT with out node tmp3_mid1)   --->   "%select_ln23_1 = select i1 %icmp_ln26, i32 %p_mid137, i32 %empty" [HLS/conv2d.cpp:23]   --->   Operation 133 'select' 'select_ln23_1' <Predicate = (!icmp_ln25 & select_ln23_4)> <Delay = 0.00> <CoreInst = "Sel">   --->   Core 73 'Sel' <Latency = 0> <II = 1> <Delay = 0.69> <FuncUnit> <Opcode : 'select'> <InPorts = 3> <OutPorts = 1>
ST_7 : Operation 134 [1/1] (0.00ns) (grouped into LUT with out node tmp3_mid1)   --->   "%zext_ln23 = zext i32 %select_ln23_1" [HLS/conv2d.cpp:23]   --->   Operation 134 'zext' 'zext_ln23' <Predicate = (!icmp_ln25 & select_ln23_4)> <Delay = 0.00>
ST_7 : Operation 135 [1/1] (2.55ns)   --->   "%tmp3_mid147 = add i33 %p_cast7_mid1, i33 %p_cast8_mid145_cast" [HLS/conv2d.cpp:25]   --->   Operation 135 'add' 'tmp3_mid147' <Predicate = (!icmp_ln25 & icmp_ln26 & !select_ln23_4)> <Delay = 2.55> <CoreInst = "Adder">   --->   Core 1 'Adder' <Latency = 0> <II = 1> <Delay = 2.59> <FuncUnit> <Opcode : 'add' 'sub'> <InPorts = 2> <OutPorts = 1>
ST_7 : Operation 136 [1/1] (0.00ns) (grouped into LUT with out node add_ln23_1)   --->   "%select_ln23_3 = select i1 %icmp_ln26, i33 %tmp3_mid147, i33 %tmp3" [HLS/conv2d.cpp:23]   --->   Operation 136 'select' 'select_ln23_3' <Predicate = (!icmp_ln25 & !select_ln23_4)> <Delay = 0.00> <CoreInst = "Sel">   --->   Core 73 'Sel' <Latency = 0> <II = 1> <Delay = 0.80> <FuncUnit> <Opcode : 'select'> <InPorts = 3> <OutPorts = 1>
ST_7 : Operation 137 [1/1] (0.00ns) (grouped into LUT with out node tmp3_mid1)   --->   "%p_cast8_mid1 = zext i32 %p_mid110" [HLS/conv2d.cpp:26]   --->   Operation 137 'zext' 'p_cast8_mid1' <Predicate = (!icmp_ln25 & select_ln23_4)> <Delay = 0.00>
ST_7 : Operation 138 [1/1] (2.55ns) (out node of the LUT)   --->   "%tmp3_mid1 = add i33 %zext_ln23, i33 %p_cast8_mid1" [HLS/conv2d.cpp:23]   --->   Operation 138 'add' 'tmp3_mid1' <Predicate = (!icmp_ln25 & select_ln23_4)> <Delay = 2.55> <CoreInst = "Adder">   --->   Core 1 'Adder' <Latency = 0> <II = 1> <Delay = 2.59> <FuncUnit> <Opcode : 'add' 'sub'> <InPorts = 2> <OutPorts = 1>
ST_7 : Operation 139 [1/1] (0.00ns) (grouped into LUT with out node add_ln23_1)   --->   "%select_ln23_8 = select i1 %select_ln23_4, i33 %tmp3_mid1, i33 %select_ln23_3" [HLS/conv2d.cpp:23]   --->   Operation 139 'select' 'select_ln23_8' <Predicate = (!icmp_ln25)> <Delay = 0.00> <CoreInst = "Sel">   --->   Core 73 'Sel' <Latency = 0> <II = 1> <Delay = 0.80> <FuncUnit> <Opcode : 'select'> <InPorts = 3> <OutPorts = 1>
ST_7 : Operation 140 [1/1] (0.00ns) (grouped into LUT with out node add_ln23_1)   --->   "%zext_ln23_3 = zext i33 %select_ln23_8" [HLS/conv2d.cpp:23]   --->   Operation 140 'zext' 'zext_ln23_3' <Predicate = (!icmp_ln25)> <Delay = 0.00>
ST_7 : Operation 141 [1/1] (2.59ns) (out node of the LUT)   --->   "%add_ln23_1 = add i34 %zext_ln23_3, i34 %zext_ln25_cast" [HLS/conv2d.cpp:23]   --->   Operation 141 'add' 'add_ln23_1' <Predicate = (!icmp_ln25)> <Delay = 2.59> <CoreInst = "Adder">   --->   Core 1 'Adder' <Latency = 0> <II = 1> <Delay = 2.63> <FuncUnit> <Opcode : 'add' 'sub'> <InPorts = 2> <OutPorts = 1>
ST_7 : Operation 142 [7/7] (7.30ns)   --->   "%filterValue_req = readreq i1 @_ssdm_op_ReadReq.m_axi.i32P1A, i64 %gmem_addr, i32 1" [HLS/conv2d.cpp:30]   --->   Operation 142 'readreq' 'filterValue_req' <Predicate = (!icmp_ln25)> <Delay = 7.30> <CoreInst = "m_axi">   --->   Core 113 'm_axi' <Latency = 0> <II = 1> <Delay = 1.00> <Adapter> <Opcode : 'read' 'write' 'readreq' 'writereq' 'writeresp'>

State 8 <SV = 7> <Delay = 7.30>
ST_8 : Operation 143 [1/1] (0.00ns)   --->   "%sext_ln27_1_mid2_v_v_v_v_v = bitconcatenate i36 @_ssdm_op_BitConcatenate.i36.i34.i2, i34 %add_ln23_1, i2 0" [HLS/conv2d.cpp:23]   --->   Operation 143 'bitconcatenate' 'sext_ln27_1_mid2_v_v_v_v_v' <Predicate = true> <Delay = 0.00>
ST_8 : Operation 144 [1/1] (0.00ns)   --->   "%zext_ln23_4 = zext i36 %sext_ln27_1_mid2_v_v_v_v_v" [HLS/conv2d.cpp:23]   --->   Operation 144 'zext' 'zext_ln23_4' <Predicate = true> <Delay = 0.00>
ST_8 : Operation 145 [1/1] (3.52ns)   --->   "%add_ln23_2 = add i64 %zext_ln23_4, i64 %input_r_read" [HLS/conv2d.cpp:23]   --->   Operation 145 'add' 'add_ln23_2' <Predicate = true> <Delay = 3.52> <CoreInst = "Adder">   --->   Core 1 'Adder' <Latency = 0> <II = 1> <Delay = 3.52> <FuncUnit> <Opcode : 'add' 'sub'> <InPorts = 2> <OutPorts = 1>
ST_8 : Operation 146 [1/1] (0.00ns)   --->   "%sext_ln27_1_mid2_v = partselect i62 @_ssdm_op_PartSelect.i62.i64.i32.i32, i64 %add_ln23_2, i32 2, i32 63" [HLS/conv2d.cpp:23]   --->   Operation 146 'partselect' 'sext_ln27_1_mid2_v' <Predicate = true> <Delay = 0.00>
ST_8 : Operation 147 [1/1] (0.00ns)   --->   "%sext_ln23_1 = sext i62 %sext_ln27_1_mid2_v" [HLS/conv2d.cpp:23]   --->   Operation 147 'sext' 'sext_ln23_1' <Predicate = true> <Delay = 0.00>
ST_8 : Operation 148 [6/7] (7.30ns)   --->   "%filterValue_req = readreq i1 @_ssdm_op_ReadReq.m_axi.i32P1A, i64 %gmem_addr, i32 1" [HLS/conv2d.cpp:30]   --->   Operation 148 'readreq' 'filterValue_req' <Predicate = true> <Delay = 7.30> <CoreInst = "m_axi">   --->   Core 113 'm_axi' <Latency = 0> <II = 1> <Delay = 1.00> <Adapter> <Opcode : 'read' 'write' 'readreq' 'writereq' 'writeresp'>
ST_8 : Operation 149 [1/1] (3.46ns)   --->   "%add_ln31 = add i63 %cx_cast, i63 %sext_ln23_1" [HLS/conv2d.cpp:31]   --->   Operation 149 'add' 'add_ln31' <Predicate = true> <Delay = 3.46> <CoreInst = "Adder">   --->   Core 1 'Adder' <Latency = 0> <II = 1> <Delay = 3.49> <FuncUnit> <Opcode : 'add' 'sub'> <InPorts = 2> <OutPorts = 1>
ST_8 : Operation 150 [1/1] (0.00ns)   --->   "%sext_ln31 = sext i63 %add_ln31" [HLS/conv2d.cpp:31]   --->   Operation 150 'sext' 'sext_ln31' <Predicate = true> <Delay = 0.00>
ST_8 : Operation 151 [1/1] (0.00ns)   --->   "%gmem_addr_1 = getelementptr i32 %gmem, i64 %sext_ln31" [HLS/conv2d.cpp:31]   --->   Operation 151 'getelementptr' 'gmem_addr_1' <Predicate = true> <Delay = 0.00>

State 9 <SV = 8> <Delay = 7.30>
ST_9 : Operation 152 [5/7] (7.30ns)   --->   "%filterValue_req = readreq i1 @_ssdm_op_ReadReq.m_axi.i32P1A, i64 %gmem_addr, i32 1" [HLS/conv2d.cpp:30]   --->   Operation 152 'readreq' 'filterValue_req' <Predicate = true> <Delay = 7.30> <CoreInst = "m_axi">   --->   Core 113 'm_axi' <Latency = 0> <II = 1> <Delay = 1.00> <Adapter> <Opcode : 'read' 'write' 'readreq' 'writereq' 'writeresp'>

State 10 <SV = 9> <Delay = 7.30>
ST_10 : Operation 153 [4/7] (7.30ns)   --->   "%filterValue_req = readreq i1 @_ssdm_op_ReadReq.m_axi.i32P1A, i64 %gmem_addr, i32 1" [HLS/conv2d.cpp:30]   --->   Operation 153 'readreq' 'filterValue_req' <Predicate = true> <Delay = 7.30> <CoreInst = "m_axi">   --->   Core 113 'm_axi' <Latency = 0> <II = 1> <Delay = 1.00> <Adapter> <Opcode : 'read' 'write' 'readreq' 'writereq' 'writeresp'>
ST_10 : Operation 154 [7/7] (7.30ns)   --->   "%pixelValue_req = readreq i1 @_ssdm_op_ReadReq.m_axi.i32P1A, i64 %gmem_addr_1, i32 1" [HLS/conv2d.cpp:31]   --->   Operation 154 'readreq' 'pixelValue_req' <Predicate = true> <Delay = 7.30> <CoreInst = "m_axi">   --->   Core 113 'm_axi' <Latency = 0> <II = 1> <Delay = 1.00> <Adapter> <Opcode : 'read' 'write' 'readreq' 'writereq' 'writeresp'>

State 11 <SV = 10> <Delay = 7.30>
ST_11 : Operation 155 [3/7] (7.30ns)   --->   "%filterValue_req = readreq i1 @_ssdm_op_ReadReq.m_axi.i32P1A, i64 %gmem_addr, i32 1" [HLS/conv2d.cpp:30]   --->   Operation 155 'readreq' 'filterValue_req' <Predicate = true> <Delay = 7.30> <CoreInst = "m_axi">   --->   Core 113 'm_axi' <Latency = 0> <II = 1> <Delay = 1.00> <Adapter> <Opcode : 'read' 'write' 'readreq' 'writereq' 'writeresp'>
ST_11 : Operation 156 [6/7] (7.30ns)   --->   "%pixelValue_req = readreq i1 @_ssdm_op_ReadReq.m_axi.i32P1A, i64 %gmem_addr_1, i32 1" [HLS/conv2d.cpp:31]   --->   Operation 156 'readreq' 'pixelValue_req' <Predicate = true> <Delay = 7.30> <CoreInst = "m_axi">   --->   Core 113 'm_axi' <Latency = 0> <II = 1> <Delay = 1.00> <Adapter> <Opcode : 'read' 'write' 'readreq' 'writereq' 'writeresp'>

State 12 <SV = 11> <Delay = 7.30>
ST_12 : Operation 157 [2/7] (7.30ns)   --->   "%filterValue_req = readreq i1 @_ssdm_op_ReadReq.m_axi.i32P1A, i64 %gmem_addr, i32 1" [HLS/conv2d.cpp:30]   --->   Operation 157 'readreq' 'filterValue_req' <Predicate = true> <Delay = 7.30> <CoreInst = "m_axi">   --->   Core 113 'm_axi' <Latency = 0> <II = 1> <Delay = 1.00> <Adapter> <Opcode : 'read' 'write' 'readreq' 'writereq' 'writeresp'>
ST_12 : Operation 158 [5/7] (7.30ns)   --->   "%pixelValue_req = readreq i1 @_ssdm_op_ReadReq.m_axi.i32P1A, i64 %gmem_addr_1, i32 1" [HLS/conv2d.cpp:31]   --->   Operation 158 'readreq' 'pixelValue_req' <Predicate = true> <Delay = 7.30> <CoreInst = "m_axi">   --->   Core 113 'm_axi' <Latency = 0> <II = 1> <Delay = 1.00> <Adapter> <Opcode : 'read' 'write' 'readreq' 'writereq' 'writeresp'>

State 13 <SV = 12> <Delay = 7.30>
ST_13 : Operation 159 [1/7] (7.30ns)   --->   "%filterValue_req = readreq i1 @_ssdm_op_ReadReq.m_axi.i32P1A, i64 %gmem_addr, i32 1" [HLS/conv2d.cpp:30]   --->   Operation 159 'readreq' 'filterValue_req' <Predicate = true> <Delay = 7.30> <CoreInst = "m_axi">   --->   Core 113 'm_axi' <Latency = 0> <II = 1> <Delay = 1.00> <Adapter> <Opcode : 'read' 'write' 'readreq' 'writereq' 'writeresp'>
ST_13 : Operation 160 [4/7] (7.30ns)   --->   "%pixelValue_req = readreq i1 @_ssdm_op_ReadReq.m_axi.i32P1A, i64 %gmem_addr_1, i32 1" [HLS/conv2d.cpp:31]   --->   Operation 160 'readreq' 'pixelValue_req' <Predicate = true> <Delay = 7.30> <CoreInst = "m_axi">   --->   Core 113 'm_axi' <Latency = 0> <II = 1> <Delay = 1.00> <Adapter> <Opcode : 'read' 'write' 'readreq' 'writereq' 'writeresp'>

State 14 <SV = 13> <Delay = 7.30>
ST_14 : Operation 161 [1/1] (7.30ns)   --->   "%filterValue = read i32 @_ssdm_op_Read.m_axi.i32P1A, i64 %gmem_addr" [HLS/conv2d.cpp:30]   --->   Operation 161 'read' 'filterValue' <Predicate = true> <Delay = 7.30> <CoreInst = "m_axi">   --->   Core 113 'm_axi' <Latency = 0> <II = 1> <Delay = 1.00> <Adapter> <Opcode : 'read' 'write' 'readreq' 'writereq' 'writeresp'>
ST_14 : Operation 162 [3/7] (7.30ns)   --->   "%pixelValue_req = readreq i1 @_ssdm_op_ReadReq.m_axi.i32P1A, i64 %gmem_addr_1, i32 1" [HLS/conv2d.cpp:31]   --->   Operation 162 'readreq' 'pixelValue_req' <Predicate = true> <Delay = 7.30> <CoreInst = "m_axi">   --->   Core 113 'm_axi' <Latency = 0> <II = 1> <Delay = 1.00> <Adapter> <Opcode : 'read' 'write' 'readreq' 'writereq' 'writeresp'>

State 15 <SV = 14> <Delay = 7.30>
ST_15 : Operation 163 [2/7] (7.30ns)   --->   "%pixelValue_req = readreq i1 @_ssdm_op_ReadReq.m_axi.i32P1A, i64 %gmem_addr_1, i32 1" [HLS/conv2d.cpp:31]   --->   Operation 163 'readreq' 'pixelValue_req' <Predicate = true> <Delay = 7.30> <CoreInst = "m_axi">   --->   Core 113 'm_axi' <Latency = 0> <II = 1> <Delay = 1.00> <Adapter> <Opcode : 'read' 'write' 'readreq' 'writereq' 'writeresp'>

State 16 <SV = 15> <Delay = 7.30>
ST_16 : Operation 164 [1/7] (7.30ns)   --->   "%pixelValue_req = readreq i1 @_ssdm_op_ReadReq.m_axi.i32P1A, i64 %gmem_addr_1, i32 1" [HLS/conv2d.cpp:31]   --->   Operation 164 'readreq' 'pixelValue_req' <Predicate = true> <Delay = 7.30> <CoreInst = "m_axi">   --->   Core 113 'm_axi' <Latency = 0> <II = 1> <Delay = 1.00> <Adapter> <Opcode : 'read' 'write' 'readreq' 'writereq' 'writeresp'>

State 17 <SV = 16> <Delay = 7.30>
ST_17 : Operation 165 [1/1] (7.30ns)   --->   "%pixelValue = read i32 @_ssdm_op_Read.m_axi.i32P1A, i64 %gmem_addr_1" [HLS/conv2d.cpp:31]   --->   Operation 165 'read' 'pixelValue' <Predicate = true> <Delay = 7.30> <CoreInst = "m_axi">   --->   Core 113 'm_axi' <Latency = 0> <II = 1> <Delay = 1.00> <Adapter> <Opcode : 'read' 'write' 'readreq' 'writereq' 'writeresp'>

State 18 <SV = 17> <Delay = 6.91>
ST_18 : Operation 166 [1/1] (0.00ns)   --->   "%sext_ln14 = sext i32 %filterValue" [HLS/conv2d.h:14]   --->   Operation 166 'sext' 'sext_ln14' <Predicate = true> <Delay = 0.00>
ST_18 : Operation 167 [1/1] (0.00ns)   --->   "%sext_ln14_1 = sext i32 %pixelValue" [HLS/conv2d.h:14]   --->   Operation 167 'sext' 'sext_ln14_1' <Predicate = true> <Delay = 0.00>
ST_18 : Operation 168 [2/2] (6.91ns)   --->   "%res = mul i52 %sext_ln14_1, i52 %sext_ln14" [HLS/conv2d.h:14]   --->   Operation 168 'mul' 'res' <Predicate = true> <Delay = 6.91> <CoreInst = "Multiplier">   --->   Core 3 'Multiplier' <Latency = 1> <II = 1> <Delay = 6.91> <FuncUnit> <Opcode : 'mul'> <InPorts = 2> <OutPorts = 1>
ST_18 : Operation 180 [1/1] (0.00ns)   --->   "%acc_load_1 = load i32 %acc"   --->   Operation 180 'load' 'acc_load_1' <Predicate = (icmp_ln25)> <Delay = 0.00>
ST_18 : Operation 181 [1/1] (0.00ns)   --->   "%write_ln0 = write void @_ssdm_op_Write.ap_auto.i32P0A, i32 %acc_out, i32 %acc_load_1"   --->   Operation 181 'write' 'write_ln0' <Predicate = (icmp_ln25)> <Delay = 0.00>
ST_18 : Operation 182 [1/1] (0.00ns)   --->   "%ret_ln0 = ret"   --->   Operation 182 'ret' 'ret_ln0' <Predicate = (icmp_ln25)> <Delay = 0.00>

State 19 <SV = 18> <Delay = 6.91>
ST_19 : Operation 169 [1/2] (6.91ns)   --->   "%res = mul i52 %sext_ln14_1, i52 %sext_ln14" [HLS/conv2d.h:14]   --->   Operation 169 'mul' 'res' <Predicate = true> <Delay = 6.91> <CoreInst = "Multiplier">   --->   Core 3 'Multiplier' <Latency = 1> <II = 1> <Delay = 6.91> <FuncUnit> <Opcode : 'mul'> <InPorts = 2> <OutPorts = 1>
ST_19 : Operation 170 [1/1] (0.00ns)   --->   "%trunc_ln1 = partselect i32 @_ssdm_op_PartSelect.i32.i52.i32.i32, i52 %res, i32 20, i32 51" [HLS/conv2d.h:16]   --->   Operation 170 'partselect' 'trunc_ln1' <Predicate = true> <Delay = 0.00>

State 20 <SV = 19> <Delay = 4.14>
ST_20 : Operation 171 [1/1] (0.00ns)   --->   "%acc_load = load i32 %acc" [HLS/conv2d.cpp:32]   --->   Operation 171 'load' 'acc_load' <Predicate = true> <Delay = 0.00>
ST_20 : Operation 172 [1/1] (0.00ns)   --->   "%specloopname_ln0 = specloopname void @_ssdm_op_SpecLoopName, void @VITIS_LOOP_25_4_VITIS_LOOP_26_5_VITIS_LOOP_27_6_str"   --->   Operation 172 'specloopname' 'specloopname_ln0' <Predicate = true> <Delay = 0.00>
ST_20 : Operation 173 [1/1] (0.00ns)   --->   "%specpipeline_ln0 = specpipeline void @_ssdm_op_SpecPipeline, i32 4294967295, i32 0, i32 1, i32 0, void @p_str"   --->   Operation 173 'specpipeline' 'specpipeline_ln0' <Predicate = true> <Delay = 0.00>
ST_20 : Operation 174 [1/1] (0.00ns)   --->   "%specloopname_ln0 = specloopname void @_ssdm_op_SpecLoopName, void @VITIS_LOOP_26_5_VITIS_LOOP_27_6_str"   --->   Operation 174 'specloopname' 'specloopname_ln0' <Predicate = true> <Delay = 0.00>
ST_20 : Operation 175 [1/1] (0.00ns)   --->   "%specpipeline_ln0 = specpipeline void @_ssdm_op_SpecPipeline, i32 4294967295, i32 0, i32 1, i32 0, void @p_str"   --->   Operation 175 'specpipeline' 'specpipeline_ln0' <Predicate = true> <Delay = 0.00>
ST_20 : Operation 176 [1/1] (0.00ns)   --->   "%specloopname_ln23 = specloopname void @_ssdm_op_SpecLoopName, void @empty_18" [HLS/conv2d.cpp:23]   --->   Operation 176 'specloopname' 'specloopname_ln23' <Predicate = true> <Delay = 0.00>
ST_20 : Operation 177 [1/1] (2.55ns)   --->   "%acc_1 = add i32 %trunc_ln1, i32 %acc_load" [HLS/conv2d.cpp:32]   --->   Operation 177 'add' 'acc_1' <Predicate = true> <Delay = 2.55> <CoreInst = "Adder">   --->   Core 1 'Adder' <Latency = 0> <II = 1> <Delay = 2.55> <FuncUnit> <Opcode : 'add' 'sub'> <InPorts = 2> <OutPorts = 1>
ST_20 : Operation 178 [1/1] (1.58ns)   --->   "%store_ln27 = store i32 %acc_1, i32 %acc" [HLS/conv2d.cpp:27]   --->   Operation 178 'store' 'store_ln27' <Predicate = true> <Delay = 1.58>
ST_20 : Operation 179 [1/1] (0.00ns)   --->   "%br_ln27 = br void %for.inc" [HLS/conv2d.cpp:27]   --->   Operation 179 'br' 'br_ln27' <Predicate = true> <Delay = 0.00>


============================================================
+ Verbose Summary: Binding
============================================================
STG Binding: 
---------------- STG Properties BEGIN ----------------
- Is combinational: 0
- Is one-state seq: 0
- Is datapath-only: 0
- Is pipelined: 0
- Is top level: 0
Port [ Return ] is wired: 1; IO mode=ap_ctrl_hs:ce=0
Port [ gmem]:  wired=1; compound=1; hidden=0; nouse=0; global=0; static=0; extern=0; dir=0; type=4; pingpong=0; private_global=0; IO mode=m_axi:ce=0
Port [ inputWidth]:  wired=1; compound=0; hidden=0; nouse=0; global=0; static=0; extern=0; dir=0; type=0; pingpong=0; private_global=0; IO mode=ap_none:ce=0
Port [ inputHeight]:  wired=1; compound=0; hidden=0; nouse=0; global=0; static=0; extern=0; dir=0; type=0; pingpong=0; private_global=0; IO mode=ap_none:ce=0
Port [ mul_ln20]:  wired=1; compound=0; hidden=0; nouse=0; global=0; static=0; extern=0; dir=0; type=0; pingpong=0; private_global=0; IO mode=ap_none:ce=0
Port [ select_ln20]:  wired=1; compound=0; hidden=0; nouse=0; global=0; static=0; extern=0; dir=0; type=0; pingpong=0; private_global=0; IO mode=ap_none:ce=0
Port [ convWidth]:  wired=1; compound=0; hidden=0; nouse=0; global=0; static=0; extern=0; dir=0; type=0; pingpong=0; private_global=0; IO mode=ap_none:ce=0
Port [ zext_ln20_1]:  wired=1; compound=0; hidden=0; nouse=0; global=0; static=0; extern=0; dir=0; type=0; pingpong=0; private_global=0; IO mode=ap_none:ce=0
Port [ mul_ln3_1]:  wired=1; compound=0; hidden=0; nouse=0; global=0; static=0; extern=0; dir=0; type=0; pingpong=0; private_global=0; IO mode=ap_none:ce=0
Port [ mul_ln3]:  wired=1; compound=0; hidden=0; nouse=0; global=0; static=0; extern=0; dir=0; type=0; pingpong=0; private_global=0; IO mode=ap_none:ce=0
Port [ p_cast8_mid145]:  wired=1; compound=0; hidden=0; nouse=0; global=0; static=0; extern=0; dir=0; type=0; pingpong=0; private_global=0; IO mode=ap_none:ce=0
Port [ tmp4_cast_mid167]:  wired=1; compound=0; hidden=0; nouse=0; global=0; static=0; extern=0; dir=0; type=0; pingpong=0; private_global=0; IO mode=ap_none:ce=0
Port [ icmp_ln27_1]:  wired=1; compound=0; hidden=0; nouse=0; global=0; static=0; extern=0; dir=0; type=0; pingpong=0; private_global=0; IO mode=ap_none:ce=0
Port [ coeffs]:  wired=1; compound=0; hidden=0; nouse=0; global=0; static=0; extern=0; dir=0; type=0; pingpong=0; private_global=0; IO mode=ap_none:ce=0
Port [ zext_ln25]:  wired=1; compound=0; hidden=0; nouse=0; global=0; static=0; extern=0; dir=0; type=0; pingpong=0; private_global=0; IO mode=ap_none:ce=0
Port [ input_r]:  wired=1; compound=0; hidden=0; nouse=0; global=0; static=0; extern=0; dir=0; type=0; pingpong=0; private_global=0; IO mode=ap_none:ce=0
Port [ acc_out]:  wired=1; compound=0; hidden=0; nouse=0; global=0; static=0; extern=0; dir=1; type=0; pingpong=0; private_global=0; IO mode=ap_vld:ce=0
---------------- STG Properties END ------------------

---------------- Datapath Model BEGIN ----------------

<LifeTime>
<method=bitvector/>
acc                        (alloca        ) [ 011111111111111111111]
cx                         (alloca        ) [ 011100000000000000000]
cy                         (alloca        ) [ 011100000000000000000]
indvar_flatten             (alloca        ) [ 011100000000000000000]
iChannel                   (alloca        ) [ 011100000000000000000]
indvar_flatten93           (alloca        ) [ 011100000000000000000]
input_r_read               (read          ) [ 011111111000000000000]
zext_ln25_read             (read          ) [ 000000000000000000000]
coeffs_read                (read          ) [ 011111100000000000000]
icmp_ln27_1_read           (read          ) [ 001000000000000000000]
tmp4_cast_mid167_read      (read          ) [ 000000000000000000000]
p_cast8_mid145_read        (read          ) [ 000000000000000000000]
mul_ln3_read               (read          ) [ 001000000000000000000]
mul_ln3_1_read             (read          ) [ 001000000000000000000]
zext_ln20_1_read           (read          ) [ 000000000000000000000]
convWidth_read             (read          ) [ 011110000000000000000]
select_ln20_read           (read          ) [ 011100000000000000000]
mul_ln20_read              (read          ) [ 011110000000000000000]
inputHeight_read           (read          ) [ 011111100000000000000]
inputWidth_read            (read          ) [ 011111000000000000000]
zext_ln25_cast             (zext          ) [ 011111110000000000000]
p_cast8_mid145_cast        (zext          ) [ 011111110000000000000]
zext_ln20_1_cast           (zext          ) [ 011111000000000000000]
tmp4_cast_mid167_cast      (zext          ) [ 011111000000000000000]
specinterface_ln0          (specinterface ) [ 000000000000000000000]
store_ln0                  (store         ) [ 000000000000000000000]
store_ln0                  (store         ) [ 000000000000000000000]
store_ln0                  (store         ) [ 000000000000000000000]
store_ln0                  (store         ) [ 000000000000000000000]
store_ln0                  (store         ) [ 000000000000000000000]
store_ln0                  (store         ) [ 000000000000000000000]
br_ln0                     (br            ) [ 000000000000000000000]
cy_1                       (load          ) [ 010100000000000000000]
iChannel_1                 (load          ) [ 010100000000000000000]
indvar_flatten93_load      (load          ) [ 010100000000000000000]
empty_36                   (add           ) [ 011110000000000000000]
add_ln25                   (add           ) [ 011110000000000000000]
icmp_ln25                  (icmp          ) [ 011111111111111111100]
br_ln25                    (br            ) [ 000000000000000000000]
cx_load                    (load          ) [ 010100000000000000000]
indvar_flatten_load        (load          ) [ 010100000000000000000]
icmp_ln26                  (icmp          ) [ 011111110000000000000]
select_ln23                (select        ) [ 010100000000000000000]
icmp_ln27                  (icmp          ) [ 000000000000000000000]
select_ln23_4              (select        ) [ 011111110000000000000]
add_ln26                   (add           ) [ 011110000000000000000]
tmp2                       (mul           ) [ 011011000000000000000]
empty_35                   (mul           ) [ 011011000000000000000]
empty_38                   (mul           ) [ 011011000000000000000]
add_ln25_1                 (add           ) [ 000000000000000000000]
select_ln25                (select        ) [ 000000000000000000000]
or_ln23                    (or            ) [ 000000000000000000000]
select_ln23_5              (select        ) [ 011011100000000000000]
p_mid1                     (add           ) [ 011011000000000000000]
select_ln26                (select        ) [ 000000000000000000000]
add_ln27                   (add           ) [ 000000000000000000000]
add_ln26_1                 (add           ) [ 000000000000000000000]
select_ln26_1              (select        ) [ 000000000000000000000]
store_ln27                 (store         ) [ 000000000000000000000]
store_ln27                 (store         ) [ 000000000000000000000]
store_ln27                 (store         ) [ 000000000000000000000]
store_ln27                 (store         ) [ 000000000000000000000]
store_ln27                 (store         ) [ 000000000000000000000]
empty_37                   (mul           ) [ 011001110000000000000]
tmp2_mid1                  (mul           ) [ 011001100000000000000]
p_mid139                   (mul           ) [ 010001000000000000000]
p_mid118                   (mul           ) [ 010001000000000000000]
empty                      (mul           ) [ 011000110000000000000]
zext_ln26                  (zext          ) [ 000000000000000000000]
p_cast11                   (zext          ) [ 000000000000000000000]
tmp4                       (add           ) [ 000000000000000000000]
tmp4_cast                  (zext          ) [ 000000000000000000000]
empty_39                   (add           ) [ 001000100000000000000]
zext_ln23_5                (zext          ) [ 000000000000000000000]
select_ln23_2              (select        ) [ 000000000000000000000]
zext_ln23_1                (zext          ) [ 000000000000000000000]
p_mid169                   (add           ) [ 001000100000000000000]
p_mid110                   (mul           ) [ 011000110000000000000]
p_cast11_mid1              (zext          ) [ 000000000000000000000]
tmp4_mid1                  (add           ) [ 000000000000000000000]
tmp4_cast_mid1             (zext          ) [ 000000000000000000000]
p_mid120                   (add           ) [ 001000100000000000000]
p_mid137                   (mul           ) [ 010000010000000000000]
zext_ln23_6                (zext          ) [ 000000000000000000000]
select_ln23_6              (select        ) [ 000000000000000000000]
select_ln23_7              (select        ) [ 000000000000000000000]
sext_ln27_mid2_v_v_v_v_v   (bitconcatenate) [ 000000000000000000000]
zext_ln23_2                (zext          ) [ 000000000000000000000]
add_ln23                   (add           ) [ 000000000000000000000]
sext_ln27_mid2_v           (partselect    ) [ 000000000000000000000]
sext_ln23                  (sext          ) [ 000000000000000000000]
cx_cast                    (zext          ) [ 011000011000000000000]
add_ln30                   (add           ) [ 000000000000000000000]
sext_ln30                  (sext          ) [ 000000000000000000000]
gmem_addr                  (getelementptr ) [ 011000011111111000000]
specbitsmap_ln0            (specbitsmap   ) [ 000000000000000000000]
p_cast7                    (zext          ) [ 000000000000000000000]
p_cast8                    (zext          ) [ 000000000000000000000]
tmp3                       (add           ) [ 000000000000000000000]
specpipeline_ln0           (specpipeline  ) [ 000000000000000000000]
p_cast7_mid1               (zext          ) [ 000000000000000000000]
select_ln23_1              (select        ) [ 000000000000000000000]
zext_ln23                  (zext          ) [ 000000000000000000000]
tmp3_mid147                (add           ) [ 000000000000000000000]
select_ln23_3              (select        ) [ 000000000000000000000]
p_cast8_mid1               (zext          ) [ 000000000000000000000]
tmp3_mid1                  (add           ) [ 000000000000000000000]
select_ln23_8              (select        ) [ 000000000000000000000]
zext_ln23_3                (zext          ) [ 000000000000000000000]
add_ln23_1                 (add           ) [ 001000001000000000000]
sext_ln27_1_mid2_v_v_v_v_v (bitconcatenate) [ 000000000000000000000]
zext_ln23_4                (zext          ) [ 000000000000000000000]
add_ln23_2                 (add           ) [ 000000000000000000000]
sext_ln27_1_mid2_v         (partselect    ) [ 000000000000000000000]
sext_ln23_1                (sext          ) [ 000000000000000000000]
add_ln31                   (add           ) [ 000000000000000000000]
sext_ln31                  (sext          ) [ 000000000000000000000]
gmem_addr_1                (getelementptr ) [ 011000000111111111000]
filterValue_req            (readreq       ) [ 000000000000000000000]
filterValue                (read          ) [ 011000000000000111100]
pixelValue_req             (readreq       ) [ 000000000000000000000]
pixelValue                 (read          ) [ 001000000000000000100]
sext_ln14                  (sext          ) [ 010000000000000000010]
sext_ln14_1                (sext          ) [ 010000000000000000010]
res                        (mul           ) [ 000000000000000000000]
trunc_ln1                  (partselect    ) [ 001000000000000000001]
acc_load                   (load          ) [ 000000000000000000000]
specloopname_ln0           (specloopname  ) [ 000000000000000000000]
specpipeline_ln0           (specpipeline  ) [ 000000000000000000000]
specloopname_ln0           (specloopname  ) [ 000000000000000000000]
specpipeline_ln0           (specpipeline  ) [ 000000000000000000000]
specloopname_ln23          (specloopname  ) [ 000000000000000000000]
acc_1                      (add           ) [ 000000000000000000000]
store_ln27                 (store         ) [ 000000000000000000000]
br_ln27                    (br            ) [ 000000000000000000000]
acc_load_1                 (load          ) [ 000000000000000000000]
write_ln0                  (write         ) [ 000000000000000000000]
ret_ln0                    (ret           ) [ 000000000000000000000]
</LifeTime>

<model>

<comp_list>
<comp id="0" class="1000" name="gmem">
<pin_list>
<pin id="1" dir="1" index="0" bw="1" slack="0"/>
</pin_list>
<bind>
<StgValue><ssdm name="gmem"/></StgValue>
</bind>
</comp>

<comp id="2" class="1000" name="inputWidth">
<pin_list>
<pin id="3" dir="1" index="0" bw="1" slack="0"/>
</pin_list>
<bind>
<StgValue><ssdm name="inputWidth"/></StgValue>
</bind>
</comp>

<comp id="4" class="1000" name="inputHeight">
<pin_list>
<pin id="5" dir="1" index="0" bw="1" slack="0"/>
</pin_list>
<bind>
<StgValue><ssdm name="inputHeight"/></StgValue>
</bind>
</comp>

<comp id="6" class="1000" name="mul_ln20">
<pin_list>
<pin id="7" dir="1" index="0" bw="1" slack="0"/>
</pin_list>
<bind>
<StgValue><ssdm name="mul_ln20"/></StgValue>
</bind>
</comp>

<comp id="8" class="1000" name="select_ln20">
<pin_list>
<pin id="9" dir="1" index="0" bw="1" slack="0"/>
</pin_list>
<bind>
<StgValue><ssdm name="select_ln20"/></StgValue>
</bind>
</comp>

<comp id="10" class="1000" name="convWidth">
<pin_list>
<pin id="11" dir="1" index="0" bw="1" slack="0"/>
</pin_list>
<bind>
<StgValue><ssdm name="convWidth"/></StgValue>
</bind>
</comp>

<comp id="12" class="1000" name="zext_ln20_1">
<pin_list>
<pin id="13" dir="1" index="0" bw="1" slack="0"/>
</pin_list>
<bind>
<StgValue><ssdm name="zext_ln20_1"/></StgValue>
</bind>
</comp>

<comp id="14" class="1000" name="mul_ln3_1">
<pin_list>
<pin id="15" dir="1" index="0" bw="1" slack="0"/>
</pin_list>
<bind>
<StgValue><ssdm name="mul_ln3_1"/></StgValue>
</bind>
</comp>

<comp id="16" class="1000" name="mul_ln3">
<pin_list>
<pin id="17" dir="1" index="0" bw="1" slack="0"/>
</pin_list>
<bind>
<StgValue><ssdm name="mul_ln3"/></StgValue>
</bind>
</comp>

<comp id="18" class="1000" name="p_cast8_mid145">
<pin_list>
<pin id="19" dir="1" index="0" bw="1" slack="0"/>
</pin_list>
<bind>
<StgValue><ssdm name="p_cast8_mid145"/></StgValue>
</bind>
</comp>

<comp id="20" class="1000" name="tmp4_cast_mid167">
<pin_list>
<pin id="21" dir="1" index="0" bw="1" slack="0"/>
</pin_list>
<bind>
<StgValue><ssdm name="tmp4_cast_mid167"/></StgValue>
</bind>
</comp>

<comp id="22" class="1000" name="icmp_ln27_1">
<pin_list>
<pin id="23" dir="1" index="0" bw="1" slack="0"/>
</pin_list>
<bind>
<StgValue><ssdm name="icmp_ln27_1"/></StgValue>
</bind>
</comp>

<comp id="24" class="1000" name="coeffs">
<pin_list>
<pin id="25" dir="1" index="0" bw="1" slack="0"/>
</pin_list>
<bind>
<StgValue><ssdm name="coeffs"/></StgValue>
</bind>
</comp>

<comp id="26" class="1000" name="zext_ln25">
<pin_list>
<pin id="27" dir="1" index="0" bw="1" slack="0"/>
</pin_list>
<bind>
<StgValue><ssdm name="zext_ln25"/></StgValue>
</bind>
</comp>

<comp id="28" class="1000" name="input_r">
<pin_list>
<pin id="29" dir="1" index="0" bw="1" slack="0"/>
</pin_list>
<bind>
<StgValue><ssdm name="input_r"/></StgValue>
</bind>
</comp>

<comp id="30" class="1000" name="acc_out">
<pin_list>
<pin id="31" dir="1" index="0" bw="1" slack="0"/>
</pin_list>
<bind>
<StgValue><ssdm name="acc_out"/></StgValue>
</bind>
</comp>

<comp id="32" class="1001" name="const_32">
<pin_list>
<pin id="33" dir="1" index="0" bw="1" slack="0"/>
</pin_list>
<bind>
<StgValue><ssdm name=""/></StgValue>
</bind>
</comp>

<comp id="34" class="1001" name="const_34">
<pin_list>
<pin id="35" dir="1" index="0" bw="1" slack="0"/>
</pin_list>
<bind>
<StgValue><ssdm name="_ssdm_op_Read.ap_auto.i64"/></StgValue>
</bind>
</comp>

<comp id="36" class="1001" name="const_36">
<pin_list>
<pin id="37" dir="1" index="0" bw="1" slack="0"/>
</pin_list>
<bind>
<StgValue><ssdm name="_ssdm_op_Read.ap_auto.i32"/></StgValue>
</bind>
</comp>

<comp id="38" class="1001" name="const_38">
<pin_list>
<pin id="39" dir="1" index="0" bw="1" slack="0"/>
</pin_list>
<bind>
<StgValue><ssdm name="_ssdm_op_Read.ap_auto.i1"/></StgValue>
</bind>
</comp>

<comp id="40" class="1001" name="const_40">
<pin_list>
<pin id="41" dir="1" index="0" bw="1" slack="0"/>
</pin_list>
<bind>
<StgValue><ssdm name="_ssdm_op_Read.ap_auto.i96"/></StgValue>
</bind>
</comp>

<comp id="42" class="1001" name="const_42">
<pin_list>
<pin id="43" dir="1" index="0" bw="1" slack="2147483647"/>
</pin_list>
<bind>
<StgValue><ssdm name="_ssdm_op_SpecInterface"/></StgValue>
</bind>
</comp>

<comp id="44" class="1001" name="const_44">
<pin_list>
<pin id="45" dir="1" index="0" bw="1" slack="2147483647"/>
</pin_list>
<bind>
<StgValue><ssdm name="empty_4"/></StgValue>
</bind>
</comp>

<comp id="46" class="1001" name="const_46">
<pin_list>
<pin id="47" dir="1" index="0" bw="1" slack="0"/>
</pin_list>
<bind>
<StgValue><ssdm name=""/></StgValue>
</bind>
</comp>

<comp id="48" class="1001" name="const_48">
<pin_list>
<pin id="49" dir="1" index="0" bw="1" slack="2147483647"/>
</pin_list>
<bind>
<StgValue><ssdm name="empty_5"/></StgValue>
</bind>
</comp>

<comp id="50" class="1001" name="const_50">
<pin_list>
<pin id="51" dir="1" index="0" bw="1" slack="2147483647"/>
</pin_list>
<bind>
<StgValue><ssdm name="empty_6"/></StgValue>
</bind>
</comp>

<comp id="52" class="1001" name="const_52">
<pin_list>
<pin id="53" dir="1" index="0" bw="1" slack="2147483647"/>
</pin_list>
<bind>
<StgValue><ssdm name="empty_17"/></StgValue>
</bind>
</comp>

<comp id="54" class="1001" name="const_54">
<pin_list>
<pin id="55" dir="1" index="0" bw="1" slack="2147483647"/>
</pin_list>
<bind>
<StgValue><ssdm name=""/></StgValue>
</bind>
</comp>

<comp id="56" class="1001" name="const_56">
<pin_list>
<pin id="57" dir="1" index="0" bw="1" slack="2147483647"/>
</pin_list>
<bind>
<StgValue><ssdm name=""/></StgValue>
</bind>
</comp>

<comp id="58" class="1001" name="const_58">
<pin_list>
<pin id="59" dir="1" index="0" bw="1" slack="0"/>
</pin_list>
<bind>
<StgValue><ssdm name=""/></StgValue>
</bind>
</comp>

<comp id="60" class="1001" name="const_60">
<pin_list>
<pin id="61" dir="1" index="0" bw="1" slack="0"/>
</pin_list>
<bind>
<StgValue><ssdm name=""/></StgValue>
</bind>
</comp>

<comp id="62" class="1001" name="const_62">
<pin_list>
<pin id="63" dir="1" index="0" bw="1" slack="0"/>
</pin_list>
<bind>
<StgValue><ssdm name=""/></StgValue>
</bind>
</comp>

<comp id="64" class="1001" name="const_64">
<pin_list>
<pin id="65" dir="1" index="0" bw="1" slack="0"/>
</pin_list>
<bind>
<StgValue><ssdm name=""/></StgValue>
</bind>
</comp>

<comp id="66" class="1001" name="const_66">
<pin_list>
<pin id="67" dir="1" index="0" bw="1" slack="0"/>
</pin_list>
<bind>
<StgValue><ssdm name="_ssdm_op_BitConcatenate.i36.i34.i2"/></StgValue>
</bind>
</comp>

<comp id="68" class="1001" name="const_68">
<pin_list>
<pin id="69" dir="1" index="0" bw="1" slack="0"/>
</pin_list>
<bind>
<StgValue><ssdm name=""/></StgValue>
</bind>
</comp>

<comp id="70" class="1001" name="const_70">
<pin_list>
<pin id="71" dir="1" index="0" bw="1" slack="0"/>
</pin_list>
<bind>
<StgValue><ssdm name="_ssdm_op_PartSelect.i62.i64.i32.i32"/></StgValue>
</bind>
</comp>

<comp id="72" class="1001" name="const_72">
<pin_list>
<pin id="73" dir="1" index="0" bw="1" slack="0"/>
</pin_list>
<bind>
<StgValue><ssdm name=""/></StgValue>
</bind>
</comp>

<comp id="74" class="1001" name="const_74">
<pin_list>
<pin id="75" dir="1" index="0" bw="1" slack="0"/>
</pin_list>
<bind>
<StgValue><ssdm name=""/></StgValue>
</bind>
</comp>

<comp id="76" class="1001" name="const_76">
<pin_list>
<pin id="77" dir="1" index="0" bw="1" slack="2147483647"/>
</pin_list>
<bind>
<StgValue><ssdm name="_ssdm_op_SpecBitsMap"/></StgValue>
</bind>
</comp>

<comp id="78" class="1001" name="const_78">
<pin_list>
<pin id="79" dir="1" index="0" bw="1" slack="2147483647"/>
</pin_list>
<bind>
<StgValue><ssdm name="_ssdm_op_SpecPipeline"/></StgValue>
</bind>
</comp>

<comp id="80" class="1001" name="const_80">
<pin_list>
<pin id="81" dir="1" index="0" bw="1" slack="2147483647"/>
</pin_list>
<bind>
<StgValue><ssdm name="p_str"/></StgValue>
</bind>
</comp>

<comp id="82" class="1001" name="const_82">
<pin_list>
<pin id="83" dir="1" index="0" bw="1" slack="0"/>
</pin_list>
<bind>
<StgValue><ssdm name="_ssdm_op_ReadReq.m_axi.i32P1A"/></StgValue>
</bind>
</comp>

<comp id="84" class="1001" name="const_84">
<pin_list>
<pin id="85" dir="1" index="0" bw="1" slack="0"/>
</pin_list>
<bind>
<StgValue><ssdm name="_ssdm_op_Read.m_axi.i32P1A"/></StgValue>
</bind>
</comp>

<comp id="86" class="1001" name="const_86">
<pin_list>
<pin id="87" dir="1" index="0" bw="1" slack="0"/>
</pin_list>
<bind>
<StgValue><ssdm name="_ssdm_op_PartSelect.i32.i52.i32.i32"/></StgValue>
</bind>
</comp>

<comp id="88" class="1001" name="const_88">
<pin_list>
<pin id="89" dir="1" index="0" bw="1" slack="0"/>
</pin_list>
<bind>
<StgValue><ssdm name=""/></StgValue>
</bind>
</comp>

<comp id="90" class="1001" name="const_90">
<pin_list>
<pin id="91" dir="1" index="0" bw="1" slack="0"/>
</pin_list>
<bind>
<StgValue><ssdm name=""/></StgValue>
</bind>
</comp>

<comp id="92" class="1001" name="const_92">
<pin_list>
<pin id="93" dir="1" index="0" bw="1" slack="2147483647"/>
</pin_list>
<bind>
<StgValue><ssdm name="_ssdm_op_SpecLoopName"/></StgValue>
</bind>
</comp>

<comp id="94" class="1001" name="const_94">
<pin_list>
<pin id="95" dir="1" index="0" bw="1" slack="2147483647"/>
</pin_list>
<bind>
<StgValue><ssdm name="VITIS_LOOP_25_4_VITIS_LOOP_26_5_VITIS_LOOP_27_6_str"/></StgValue>
</bind>
</comp>

<comp id="96" class="1001" name="const_96">
<pin_list>
<pin id="97" dir="1" index="0" bw="1" slack="2147483647"/>
</pin_list>
<bind>
<StgValue><ssdm name="VITIS_LOOP_26_5_VITIS_LOOP_27_6_str"/></StgValue>
</bind>
</comp>

<comp id="98" class="1001" name="const_98">
<pin_list>
<pin id="99" dir="1" index="0" bw="1" slack="2147483647"/>
</pin_list>
<bind>
<StgValue><ssdm name="empty_18"/></StgValue>
</bind>
</comp>

<comp id="100" class="1001" name="const_100">
<pin_list>
<pin id="101" dir="1" index="0" bw="1" slack="0"/>
</pin_list>
<bind>
<StgValue><ssdm name="_ssdm_op_Write.ap_auto.i32P0A"/></StgValue>
</bind>
</comp>

<comp id="102" class="1004" name="acc_fu_102">
<pin_list>
<pin id="103" dir="0" index="0" bw="1" slack="0"/>
<pin id="104" dir="1" index="1" bw="32" slack="0"/>
</pin_list>
<bind>
<opcode="alloca(26) " fcode="alloca"/>
<opset="acc/1 "/>
</bind>
</comp>

<comp id="106" class="1004" name="cx_fu_106">
<pin_list>
<pin id="107" dir="0" index="0" bw="1" slack="0"/>
<pin id="108" dir="1" index="1" bw="32" slack="0"/>
</pin_list>
<bind>
<opcode="alloca(26) " fcode="alloca"/>
<opset="cx/1 "/>
</bind>
</comp>

<comp id="110" class="1004" name="cy_fu_110">
<pin_list>
<pin id="111" dir="0" index="0" bw="1" slack="0"/>
<pin id="112" dir="1" index="1" bw="32" slack="0"/>
</pin_list>
<bind>
<opcode="alloca(26) " fcode="alloca"/>
<opset="cy/1 "/>
</bind>
</comp>

<comp id="114" class="1004" name="indvar_flatten_fu_114">
<pin_list>
<pin id="115" dir="0" index="0" bw="1" slack="0"/>
<pin id="116" dir="1" index="1" bw="64" slack="0"/>
</pin_list>
<bind>
<opcode="alloca(26) " fcode="alloca"/>
<opset="indvar_flatten/1 "/>
</bind>
</comp>

<comp id="118" class="1004" name="iChannel_fu_118">
<pin_list>
<pin id="119" dir="0" index="0" bw="1" slack="0"/>
<pin id="120" dir="1" index="1" bw="32" slack="0"/>
</pin_list>
<bind>
<opcode="alloca(26) " fcode="alloca"/>
<opset="iChannel/1 "/>
</bind>
</comp>

<comp id="122" class="1004" name="indvar_flatten93_fu_122">
<pin_list>
<pin id="123" dir="0" index="0" bw="1" slack="0"/>
<pin id="124" dir="1" index="1" bw="96" slack="0"/>
</pin_list>
<bind>
<opcode="alloca(26) " fcode="alloca"/>
<opset="indvar_flatten93/1 "/>
</bind>
</comp>

<comp id="126" class="1004" name="input_r_read_read_fu_126">
<pin_list>
<pin id="127" dir="0" index="0" bw="64" slack="0"/>
<pin id="128" dir="0" index="1" bw="64" slack="0"/>
<pin id="129" dir="1" index="2" bw="64" slack="7"/>
</pin_list>
<bind>
<opcode="read(1150) " fcode="read"/>
<opset="input_r_read/1 "/>
</bind>
</comp>

<comp id="132" class="1004" name="zext_ln25_read_read_fu_132">
<pin_list>
<pin id="133" dir="0" index="0" bw="32" slack="0"/>
<pin id="134" dir="0" index="1" bw="32" slack="0"/>
<pin id="135" dir="1" index="2" bw="32" slack="0"/>
</pin_list>
<bind>
<opcode="read(1150) " fcode="read"/>
<opset="zext_ln25_read/1 "/>
</bind>
</comp>

<comp id="138" class="1004" name="coeffs_read_read_fu_138">
<pin_list>
<pin id="139" dir="0" index="0" bw="64" slack="0"/>
<pin id="140" dir="0" index="1" bw="64" slack="0"/>
<pin id="141" dir="1" index="2" bw="64" slack="5"/>
</pin_list>
<bind>
<opcode="read(1150) " fcode="read"/>
<opset="coeffs_read/1 "/>
</bind>
</comp>

<comp id="144" class="1004" name="icmp_ln27_1_read_read_fu_144">
<pin_list>
<pin id="145" dir="0" index="0" bw="1" slack="0"/>
<pin id="146" dir="0" index="1" bw="1" slack="0"/>
<pin id="147" dir="1" index="2" bw="1" slack="1"/>
</pin_list>
<bind>
<opcode="read(1150) " fcode="read"/>
<opset="icmp_ln27_1_read/1 "/>
</bind>
</comp>

<comp id="150" class="1004" name="tmp4_cast_mid167_read_read_fu_150">
<pin_list>
<pin id="151" dir="0" index="0" bw="32" slack="0"/>
<pin id="152" dir="0" index="1" bw="32" slack="0"/>
<pin id="153" dir="1" index="2" bw="32" slack="0"/>
</pin_list>
<bind>
<opcode="read(1150) " fcode="read"/>
<opset="tmp4_cast_mid167_read/1 "/>
</bind>
</comp>

<comp id="156" class="1004" name="p_cast8_mid145_read_read_fu_156">
<pin_list>
<pin id="157" dir="0" index="0" bw="32" slack="0"/>
<pin id="158" dir="0" index="1" bw="32" slack="0"/>
<pin id="159" dir="1" index="2" bw="32" slack="0"/>
</pin_list>
<bind>
<opcode="read(1150) " fcode="read"/>
<opset="p_cast8_mid145_read/1 "/>
</bind>
</comp>

<comp id="162" class="1004" name="mul_ln3_read_read_fu_162">
<pin_list>
<pin id="163" dir="0" index="0" bw="64" slack="0"/>
<pin id="164" dir="0" index="1" bw="64" slack="0"/>
<pin id="165" dir="1" index="2" bw="64" slack="1"/>
</pin_list>
<bind>
<opcode="read(1150) " fcode="read"/>
<opset="mul_ln3_read/1 "/>
</bind>
</comp>

<comp id="168" class="1004" name="mul_ln3_1_read_read_fu_168">
<pin_list>
<pin id="169" dir="0" index="0" bw="96" slack="0"/>
<pin id="170" dir="0" index="1" bw="96" slack="0"/>
<pin id="171" dir="1" index="2" bw="96" slack="1"/>
</pin_list>
<bind>
<opcode="read(1150) " fcode="read"/>
<opset="mul_ln3_1_read/1 "/>
</bind>
</comp>

<comp id="174" class="1004" name="zext_ln20_1_read_read_fu_174">
<pin_list>
<pin id="175" dir="0" index="0" bw="32" slack="0"/>
<pin id="176" dir="0" index="1" bw="32" slack="0"/>
<pin id="177" dir="1" index="2" bw="32" slack="0"/>
</pin_list>
<bind>
<opcode="read(1150) " fcode="read"/>
<opset="zext_ln20_1_read/1 "/>
</bind>
</comp>

<comp id="180" class="1004" name="convWidth_read_read_fu_180">
<pin_list>
<pin id="181" dir="0" index="0" bw="32" slack="0"/>
<pin id="182" dir="0" index="1" bw="32" slack="0"/>
<pin id="183" dir="1" index="2" bw="32" slack="1"/>
</pin_list>
<bind>
<opcode="read(1150) " fcode="read"/>
<opset="convWidth_read/1 "/>
</bind>
</comp>

<comp id="186" class="1004" name="select_ln20_read_read_fu_186">
<pin_list>
<pin id="187" dir="0" index="0" bw="32" slack="0"/>
<pin id="188" dir="0" index="1" bw="32" slack="0"/>
<pin id="189" dir="1" index="2" bw="32" slack="1"/>
</pin_list>
<bind>
<opcode="read(1150) " fcode="read"/>
<opset="select_ln20_read/1 "/>
</bind>
</comp>

<comp id="192" class="1004" name="mul_ln20_read_read_fu_192">
<pin_list>
<pin id="193" dir="0" index="0" bw="32" slack="0"/>
<pin id="194" dir="0" index="1" bw="32" slack="0"/>
<pin id="195" dir="1" index="2" bw="32" slack="1"/>
</pin_list>
<bind>
<opcode="read(1150) " fcode="read"/>
<opset="mul_ln20_read/1 "/>
</bind>
</comp>

<comp id="198" class="1004" name="inputHeight_read_read_fu_198">
<pin_list>
<pin id="199" dir="0" index="0" bw="32" slack="0"/>
<pin id="200" dir="0" index="1" bw="32" slack="0"/>
<pin id="201" dir="1" index="2" bw="32" slack="3"/>
</pin_list>
<bind>
<opcode="read(1150) " fcode="read"/>
<opset="inputHeight_read/1 "/>
</bind>
</comp>

<comp id="204" class="1004" name="inputWidth_read_read_fu_204">
<pin_list>
<pin id="205" dir="0" index="0" bw="32" slack="0"/>
<pin id="206" dir="0" index="1" bw="32" slack="0"/>
<pin id="207" dir="1" index="2" bw="32" slack="1"/>
</pin_list>
<bind>
<opcode="read(1150) " fcode="read"/>
<opset="inputWidth_read/1 "/>
</bind>
</comp>

<comp id="210" class="1004" name="grp_readreq_fu_210">
<pin_list>
<pin id="211" dir="0" index="0" bw="1" slack="0"/>
<pin id="212" dir="0" index="1" bw="32" slack="1"/>
<pin id="213" dir="0" index="2" bw="1" slack="0"/>
<pin id="214" dir="1" index="3" bw="1" slack="2147483647"/>
</pin_list>
<bind>
<opcode="readreq(1154) " fcode="readreq"/>
<opset="filterValue_req/7 "/>
</bind>
</comp>

<comp id="217" class="1004" name="grp_readreq_fu_217">
<pin_list>
<pin id="218" dir="0" index="0" bw="1" slack="0"/>
<pin id="219" dir="0" index="1" bw="32" slack="2"/>
<pin id="220" dir="0" index="2" bw="1" slack="0"/>
<pin id="221" dir="1" index="3" bw="1" slack="2147483647"/>
</pin_list>
<bind>
<opcode="readreq(1154) " fcode="readreq"/>
<opset="pixelValue_req/10 "/>
</bind>
</comp>

<comp id="224" class="1004" name="filterValue_read_fu_224">
<pin_list>
<pin id="225" dir="0" index="0" bw="32" slack="0"/>
<pin id="226" dir="0" index="1" bw="32" slack="8"/>
<pin id="227" dir="1" index="2" bw="32" slack="4"/>
</pin_list>
<bind>
<opcode="read(1150) " fcode="read"/>
<opset="filterValue/14 "/>
</bind>
</comp>

<comp id="229" class="1004" name="pixelValue_read_fu_229">
<pin_list>
<pin id="230" dir="0" index="0" bw="32" slack="0"/>
<pin id="231" dir="0" index="1" bw="32" slack="9"/>
<pin id="232" dir="1" index="2" bw="32" slack="1"/>
</pin_list>
<bind>
<opcode="read(1150) " fcode="read"/>
<opset="pixelValue/17 "/>
</bind>
</comp>

<comp id="234" class="1004" name="write_ln0_write_fu_234">
<pin_list>
<pin id="235" dir="0" index="0" bw="0" slack="0"/>
<pin id="236" dir="0" index="1" bw="32" slack="0"/>
<pin id="237" dir="0" index="2" bw="32" slack="0"/>
<pin id="238" dir="1" index="3" bw="0" slack="2147483647"/>
</pin_list>
<bind>
<opcode="write(1151) " fcode="write"/>
<opset="write_ln0/18 "/>
</bind>
</comp>

<comp id="241" class="1004" name="zext_ln25_cast_fu_241">
<pin_list>
<pin id="242" dir="0" index="0" bw="32" slack="0"/>
<pin id="243" dir="1" index="1" bw="34" slack="6"/>
</pin_list>
<bind>
<opcode="zext(34) " fcode="zext"/>
<opset="zext_ln25_cast/1 "/>
</bind>
</comp>

<comp id="245" class="1004" name="p_cast8_mid145_cast_fu_245">
<pin_list>
<pin id="246" dir="0" index="0" bw="32" slack="0"/>
<pin id="247" dir="1" index="1" bw="33" slack="6"/>
</pin_list>
<bind>
<opcode="zext(34) " fcode="zext"/>
<opset="p_cast8_mid145_cast/1 "/>
</bind>
</comp>

<comp id="249" class="1004" name="zext_ln20_1_cast_fu_249">
<pin_list>
<pin id="250" dir="0" index="0" bw="32" slack="0"/>
<pin id="251" dir="1" index="1" bw="33" slack="4"/>
</pin_list>
<bind>
<opcode="zext(34) " fcode="zext"/>
<opset="zext_ln20_1_cast/1 "/>
</bind>
</comp>

<comp id="253" class="1004" name="tmp4_cast_mid167_cast_fu_253">
<pin_list>
<pin id="254" dir="0" index="0" bw="32" slack="0"/>
<pin id="255" dir="1" index="1" bw="33" slack="4"/>
</pin_list>
<bind>
<opcode="zext(34) " fcode="zext"/>
<opset="tmp4_cast_mid167_cast/1 "/>
</bind>
</comp>

<comp id="257" class="1004" name="store_ln0_store_fu_257">
<pin_list>
<pin id="258" dir="0" index="0" bw="1" slack="0"/>
<pin id="259" dir="0" index="1" bw="96" slack="0"/>
<pin id="260" dir="1" index="2" bw="0" slack="2147483647"/>
</pin_list>
<bind>
<opcode="store(28) " fcode="store"/>
<opset="store_ln0/1 "/>
</bind>
</comp>

<comp id="262" class="1004" name="store_ln0_store_fu_262">
<pin_list>
<pin id="263" dir="0" index="0" bw="1" slack="0"/>
<pin id="264" dir="0" index="1" bw="32" slack="0"/>
<pin id="265" dir="1" index="2" bw="0" slack="2147483647"/>
</pin_list>
<bind>
<opcode="store(28) " fcode="store"/>
<opset="store_ln0/1 "/>
</bind>
</comp>

<comp id="267" class="1004" name="store_ln0_store_fu_267">
<pin_list>
<pin id="268" dir="0" index="0" bw="1" slack="0"/>
<pin id="269" dir="0" index="1" bw="64" slack="0"/>
<pin id="270" dir="1" index="2" bw="0" slack="2147483647"/>
</pin_list>
<bind>
<opcode="store(28) " fcode="store"/>
<opset="store_ln0/1 "/>
</bind>
</comp>

<comp id="272" class="1004" name="store_ln0_store_fu_272">
<pin_list>
<pin id="273" dir="0" index="0" bw="1" slack="0"/>
<pin id="274" dir="0" index="1" bw="32" slack="0"/>
<pin id="275" dir="1" index="2" bw="0" slack="2147483647"/>
</pin_list>
<bind>
<opcode="store(28) " fcode="store"/>
<opset="store_ln0/1 "/>
</bind>
</comp>

<comp id="277" class="1004" name="store_ln0_store_fu_277">
<pin_list>
<pin id="278" dir="0" index="0" bw="1" slack="0"/>
<pin id="279" dir="0" index="1" bw="32" slack="0"/>
<pin id="280" dir="1" index="2" bw="0" slack="2147483647"/>
</pin_list>
<bind>
<opcode="store(28) " fcode="store"/>
<opset="store_ln0/1 "/>
</bind>
</comp>

<comp id="282" class="1004" name="store_ln0_store_fu_282">
<pin_list>
<pin id="283" dir="0" index="0" bw="1" slack="0"/>
<pin id="284" dir="0" index="1" bw="32" slack="0"/>
<pin id="285" dir="1" index="2" bw="0" slack="2147483647"/>
</pin_list>
<bind>
<opcode="store(28) " fcode="store"/>
<opset="store_ln0/1 "/>
</bind>
</comp>

<comp id="287" class="1004" name="cy_1_load_fu_287">
<pin_list>
<pin id="288" dir="0" index="0" bw="32" slack="1"/>
<pin id="289" dir="1" index="1" bw="32" slack="0"/>
</pin_list>
<bind>
<opcode="load(27) " fcode="load"/>
<opset="cy_1/2 "/>
</bind>
</comp>

<comp id="290" class="1004" name="iChannel_1_load_fu_290">
<pin_list>
<pin id="291" dir="0" index="0" bw="32" slack="1"/>
<pin id="292" dir="1" index="1" bw="32" slack="0"/>
</pin_list>
<bind>
<opcode="load(27) " fcode="load"/>
<opset="iChannel_1/2 "/>
</bind>
</comp>

<comp id="293" class="1004" name="indvar_flatten93_load_load_fu_293">
<pin_list>
<pin id="294" dir="0" index="0" bw="96" slack="1"/>
<pin id="295" dir="1" index="1" bw="96" slack="0"/>
</pin_list>
<bind>
<opcode="load(27) " fcode="load"/>
<opset="indvar_flatten93_load/2 "/>
</bind>
</comp>

<comp id="296" class="1004" name="grp_fu_296">
<pin_list>
<pin id="297" dir="0" index="0" bw="32" slack="0"/>
<pin id="298" dir="0" index="1" bw="32" slack="1"/>
<pin id="299" dir="1" index="2" bw="32" slack="1"/>
</pin_list>
<bind>
<opcode="mul(12) " fcode="mul"/>
<opset="tmp2/2 "/>
</bind>
</comp>

<comp id="301" class="1004" name="grp_fu_301">
<pin_list>
<pin id="302" dir="0" index="0" bw="32" slack="0"/>
<pin id="303" dir="0" index="1" bw="32" slack="1"/>
<pin id="304" dir="1" index="2" bw="32" slack="2"/>
</pin_list>
<bind>
<opcode="mul(12) " fcode="mul"/>
<opset="empty_35/2 "/>
</bind>
</comp>

<comp id="306" class="1004" name="empty_36_fu_306">
<pin_list>
<pin id="307" dir="0" index="0" bw="32" slack="0"/>
<pin id="308" dir="0" index="1" bw="32" slack="1"/>
<pin id="309" dir="1" index="2" bw="32" slack="1"/>
</pin_list>
<bind>
<opcode="add(8) " fcode="add"/>
<opset="empty_36/2 "/>
</bind>
</comp>

<comp id="311" class="1004" name="grp_fu_311">
<pin_list>
<pin id="312" dir="0" index="0" bw="32" slack="0"/>
<pin id="313" dir="0" index="1" bw="32" slack="1"/>
<pin id="314" dir="1" index="2" bw="32" slack="2"/>
</pin_list>
<bind>
<opcode="mul(12) " fcode="mul"/>
<opset="empty_38/2 "/>
</bind>
</comp>

<comp id="316" class="1004" name="add_ln25_fu_316">
<pin_list>
<pin id="317" dir="0" index="0" bw="32" slack="0"/>
<pin id="318" dir="0" index="1" bw="1" slack="0"/>
<pin id="319" dir="1" index="2" bw="32" slack="1"/>
</pin_list>
<bind>
<opcode="add(8) " fcode="add"/>
<opset="add_ln25/2 "/>
</bind>
</comp>

<comp id="322" class="1004" name="icmp_ln25_fu_322">
<pin_list>
<pin id="323" dir="0" index="0" bw="96" slack="0"/>
<pin id="324" dir="0" index="1" bw="96" slack="1"/>
<pin id="325" dir="1" index="2" bw="1" slack="1"/>
</pin_list>
<bind>
<opcode="icmp(45) " fcode="icmp"/>
<opset="icmp_ln25/2 "/>
</bind>
</comp>

<comp id="327" class="1004" name="cx_load_load_fu_327">
<pin_list>
<pin id="328" dir="0" index="0" bw="32" slack="1"/>
<pin id="329" dir="1" index="1" bw="32" slack="0"/>
</pin_list>
<bind>
<opcode="load(27) " fcode="load"/>
<opset="cx_load/2 "/>
</bind>
</comp>

<comp id="330" class="1004" name="indvar_flatten_load_load_fu_330">
<pin_list>
<pin id="331" dir="0" index="0" bw="64" slack="1"/>
<pin id="332" dir="1" index="1" bw="64" slack="0"/>
</pin_list>
<bind>
<opcode="load(27) " fcode="load"/>
<opset="indvar_flatten_load/2 "/>
</bind>
</comp>

<comp id="333" class="1004" name="icmp_ln26_fu_333">
<pin_list>
<pin id="334" dir="0" index="0" bw="64" slack="0"/>
<pin id="335" dir="0" index="1" bw="64" slack="1"/>
<pin id="336" dir="1" index="2" bw="1" slack="0"/>
</pin_list>
<bind>
<opcode="icmp(45) " fcode="icmp"/>
<opset="icmp_ln26/2 "/>
</bind>
</comp>

<comp id="338" class="1004" name="select_ln23_fu_338">
<pin_list>
<pin id="339" dir="0" index="0" bw="1" slack="0"/>
<pin id="340" dir="0" index="1" bw="32" slack="0"/>
<pin id="341" dir="0" index="2" bw="32" slack="0"/>
<pin id="342" dir="1" index="3" bw="32" slack="0"/>
</pin_list>
<bind>
<opcode="select(49) " fcode="select"/>
<opset="select_ln23/2 "/>
</bind>
</comp>

<comp id="346" class="1004" name="icmp_ln27_fu_346">
<pin_list>
<pin id="347" dir="0" index="0" bw="32" slack="0"/>
<pin id="348" dir="0" index="1" bw="32" slack="1"/>
<pin id="349" dir="1" index="2" bw="1" slack="0"/>
</pin_list>
<bind>
<opcode="icmp(45) " fcode="icmp"/>
<opset="icmp_ln27/2 "/>
</bind>
</comp>

<comp id="351" class="1004" name="select_ln23_4_fu_351">
<pin_list>
<pin id="352" dir="0" index="0" bw="1" slack="0"/>
<pin id="353" dir="0" index="1" bw="1" slack="1"/>
<pin id="354" dir="0" index="2" bw="1" slack="0"/>
<pin id="355" dir="1" index="3" bw="1" slack="1"/>
</pin_list>
<bind>
<opcode="select(49) " fcode="select"/>
<opset="select_ln23_4/2 "/>
</bind>
</comp>

<comp id="358" class="1004" name="add_ln26_fu_358">
<pin_list>
<pin id="359" dir="0" index="0" bw="32" slack="0"/>
<pin id="360" dir="0" index="1" bw="1" slack="0"/>
<pin id="361" dir="1" index="2" bw="32" slack="1"/>
</pin_list>
<bind>
<opcode="add(8) " fcode="add"/>
<opset="add_ln26/2 "/>
</bind>
</comp>

<comp id="364" class="1004" name="grp_fu_364">
<pin_list>
<pin id="365" dir="0" index="0" bw="32" slack="1"/>
<pin id="366" dir="0" index="1" bw="32" slack="2"/>
<pin id="367" dir="1" index="2" bw="32" slack="3"/>
</pin_list>
<bind>
<opcode="mul(12) " fcode="mul"/>
<opset="empty_37/3 "/>
</bind>
</comp>

<comp id="368" class="1004" name="add_ln25_1_fu_368">
<pin_list>
<pin id="369" dir="0" index="0" bw="96" slack="1"/>
<pin id="370" dir="0" index="1" bw="1" slack="0"/>
<pin id="371" dir="1" index="2" bw="96" slack="0"/>
</pin_list>
<bind>
<opcode="add(8) " fcode="add"/>
<opset="add_ln25_1/3 "/>
</bind>
</comp>

<comp id="373" class="1004" name="grp_fu_373">
<pin_list>
<pin id="374" dir="0" index="0" bw="32" slack="1"/>
<pin id="375" dir="0" index="1" bw="32" slack="2"/>
<pin id="376" dir="1" index="2" bw="32" slack="1"/>
</pin_list>
<bind>
<opcode="mul(12) " fcode="mul"/>
<opset="tmp2_mid1/3 "/>
</bind>
</comp>

<comp id="377" class="1004" name="grp_fu_377">
<pin_list>
<pin id="378" dir="0" index="0" bw="32" slack="1"/>
<pin id="379" dir="0" index="1" bw="32" slack="2"/>
<pin id="380" dir="1" index="2" bw="32" slack="1"/>
</pin_list>
<bind>
<opcode="mul(12) " fcode="mul"/>
<opset="p_mid139/3 "/>
</bind>
</comp>

<comp id="381" class="1004" name="select_ln25_fu_381">
<pin_list>
<pin id="382" dir="0" index="0" bw="1" slack="1"/>
<pin id="383" dir="0" index="1" bw="32" slack="1"/>
<pin id="384" dir="0" index="2" bw="32" slack="1"/>
<pin id="385" dir="1" index="3" bw="32" slack="0"/>
</pin_list>
<bind>
<opcode="select(49) " fcode="select"/>
<opset="select_ln25/3 "/>
</bind>
</comp>

<comp id="386" class="1004" name="or_ln23_fu_386">
<pin_list>
<pin id="387" dir="0" index="0" bw="1" slack="1"/>
<pin id="388" dir="0" index="1" bw="1" slack="1"/>
<pin id="389" dir="1" index="2" bw="1" slack="0"/>
</pin_list>
<bind>
<opcode="or(24) " fcode="or"/>
<opset="or_ln23/3 "/>
</bind>
</comp>

<comp id="390" class="1004" name="select_ln23_5_fu_390">
<pin_list>
<pin id="391" dir="0" index="0" bw="1" slack="0"/>
<pin id="392" dir="0" index="1" bw="32" slack="0"/>
<pin id="393" dir="0" index="2" bw="32" slack="1"/>
<pin id="394" dir="1" index="3" bw="32" slack="0"/>
</pin_list>
<bind>
<opcode="select(49) " fcode="select"/>
<opset="select_ln23_5/3 "/>
</bind>
</comp>

<comp id="397" class="1004" name="p_mid1_fu_397">
<pin_list>
<pin id="398" dir="0" index="0" bw="32" slack="1"/>
<pin id="399" dir="0" index="1" bw="32" slack="2"/>
<pin id="400" dir="1" index="2" bw="32" slack="1"/>
</pin_list>
<bind>
<opcode="add(8) " fcode="add"/>
<opset="p_mid1/3 "/>
</bind>
</comp>

<comp id="401" class="1004" name="grp_fu_401">
<pin_list>
<pin id="402" dir="0" index="0" bw="32" slack="1"/>
<pin id="403" dir="0" index="1" bw="32" slack="2"/>
<pin id="404" dir="1" index="2" bw="32" slack="1"/>
</pin_list>
<bind>
<opcode="mul(12) " fcode="mul"/>
<opset="p_mid118/3 "/>
</bind>
</comp>

<comp id="405" class="1004" name="select_ln26_fu_405">
<pin_list>
<pin id="406" dir="0" index="0" bw="1" slack="1"/>
<pin id="407" dir="0" index="1" bw="32" slack="1"/>
<pin id="408" dir="0" index="2" bw="32" slack="1"/>
<pin id="409" dir="1" index="3" bw="32" slack="0"/>
</pin_list>
<bind>
<opcode="select(49) " fcode="select"/>
<opset="select_ln26/3 "/>
</bind>
</comp>

<comp id="410" class="1004" name="add_ln27_fu_410">
<pin_list>
<pin id="411" dir="0" index="0" bw="32" slack="0"/>
<pin id="412" dir="0" index="1" bw="1" slack="0"/>
<pin id="413" dir="1" index="2" bw="32" slack="0"/>
</pin_list>
<bind>
<opcode="add(8) " fcode="add"/>
<opset="add_ln27/3 "/>
</bind>
</comp>

<comp id="416" class="1004" name="add_ln26_1_fu_416">
<pin_list>
<pin id="417" dir="0" index="0" bw="64" slack="1"/>
<pin id="418" dir="0" index="1" bw="1" slack="0"/>
<pin id="419" dir="1" index="2" bw="64" slack="0"/>
</pin_list>
<bind>
<opcode="add(8) " fcode="add"/>
<opset="add_ln26_1/3 "/>
</bind>
</comp>

<comp id="421" class="1004" name="select_ln26_1_fu_421">
<pin_list>
<pin id="422" dir="0" index="0" bw="1" slack="1"/>
<pin id="423" dir="0" index="1" bw="64" slack="0"/>
<pin id="424" dir="0" index="2" bw="64" slack="0"/>
<pin id="425" dir="1" index="3" bw="64" slack="0"/>
</pin_list>
<bind>
<opcode="select(49) " fcode="select"/>
<opset="select_ln26_1/3 "/>
</bind>
</comp>

<comp id="428" class="1004" name="store_ln27_store_fu_428">
<pin_list>
<pin id="429" dir="0" index="0" bw="96" slack="0"/>
<pin id="430" dir="0" index="1" bw="96" slack="2"/>
<pin id="431" dir="1" index="2" bw="0" slack="2147483647"/>
</pin_list>
<bind>
<opcode="store(28) " fcode="store"/>
<opset="store_ln27/3 "/>
</bind>
</comp>

<comp id="433" class="1004" name="store_ln27_store_fu_433">
<pin_list>
<pin id="434" dir="0" index="0" bw="32" slack="0"/>
<pin id="435" dir="0" index="1" bw="32" slack="2"/>
<pin id="436" dir="1" index="2" bw="0" slack="2147483647"/>
</pin_list>
<bind>
<opcode="store(28) " fcode="store"/>
<opset="store_ln27/3 "/>
</bind>
</comp>

<comp id="438" class="1004" name="store_ln27_store_fu_438">
<pin_list>
<pin id="439" dir="0" index="0" bw="64" slack="0"/>
<pin id="440" dir="0" index="1" bw="64" slack="2"/>
<pin id="441" dir="1" index="2" bw="0" slack="2147483647"/>
</pin_list>
<bind>
<opcode="store(28) " fcode="store"/>
<opset="store_ln27/3 "/>
</bind>
</comp>

<comp id="443" class="1004" name="store_ln27_store_fu_443">
<pin_list>
<pin id="444" dir="0" index="0" bw="32" slack="0"/>
<pin id="445" dir="0" index="1" bw="32" slack="2"/>
<pin id="446" dir="1" index="2" bw="0" slack="2147483647"/>
</pin_list>
<bind>
<opcode="store(28) " fcode="store"/>
<opset="store_ln27/3 "/>
</bind>
</comp>

<comp id="448" class="1004" name="store_ln27_store_fu_448">
<pin_list>
<pin id="449" dir="0" index="0" bw="32" slack="0"/>
<pin id="450" dir="0" index="1" bw="32" slack="2"/>
<pin id="451" dir="1" index="2" bw="0" slack="2147483647"/>
</pin_list>
<bind>
<opcode="store(28) " fcode="store"/>
<opset="store_ln27/3 "/>
</bind>
</comp>

<comp id="453" class="1004" name="grp_fu_453">
<pin_list>
<pin id="454" dir="0" index="0" bw="32" slack="1"/>
<pin id="455" dir="0" index="1" bw="32" slack="3"/>
<pin id="456" dir="1" index="2" bw="32" slack="2"/>
</pin_list>
<bind>
<opcode="mul(12) " fcode="mul"/>
<opset="empty/4 "/>
</bind>
</comp>

<comp id="457" class="1004" name="grp_fu_457">
<pin_list>
<pin id="458" dir="0" index="0" bw="32" slack="1"/>
<pin id="459" dir="0" index="1" bw="32" slack="3"/>
<pin id="460" dir="1" index="2" bw="32" slack="2"/>
</pin_list>
<bind>
<opcode="mul(12) " fcode="mul"/>
<opset="p_mid110/4 "/>
</bind>
</comp>

<comp id="461" class="1004" name="zext_ln26_fu_461">
<pin_list>
<pin id="462" dir="0" index="0" bw="32" slack="2"/>
<pin id="463" dir="1" index="1" bw="34" slack="0"/>
</pin_list>
<bind>
<opcode="zext(34) " fcode="zext"/>
<opset="zext_ln26/5 "/>
</bind>
</comp>

<comp id="464" class="1004" name="p_cast11_fu_464">
<pin_list>
<pin id="465" dir="0" index="0" bw="32" slack="2"/>
<pin id="466" dir="1" index="1" bw="33" slack="0"/>
</pin_list>
<bind>
<opcode="zext(34) " fcode="zext"/>
<opset="p_cast11/5 "/>
</bind>
</comp>

<comp id="467" class="1004" name="tmp4_fu_467">
<pin_list>
<pin id="468" dir="0" index="0" bw="32" slack="4"/>
<pin id="469" dir="0" index="1" bw="32" slack="0"/>
<pin id="470" dir="1" index="2" bw="33" slack="0"/>
</pin_list>
<bind>
<opcode="add(8) " fcode="add"/>
<opset="tmp4/5 "/>
</bind>
</comp>

<comp id="472" class="1004" name="tmp4_cast_fu_472">
<pin_list>
<pin id="473" dir="0" index="0" bw="33" slack="0"/>
<pin id="474" dir="1" index="1" bw="34" slack="0"/>
</pin_list>
<bind>
<opcode="zext(34) " fcode="zext"/>
<opset="tmp4_cast/5 "/>
</bind>
</comp>

<comp id="476" class="1004" name="empty_39_fu_476">
<pin_list>
<pin id="477" dir="0" index="0" bw="33" slack="0"/>
<pin id="478" dir="0" index="1" bw="32" slack="0"/>
<pin id="479" dir="1" index="2" bw="34" slack="1"/>
</pin_list>
<bind>
<opcode="add(8) " fcode="add"/>
<opset="empty_39/5 "/>
</bind>
</comp>

<comp id="482" class="1004" name="grp_fu_482">
<pin_list>
<pin id="483" dir="0" index="0" bw="32" slack="1"/>
<pin id="484" dir="0" index="1" bw="32" slack="4"/>
<pin id="485" dir="1" index="2" bw="32" slack="1"/>
</pin_list>
<bind>
<opcode="mul(12) " fcode="mul"/>
<opset="p_mid137/5 "/>
</bind>
</comp>

<comp id="486" class="1004" name="zext_ln23_5_fu_486">
<pin_list>
<pin id="487" dir="0" index="0" bw="32" slack="1"/>
<pin id="488" dir="1" index="1" bw="33" slack="0"/>
</pin_list>
<bind>
<opcode="zext(34) " fcode="zext"/>
<opset="zext_ln23_5/5 "/>
</bind>
</comp>

<comp id="489" class="1004" name="select_ln23_2_fu_489">
<pin_list>
<pin id="490" dir="0" index="0" bw="1" slack="3"/>
<pin id="491" dir="0" index="1" bw="32" slack="1"/>
<pin id="492" dir="0" index="2" bw="32" slack="2"/>
<pin id="493" dir="1" index="3" bw="32" slack="0"/>
</pin_list>
<bind>
<opcode="select(49) " fcode="select"/>
<opset="select_ln23_2/5 "/>
</bind>
</comp>

<comp id="494" class="1004" name="zext_ln23_1_fu_494">
<pin_list>
<pin id="495" dir="0" index="0" bw="32" slack="0"/>
<pin id="496" dir="1" index="1" bw="34" slack="0"/>
</pin_list>
<bind>
<opcode="zext(34) " fcode="zext"/>
<opset="zext_ln23_1/5 "/>
</bind>
</comp>

<comp id="498" class="1004" name="p_mid169_fu_498">
<pin_list>
<pin id="499" dir="0" index="0" bw="32" slack="4"/>
<pin id="500" dir="0" index="1" bw="32" slack="0"/>
<pin id="501" dir="1" index="2" bw="33" slack="1"/>
</pin_list>
<bind>
<opcode="add(8) " fcode="add"/>
<opset="p_mid169/5 "/>
</bind>
</comp>

<comp id="503" class="1004" name="p_cast11_mid1_fu_503">
<pin_list>
<pin id="504" dir="0" index="0" bw="32" slack="1"/>
<pin id="505" dir="1" index="1" bw="33" slack="0"/>
</pin_list>
<bind>
<opcode="zext(34) " fcode="zext"/>
<opset="p_cast11_mid1/5 "/>
</bind>
</comp>

<comp id="506" class="1004" name="tmp4_mid1_fu_506">
<pin_list>
<pin id="507" dir="0" index="0" bw="32" slack="4"/>
<pin id="508" dir="0" index="1" bw="32" slack="0"/>
<pin id="509" dir="1" index="2" bw="33" slack="0"/>
</pin_list>
<bind>
<opcode="add(8) " fcode="add"/>
<opset="tmp4_mid1/5 "/>
</bind>
</comp>

<comp id="511" class="1004" name="tmp4_cast_mid1_fu_511">
<pin_list>
<pin id="512" dir="0" index="0" bw="33" slack="0"/>
<pin id="513" dir="1" index="1" bw="34" slack="0"/>
</pin_list>
<bind>
<opcode="zext(34) " fcode="zext"/>
<opset="tmp4_cast_mid1/5 "/>
</bind>
</comp>

<comp id="515" class="1004" name="p_mid120_fu_515">
<pin_list>
<pin id="516" dir="0" index="0" bw="33" slack="0"/>
<pin id="517" dir="0" index="1" bw="32" slack="0"/>
<pin id="518" dir="1" index="2" bw="34" slack="1"/>
</pin_list>
<bind>
<opcode="add(8) " fcode="add"/>
<opset="p_mid120/5 "/>
</bind>
</comp>

<comp id="521" class="1004" name="zext_ln23_6_fu_521">
<pin_list>
<pin id="522" dir="0" index="0" bw="33" slack="1"/>
<pin id="523" dir="1" index="1" bw="34" slack="0"/>
</pin_list>
<bind>
<opcode="zext(34) " fcode="zext"/>
<opset="zext_ln23_6/6 "/>
</bind>
</comp>

<comp id="524" class="1004" name="select_ln23_6_fu_524">
<pin_list>
<pin id="525" dir="0" index="0" bw="1" slack="4"/>
<pin id="526" dir="0" index="1" bw="34" slack="0"/>
<pin id="527" dir="0" index="2" bw="34" slack="1"/>
<pin id="528" dir="1" index="3" bw="34" slack="0"/>
</pin_list>
<bind>
<opcode="select(49) " fcode="select"/>
<opset="select_ln23_6/6 "/>
</bind>
</comp>

<comp id="530" class="1004" name="select_ln23_7_fu_530">
<pin_list>
<pin id="531" dir="0" index="0" bw="1" slack="4"/>
<pin id="532" dir="0" index="1" bw="34" slack="1"/>
<pin id="533" dir="0" index="2" bw="34" slack="0"/>
<pin id="534" dir="1" index="3" bw="34" slack="0"/>
</pin_list>
<bind>
<opcode="select(49) " fcode="select"/>
<opset="select_ln23_7/6 "/>
</bind>
</comp>

<comp id="536" class="1004" name="sext_ln27_mid2_v_v_v_v_v_fu_536">
<pin_list>
<pin id="537" dir="0" index="0" bw="36" slack="0"/>
<pin id="538" dir="0" index="1" bw="34" slack="0"/>
<pin id="539" dir="0" index="2" bw="1" slack="0"/>
<pin id="540" dir="1" index="3" bw="36" slack="0"/>
</pin_list>
<bind>
<opcode="bitconcatenate(1004) " fcode="bitconcatenate"/>
<opset="sext_ln27_mid2_v_v_v_v_v/6 "/>
</bind>
</comp>

<comp id="544" class="1004" name="zext_ln23_2_fu_544">
<pin_list>
<pin id="545" dir="0" index="0" bw="36" slack="0"/>
<pin id="546" dir="1" index="1" bw="64" slack="0"/>
</pin_list>
<bind>
<opcode="zext(34) " fcode="zext"/>
<opset="zext_ln23_2/6 "/>
</bind>
</comp>

<comp id="548" class="1004" name="add_ln23_fu_548">
<pin_list>
<pin id="549" dir="0" index="0" bw="36" slack="0"/>
<pin id="550" dir="0" index="1" bw="64" slack="5"/>
<pin id="551" dir="1" index="2" bw="64" slack="0"/>
</pin_list>
<bind>
<opcode="add(8) " fcode="add"/>
<opset="add_ln23/6 "/>
</bind>
</comp>

<comp id="553" class="1004" name="sext_ln27_mid2_v_fu_553">
<pin_list>
<pin id="554" dir="0" index="0" bw="62" slack="0"/>
<pin id="555" dir="0" index="1" bw="64" slack="0"/>
<pin id="556" dir="0" index="2" bw="3" slack="0"/>
<pin id="557" dir="0" index="3" bw="7" slack="0"/>
<pin id="558" dir="1" index="4" bw="62" slack="0"/>
</pin_list>
<bind>
<opcode="partselect(1002) " fcode="partselect"/>
<opset="sext_ln27_mid2_v/6 "/>
</bind>
</comp>

<comp id="563" class="1004" name="sext_ln23_fu_563">
<pin_list>
<pin id="564" dir="0" index="0" bw="62" slack="0"/>
<pin id="565" dir="1" index="1" bw="63" slack="0"/>
</pin_list>
<bind>
<opcode="sext(35) " fcode="sext"/>
<opset="sext_ln23/6 "/>
</bind>
</comp>

<comp id="567" class="1004" name="cx_cast_fu_567">
<pin_list>
<pin id="568" dir="0" index="0" bw="32" slack="3"/>
<pin id="569" dir="1" index="1" bw="63" slack="0"/>
</pin_list>
<bind>
<opcode="zext(34) " fcode="zext"/>
<opset="cx_cast/6 "/>
</bind>
</comp>

<comp id="570" class="1004" name="add_ln30_fu_570">
<pin_list>
<pin id="571" dir="0" index="0" bw="32" slack="0"/>
<pin id="572" dir="0" index="1" bw="62" slack="0"/>
<pin id="573" dir="1" index="2" bw="63" slack="0"/>
</pin_list>
<bind>
<opcode="add(8) " fcode="add"/>
<opset="add_ln30/6 "/>
</bind>
</comp>

<comp id="576" class="1004" name="sext_ln30_fu_576">
<pin_list>
<pin id="577" dir="0" index="0" bw="63" slack="0"/>
<pin id="578" dir="1" index="1" bw="64" slack="0"/>
</pin_list>
<bind>
<opcode="sext(35) " fcode="sext"/>
<opset="sext_ln30/6 "/>
</bind>
</comp>

<comp id="580" class="1004" name="gmem_addr_fu_580">
<pin_list>
<pin id="581" dir="0" index="0" bw="64" slack="0"/>
<pin id="582" dir="0" index="1" bw="64" slack="0"/>
<pin id="583" dir="1" index="2" bw="64" slack="1"/>
</pin_list>
<bind>
<opcode="getelementptr(29) " fcode="getelementptr"/>
<opset="gmem_addr/6 "/>
</bind>
</comp>

<comp id="586" class="1004" name="p_cast7_fu_586">
<pin_list>
<pin id="587" dir="0" index="0" bw="32" slack="2"/>
<pin id="588" dir="1" index="1" bw="33" slack="0"/>
</pin_list>
<bind>
<opcode="zext(34) " fcode="zext"/>
<opset="p_cast7/7 "/>
</bind>
</comp>

<comp id="589" class="1004" name="p_cast8_fu_589">
<pin_list>
<pin id="590" dir="0" index="0" bw="32" slack="3"/>
<pin id="591" dir="1" index="1" bw="33" slack="0"/>
</pin_list>
<bind>
<opcode="zext(34) " fcode="zext"/>
<opset="p_cast8/7 "/>
</bind>
</comp>

<comp id="592" class="1004" name="tmp3_fu_592">
<pin_list>
<pin id="593" dir="0" index="0" bw="32" slack="0"/>
<pin id="594" dir="0" index="1" bw="32" slack="0"/>
<pin id="595" dir="1" index="2" bw="33" slack="0"/>
</pin_list>
<bind>
<opcode="add(8) " fcode="add"/>
<opset="tmp3/7 "/>
</bind>
</comp>

<comp id="598" class="1004" name="p_cast7_mid1_fu_598">
<pin_list>
<pin id="599" dir="0" index="0" bw="32" slack="1"/>
<pin id="600" dir="1" index="1" bw="33" slack="0"/>
</pin_list>
<bind>
<opcode="zext(34) " fcode="zext"/>
<opset="p_cast7_mid1/7 "/>
</bind>
</comp>

<comp id="601" class="1004" name="select_ln23_1_fu_601">
<pin_list>
<pin id="602" dir="0" index="0" bw="1" slack="5"/>
<pin id="603" dir="0" index="1" bw="32" slack="1"/>
<pin id="604" dir="0" index="2" bw="32" slack="2"/>
<pin id="605" dir="1" index="3" bw="32" slack="0"/>
</pin_list>
<bind>
<opcode="select(49) " fcode="select"/>
<opset="select_ln23_1/7 "/>
</bind>
</comp>

<comp id="606" class="1004" name="zext_ln23_fu_606">
<pin_list>
<pin id="607" dir="0" index="0" bw="32" slack="0"/>
<pin id="608" dir="1" index="1" bw="33" slack="0"/>
</pin_list>
<bind>
<opcode="zext(34) " fcode="zext"/>
<opset="zext_ln23/7 "/>
</bind>
</comp>

<comp id="610" class="1004" name="tmp3_mid147_fu_610">
<pin_list>
<pin id="611" dir="0" index="0" bw="32" slack="0"/>
<pin id="612" dir="0" index="1" bw="32" slack="6"/>
<pin id="613" dir="1" index="2" bw="33" slack="0"/>
</pin_list>
<bind>
<opcode="add(8) " fcode="add"/>
<opset="tmp3_mid147/7 "/>
</bind>
</comp>

<comp id="615" class="1004" name="select_ln23_3_fu_615">
<pin_list>
<pin id="616" dir="0" index="0" bw="1" slack="5"/>
<pin id="617" dir="0" index="1" bw="33" slack="0"/>
<pin id="618" dir="0" index="2" bw="33" slack="0"/>
<pin id="619" dir="1" index="3" bw="33" slack="0"/>
</pin_list>
<bind>
<opcode="select(49) " fcode="select"/>
<opset="select_ln23_3/7 "/>
</bind>
</comp>

<comp id="622" class="1004" name="p_cast8_mid1_fu_622">
<pin_list>
<pin id="623" dir="0" index="0" bw="32" slack="2"/>
<pin id="624" dir="1" index="1" bw="33" slack="0"/>
</pin_list>
<bind>
<opcode="zext(34) " fcode="zext"/>
<opset="p_cast8_mid1/7 "/>
</bind>
</comp>

<comp id="625" class="1004" name="tmp3_mid1_fu_625">
<pin_list>
<pin id="626" dir="0" index="0" bw="32" slack="0"/>
<pin id="627" dir="0" index="1" bw="32" slack="0"/>
<pin id="628" dir="1" index="2" bw="33" slack="0"/>
</pin_list>
<bind>
<opcode="add(8) " fcode="add"/>
<opset="tmp3_mid1/7 "/>
</bind>
</comp>

<comp id="631" class="1004" name="select_ln23_8_fu_631">
<pin_list>
<pin id="632" dir="0" index="0" bw="1" slack="5"/>
<pin id="633" dir="0" index="1" bw="33" slack="0"/>
<pin id="634" dir="0" index="2" bw="33" slack="0"/>
<pin id="635" dir="1" index="3" bw="33" slack="0"/>
</pin_list>
<bind>
<opcode="select(49) " fcode="select"/>
<opset="select_ln23_8/7 "/>
</bind>
</comp>

<comp id="638" class="1004" name="zext_ln23_3_fu_638">
<pin_list>
<pin id="639" dir="0" index="0" bw="33" slack="0"/>
<pin id="640" dir="1" index="1" bw="34" slack="0"/>
</pin_list>
<bind>
<opcode="zext(34) " fcode="zext"/>
<opset="zext_ln23_3/7 "/>
</bind>
</comp>

<comp id="642" class="1004" name="add_ln23_1_fu_642">
<pin_list>
<pin id="643" dir="0" index="0" bw="33" slack="0"/>
<pin id="644" dir="0" index="1" bw="32" slack="6"/>
<pin id="645" dir="1" index="2" bw="34" slack="1"/>
</pin_list>
<bind>
<opcode="add(8) " fcode="add"/>
<opset="add_ln23_1/7 "/>
</bind>
</comp>

<comp id="647" class="1004" name="sext_ln27_1_mid2_v_v_v_v_v_fu_647">
<pin_list>
<pin id="648" dir="0" index="0" bw="36" slack="0"/>
<pin id="649" dir="0" index="1" bw="34" slack="1"/>
<pin id="650" dir="0" index="2" bw="1" slack="0"/>
<pin id="651" dir="1" index="3" bw="36" slack="0"/>
</pin_list>
<bind>
<opcode="bitconcatenate(1004) " fcode="bitconcatenate"/>
<opset="sext_ln27_1_mid2_v_v_v_v_v/8 "/>
</bind>
</comp>

<comp id="654" class="1004" name="zext_ln23_4_fu_654">
<pin_list>
<pin id="655" dir="0" index="0" bw="36" slack="0"/>
<pin id="656" dir="1" index="1" bw="64" slack="0"/>
</pin_list>
<bind>
<opcode="zext(34) " fcode="zext"/>
<opset="zext_ln23_4/8 "/>
</bind>
</comp>

<comp id="658" class="1004" name="add_ln23_2_fu_658">
<pin_list>
<pin id="659" dir="0" index="0" bw="36" slack="0"/>
<pin id="660" dir="0" index="1" bw="64" slack="7"/>
<pin id="661" dir="1" index="2" bw="64" slack="0"/>
</pin_list>
<bind>
<opcode="add(8) " fcode="add"/>
<opset="add_ln23_2/8 "/>
</bind>
</comp>

<comp id="663" class="1004" name="sext_ln27_1_mid2_v_fu_663">
<pin_list>
<pin id="664" dir="0" index="0" bw="62" slack="0"/>
<pin id="665" dir="0" index="1" bw="64" slack="0"/>
<pin id="666" dir="0" index="2" bw="3" slack="0"/>
<pin id="667" dir="0" index="3" bw="7" slack="0"/>
<pin id="668" dir="1" index="4" bw="62" slack="0"/>
</pin_list>
<bind>
<opcode="partselect(1002) " fcode="partselect"/>
<opset="sext_ln27_1_mid2_v/8 "/>
</bind>
</comp>

<comp id="673" class="1004" name="sext_ln23_1_fu_673">
<pin_list>
<pin id="674" dir="0" index="0" bw="62" slack="0"/>
<pin id="675" dir="1" index="1" bw="63" slack="0"/>
</pin_list>
<bind>
<opcode="sext(35) " fcode="sext"/>
<opset="sext_ln23_1/8 "/>
</bind>
</comp>

<comp id="677" class="1004" name="add_ln31_fu_677">
<pin_list>
<pin id="678" dir="0" index="0" bw="32" slack="2"/>
<pin id="679" dir="0" index="1" bw="62" slack="0"/>
<pin id="680" dir="1" index="2" bw="63" slack="0"/>
</pin_list>
<bind>
<opcode="add(8) " fcode="add"/>
<opset="add_ln31/8 "/>
</bind>
</comp>

<comp id="682" class="1004" name="sext_ln31_fu_682">
<pin_list>
<pin id="683" dir="0" index="0" bw="63" slack="0"/>
<pin id="684" dir="1" index="1" bw="64" slack="0"/>
</pin_list>
<bind>
<opcode="sext(35) " fcode="sext"/>
<opset="sext_ln31/8 "/>
</bind>
</comp>

<comp id="686" class="1004" name="gmem_addr_1_fu_686">
<pin_list>
<pin id="687" dir="0" index="0" bw="64" slack="0"/>
<pin id="688" dir="0" index="1" bw="64" slack="0"/>
<pin id="689" dir="1" index="2" bw="64" slack="2"/>
</pin_list>
<bind>
<opcode="getelementptr(29) " fcode="getelementptr"/>
<opset="gmem_addr_1/8 "/>
</bind>
</comp>

<comp id="692" class="1004" name="sext_ln14_fu_692">
<pin_list>
<pin id="693" dir="0" index="0" bw="32" slack="4"/>
<pin id="694" dir="1" index="1" bw="52" slack="0"/>
</pin_list>
<bind>
<opcode="sext(35) " fcode="sext"/>
<opset="sext_ln14/18 "/>
</bind>
</comp>

<comp id="695" class="1004" name="sext_ln14_1_fu_695">
<pin_list>
<pin id="696" dir="0" index="0" bw="32" slack="1"/>
<pin id="697" dir="1" index="1" bw="52" slack="0"/>
</pin_list>
<bind>
<opcode="sext(35) " fcode="sext"/>
<opset="sext_ln14_1/18 "/>
</bind>
</comp>

<comp id="698" class="1004" name="grp_fu_698">
<pin_list>
<pin id="699" dir="0" index="0" bw="32" slack="0"/>
<pin id="700" dir="0" index="1" bw="32" slack="0"/>
<pin id="701" dir="1" index="2" bw="52" slack="0"/>
</pin_list>
<bind>
<opcode="mul(12) " fcode="mul"/>
<opset="res/18 "/>
</bind>
</comp>

<comp id="704" class="1004" name="trunc_ln1_fu_704">
<pin_list>
<pin id="705" dir="0" index="0" bw="32" slack="0"/>
<pin id="706" dir="0" index="1" bw="52" slack="0"/>
<pin id="707" dir="0" index="2" bw="6" slack="0"/>
<pin id="708" dir="0" index="3" bw="7" slack="0"/>
<pin id="709" dir="1" index="4" bw="32" slack="1"/>
</pin_list>
<bind>
<opcode="partselect(1002) " fcode="partselect"/>
<opset="trunc_ln1/19 "/>
</bind>
</comp>

<comp id="714" class="1004" name="acc_load_load_fu_714">
<pin_list>
<pin id="715" dir="0" index="0" bw="32" slack="19"/>
<pin id="716" dir="1" index="1" bw="32" slack="0"/>
</pin_list>
<bind>
<opcode="load(27) " fcode="load"/>
<opset="acc_load/20 "/>
</bind>
</comp>

<comp id="717" class="1004" name="acc_1_fu_717">
<pin_list>
<pin id="718" dir="0" index="0" bw="32" slack="1"/>
<pin id="719" dir="0" index="1" bw="32" slack="0"/>
<pin id="720" dir="1" index="2" bw="32" slack="0"/>
</pin_list>
<bind>
<opcode="add(8) " fcode="add"/>
<opset="acc_1/20 "/>
</bind>
</comp>

<comp id="722" class="1004" name="store_ln27_store_fu_722">
<pin_list>
<pin id="723" dir="0" index="0" bw="32" slack="0"/>
<pin id="724" dir="0" index="1" bw="32" slack="19"/>
<pin id="725" dir="1" index="2" bw="0" slack="2147483647"/>
</pin_list>
<bind>
<opcode="store(28) " fcode="store"/>
<opset="store_ln27/20 "/>
</bind>
</comp>

<comp id="727" class="1004" name="acc_load_1_load_fu_727">
<pin_list>
<pin id="728" dir="0" index="0" bw="32" slack="17"/>
<pin id="729" dir="1" index="1" bw="32" slack="0"/>
</pin_list>
<bind>
<opcode="load(27) " fcode="load"/>
<opset="acc_load_1/18 "/>
</bind>
</comp>

<comp id="731" class="1005" name="acc_reg_731">
<pin_list>
<pin id="732" dir="0" index="0" bw="32" slack="0"/>
<pin id="733" dir="1" index="1" bw="32" slack="0"/>
</pin_list>
<bind>
<opset="acc "/>
</bind>
</comp>

<comp id="739" class="1005" name="cx_reg_739">
<pin_list>
<pin id="740" dir="0" index="0" bw="32" slack="0"/>
<pin id="741" dir="1" index="1" bw="32" slack="0"/>
</pin_list>
<bind>
<opset="cx "/>
</bind>
</comp>

<comp id="746" class="1005" name="cy_reg_746">
<pin_list>
<pin id="747" dir="0" index="0" bw="32" slack="0"/>
<pin id="748" dir="1" index="1" bw="32" slack="0"/>
</pin_list>
<bind>
<opset="cy "/>
</bind>
</comp>

<comp id="753" class="1005" name="indvar_flatten_reg_753">
<pin_list>
<pin id="754" dir="0" index="0" bw="64" slack="0"/>
<pin id="755" dir="1" index="1" bw="64" slack="0"/>
</pin_list>
<bind>
<opset="indvar_flatten "/>
</bind>
</comp>

<comp id="760" class="1005" name="iChannel_reg_760">
<pin_list>
<pin id="761" dir="0" index="0" bw="32" slack="0"/>
<pin id="762" dir="1" index="1" bw="32" slack="0"/>
</pin_list>
<bind>
<opset="iChannel "/>
</bind>
</comp>

<comp id="767" class="1005" name="indvar_flatten93_reg_767">
<pin_list>
<pin id="768" dir="0" index="0" bw="96" slack="0"/>
<pin id="769" dir="1" index="1" bw="96" slack="0"/>
</pin_list>
<bind>
<opset="indvar_flatten93 "/>
</bind>
</comp>

<comp id="774" class="1005" name="input_r_read_reg_774">
<pin_list>
<pin id="775" dir="0" index="0" bw="64" slack="7"/>
<pin id="776" dir="1" index="1" bw="64" slack="7"/>
</pin_list>
<bind>
<opset="input_r_read "/>
</bind>
</comp>

<comp id="779" class="1005" name="coeffs_read_reg_779">
<pin_list>
<pin id="780" dir="0" index="0" bw="64" slack="5"/>
<pin id="781" dir="1" index="1" bw="64" slack="5"/>
</pin_list>
<bind>
<opset="coeffs_read "/>
</bind>
</comp>

<comp id="784" class="1005" name="icmp_ln27_1_read_reg_784">
<pin_list>
<pin id="785" dir="0" index="0" bw="1" slack="1"/>
<pin id="786" dir="1" index="1" bw="1" slack="1"/>
</pin_list>
<bind>
<opset="icmp_ln27_1_read "/>
</bind>
</comp>

<comp id="789" class="1005" name="mul_ln3_read_reg_789">
<pin_list>
<pin id="790" dir="0" index="0" bw="64" slack="1"/>
<pin id="791" dir="1" index="1" bw="64" slack="1"/>
</pin_list>
<bind>
<opset="mul_ln3_read "/>
</bind>
</comp>

<comp id="794" class="1005" name="mul_ln3_1_read_reg_794">
<pin_list>
<pin id="795" dir="0" index="0" bw="96" slack="1"/>
<pin id="796" dir="1" index="1" bw="96" slack="1"/>
</pin_list>
<bind>
<opset="mul_ln3_1_read "/>
</bind>
</comp>

<comp id="799" class="1005" name="convWidth_read_reg_799">
<pin_list>
<pin id="800" dir="0" index="0" bw="32" slack="1"/>
<pin id="801" dir="1" index="1" bw="32" slack="1"/>
</pin_list>
<bind>
<opset="convWidth_read "/>
</bind>
</comp>

<comp id="806" class="1005" name="select_ln20_read_reg_806">
<pin_list>
<pin id="807" dir="0" index="0" bw="32" slack="1"/>
<pin id="808" dir="1" index="1" bw="32" slack="1"/>
</pin_list>
<bind>
<opset="select_ln20_read "/>
</bind>
</comp>

<comp id="812" class="1005" name="mul_ln20_read_reg_812">
<pin_list>
<pin id="813" dir="0" index="0" bw="32" slack="1"/>
<pin id="814" dir="1" index="1" bw="32" slack="1"/>
</pin_list>
<bind>
<opset="mul_ln20_read "/>
</bind>
</comp>

<comp id="818" class="1005" name="inputHeight_read_reg_818">
<pin_list>
<pin id="819" dir="0" index="0" bw="32" slack="3"/>
<pin id="820" dir="1" index="1" bw="32" slack="3"/>
</pin_list>
<bind>
<opset="inputHeight_read "/>
</bind>
</comp>

<comp id="824" class="1005" name="inputWidth_read_reg_824">
<pin_list>
<pin id="825" dir="0" index="0" bw="32" slack="1"/>
<pin id="826" dir="1" index="1" bw="32" slack="1"/>
</pin_list>
<bind>
<opset="inputWidth_read "/>
</bind>
</comp>

<comp id="832" class="1005" name="zext_ln25_cast_reg_832">
<pin_list>
<pin id="833" dir="0" index="0" bw="34" slack="6"/>
<pin id="834" dir="1" index="1" bw="34" slack="6"/>
</pin_list>
<bind>
<opset="zext_ln25_cast "/>
</bind>
</comp>

<comp id="837" class="1005" name="p_cast8_mid145_cast_reg_837">
<pin_list>
<pin id="838" dir="0" index="0" bw="33" slack="6"/>
<pin id="839" dir="1" index="1" bw="33" slack="6"/>
</pin_list>
<bind>
<opset="p_cast8_mid145_cast "/>
</bind>
</comp>

<comp id="842" class="1005" name="zext_ln20_1_cast_reg_842">
<pin_list>
<pin id="843" dir="0" index="0" bw="33" slack="4"/>
<pin id="844" dir="1" index="1" bw="33" slack="4"/>
</pin_list>
<bind>
<opset="zext_ln20_1_cast "/>
</bind>
</comp>

<comp id="848" class="1005" name="tmp4_cast_mid167_cast_reg_848">
<pin_list>
<pin id="849" dir="0" index="0" bw="33" slack="4"/>
<pin id="850" dir="1" index="1" bw="33" slack="4"/>
</pin_list>
<bind>
<opset="tmp4_cast_mid167_cast "/>
</bind>
</comp>

<comp id="853" class="1005" name="cy_1_reg_853">
<pin_list>
<pin id="854" dir="0" index="0" bw="32" slack="1"/>
<pin id="855" dir="1" index="1" bw="32" slack="1"/>
</pin_list>
<bind>
<opset="cy_1 "/>
</bind>
</comp>

<comp id="858" class="1005" name="iChannel_1_reg_858">
<pin_list>
<pin id="859" dir="0" index="0" bw="32" slack="1"/>
<pin id="860" dir="1" index="1" bw="32" slack="1"/>
</pin_list>
<bind>
<opset="iChannel_1 "/>
</bind>
</comp>

<comp id="865" class="1005" name="indvar_flatten93_load_reg_865">
<pin_list>
<pin id="866" dir="0" index="0" bw="96" slack="1"/>
<pin id="867" dir="1" index="1" bw="96" slack="1"/>
</pin_list>
<bind>
<opset="indvar_flatten93_load "/>
</bind>
</comp>

<comp id="870" class="1005" name="empty_36_reg_870">
<pin_list>
<pin id="871" dir="0" index="0" bw="32" slack="1"/>
<pin id="872" dir="1" index="1" bw="32" slack="1"/>
</pin_list>
<bind>
<opset="empty_36 "/>
</bind>
</comp>

<comp id="875" class="1005" name="add_ln25_reg_875">
<pin_list>
<pin id="876" dir="0" index="0" bw="32" slack="1"/>
<pin id="877" dir="1" index="1" bw="32" slack="1"/>
</pin_list>
<bind>
<opset="add_ln25 "/>
</bind>
</comp>

<comp id="882" class="1005" name="icmp_ln25_reg_882">
<pin_list>
<pin id="883" dir="0" index="0" bw="1" slack="1"/>
<pin id="884" dir="1" index="1" bw="1" slack="2147483647"/>
</pin_list>
<bind>
<opset="icmp_ln25 "/>
</bind>
</comp>

<comp id="886" class="1005" name="cx_load_reg_886">
<pin_list>
<pin id="887" dir="0" index="0" bw="32" slack="1"/>
<pin id="888" dir="1" index="1" bw="32" slack="1"/>
</pin_list>
<bind>
<opset="cx_load "/>
</bind>
</comp>

<comp id="891" class="1005" name="indvar_flatten_load_reg_891">
<pin_list>
<pin id="892" dir="0" index="0" bw="64" slack="1"/>
<pin id="893" dir="1" index="1" bw="64" slack="1"/>
</pin_list>
<bind>
<opset="indvar_flatten_load "/>
</bind>
</comp>

<comp id="896" class="1005" name="icmp_ln26_reg_896">
<pin_list>
<pin id="897" dir="0" index="0" bw="1" slack="1"/>
<pin id="898" dir="1" index="1" bw="1" slack="1"/>
</pin_list>
<bind>
<opset="icmp_ln26 "/>
</bind>
</comp>

<comp id="907" class="1005" name="select_ln23_reg_907">
<pin_list>
<pin id="908" dir="0" index="0" bw="32" slack="1"/>
<pin id="909" dir="1" index="1" bw="32" slack="1"/>
</pin_list>
<bind>
<opset="select_ln23 "/>
</bind>
</comp>

<comp id="912" class="1005" name="select_ln23_4_reg_912">
<pin_list>
<pin id="913" dir="0" index="0" bw="1" slack="1"/>
<pin id="914" dir="1" index="1" bw="1" slack="1"/>
</pin_list>
<bind>
<opset="select_ln23_4 "/>
</bind>
</comp>

<comp id="920" class="1005" name="add_ln26_reg_920">
<pin_list>
<pin id="921" dir="0" index="0" bw="32" slack="1"/>
<pin id="922" dir="1" index="1" bw="32" slack="1"/>
</pin_list>
<bind>
<opset="add_ln26 "/>
</bind>
</comp>

<comp id="927" class="1005" name="tmp2_reg_927">
<pin_list>
<pin id="928" dir="0" index="0" bw="32" slack="1"/>
<pin id="929" dir="1" index="1" bw="32" slack="1"/>
</pin_list>
<bind>
<opset="tmp2 "/>
</bind>
</comp>

<comp id="932" class="1005" name="empty_35_reg_932">
<pin_list>
<pin id="933" dir="0" index="0" bw="32" slack="2"/>
<pin id="934" dir="1" index="1" bw="32" slack="2"/>
</pin_list>
<bind>
<opset="empty_35 "/>
</bind>
</comp>

<comp id="938" class="1005" name="empty_38_reg_938">
<pin_list>
<pin id="939" dir="0" index="0" bw="32" slack="2"/>
<pin id="940" dir="1" index="1" bw="32" slack="2"/>
</pin_list>
<bind>
<opset="empty_38 "/>
</bind>
</comp>

<comp id="943" class="1005" name="select_ln23_5_reg_943">
<pin_list>
<pin id="944" dir="0" index="0" bw="32" slack="3"/>
<pin id="945" dir="1" index="1" bw="32" slack="3"/>
</pin_list>
<bind>
<opset="select_ln23_5 "/>
</bind>
</comp>

<comp id="948" class="1005" name="p_mid1_reg_948">
<pin_list>
<pin id="949" dir="0" index="0" bw="32" slack="1"/>
<pin id="950" dir="1" index="1" bw="32" slack="1"/>
</pin_list>
<bind>
<opset="p_mid1 "/>
</bind>
</comp>

<comp id="953" class="1005" name="empty_37_reg_953">
<pin_list>
<pin id="954" dir="0" index="0" bw="32" slack="3"/>
<pin id="955" dir="1" index="1" bw="32" slack="3"/>
</pin_list>
<bind>
<opset="empty_37 "/>
</bind>
</comp>

<comp id="958" class="1005" name="tmp2_mid1_reg_958">
<pin_list>
<pin id="959" dir="0" index="0" bw="32" slack="1"/>
<pin id="960" dir="1" index="1" bw="32" slack="1"/>
</pin_list>
<bind>
<opset="tmp2_mid1 "/>
</bind>
</comp>

<comp id="963" class="1005" name="p_mid139_reg_963">
<pin_list>
<pin id="964" dir="0" index="0" bw="32" slack="1"/>
<pin id="965" dir="1" index="1" bw="32" slack="1"/>
</pin_list>
<bind>
<opset="p_mid139 "/>
</bind>
</comp>

<comp id="969" class="1005" name="p_mid118_reg_969">
<pin_list>
<pin id="970" dir="0" index="0" bw="32" slack="1"/>
<pin id="971" dir="1" index="1" bw="32" slack="1"/>
</pin_list>
<bind>
<opset="p_mid118 "/>
</bind>
</comp>

<comp id="974" class="1005" name="empty_reg_974">
<pin_list>
<pin id="975" dir="0" index="0" bw="32" slack="2"/>
<pin id="976" dir="1" index="1" bw="32" slack="2"/>
</pin_list>
<bind>
<opset="empty "/>
</bind>
</comp>

<comp id="980" class="1005" name="empty_39_reg_980">
<pin_list>
<pin id="981" dir="0" index="0" bw="34" slack="1"/>
<pin id="982" dir="1" index="1" bw="34" slack="1"/>
</pin_list>
<bind>
<opset="empty_39 "/>
</bind>
</comp>

<comp id="985" class="1005" name="p_mid169_reg_985">
<pin_list>
<pin id="986" dir="0" index="0" bw="33" slack="1"/>
<pin id="987" dir="1" index="1" bw="33" slack="1"/>
</pin_list>
<bind>
<opset="p_mid169 "/>
</bind>
</comp>

<comp id="990" class="1005" name="p_mid110_reg_990">
<pin_list>
<pin id="991" dir="0" index="0" bw="32" slack="2"/>
<pin id="992" dir="1" index="1" bw="32" slack="2"/>
</pin_list>
<bind>
<opset="p_mid110 "/>
</bind>
</comp>

<comp id="995" class="1005" name="p_mid120_reg_995">
<pin_list>
<pin id="996" dir="0" index="0" bw="34" slack="1"/>
<pin id="997" dir="1" index="1" bw="34" slack="1"/>
</pin_list>
<bind>
<opset="p_mid120 "/>
</bind>
</comp>

<comp id="1000" class="1005" name="p_mid137_reg_1000">
<pin_list>
<pin id="1001" dir="0" index="0" bw="32" slack="1"/>
<pin id="1002" dir="1" index="1" bw="32" slack="1"/>
</pin_list>
<bind>
<opset="p_mid137 "/>
</bind>
</comp>

<comp id="1006" class="1005" name="cx_cast_reg_1006">
<pin_list>
<pin id="1007" dir="0" index="0" bw="63" slack="2"/>
<pin id="1008" dir="1" index="1" bw="63" slack="2"/>
</pin_list>
<bind>
<opset="cx_cast "/>
</bind>
</comp>

<comp id="1011" class="1005" name="gmem_addr_reg_1011">
<pin_list>
<pin id="1012" dir="0" index="0" bw="32" slack="1"/>
<pin id="1013" dir="1" index="1" bw="32" slack="1"/>
</pin_list>
<bind>
<opset="gmem_addr "/>
</bind>
</comp>

<comp id="1017" class="1005" name="add_ln23_1_reg_1017">
<pin_list>
<pin id="1018" dir="0" index="0" bw="34" slack="1"/>
<pin id="1019" dir="1" index="1" bw="34" slack="1"/>
</pin_list>
<bind>
<opset="add_ln23_1 "/>
</bind>
</comp>

<comp id="1022" class="1005" name="gmem_addr_1_reg_1022">
<pin_list>
<pin id="1023" dir="0" index="0" bw="32" slack="2"/>
<pin id="1024" dir="1" index="1" bw="32" slack="2"/>
</pin_list>
<bind>
<opset="gmem_addr_1 "/>
</bind>
</comp>

<comp id="1028" class="1005" name="filterValue_reg_1028">
<pin_list>
<pin id="1029" dir="0" index="0" bw="32" slack="4"/>
<pin id="1030" dir="1" index="1" bw="32" slack="4"/>
</pin_list>
<bind>
<opset="filterValue "/>
</bind>
</comp>

<comp id="1033" class="1005" name="pixelValue_reg_1033">
<pin_list>
<pin id="1034" dir="0" index="0" bw="32" slack="1"/>
<pin id="1035" dir="1" index="1" bw="32" slack="1"/>
</pin_list>
<bind>
<opset="pixelValue "/>
</bind>
</comp>

<comp id="1038" class="1005" name="sext_ln14_reg_1038">
<pin_list>
<pin id="1039" dir="0" index="0" bw="52" slack="1"/>
<pin id="1040" dir="1" index="1" bw="52" slack="1"/>
</pin_list>
<bind>
<opset="sext_ln14 "/>
</bind>
</comp>

<comp id="1043" class="1005" name="sext_ln14_1_reg_1043">
<pin_list>
<pin id="1044" dir="0" index="0" bw="52" slack="1"/>
<pin id="1045" dir="1" index="1" bw="52" slack="1"/>
</pin_list>
<bind>
<opset="sext_ln14_1 "/>
</bind>
</comp>

<comp id="1048" class="1005" name="trunc_ln1_reg_1048">
<pin_list>
<pin id="1049" dir="0" index="0" bw="32" slack="1"/>
<pin id="1050" dir="1" index="1" bw="32" slack="1"/>
</pin_list>
<bind>
<opset="trunc_ln1 "/>
</bind>
</comp>

</comp_list>

<net_list>
<net id="105"><net_src comp="32" pin="0"/><net_sink comp="102" pin=0"/></net>

<net id="109"><net_src comp="32" pin="0"/><net_sink comp="106" pin=0"/></net>

<net id="113"><net_src comp="32" pin="0"/><net_sink comp="110" pin=0"/></net>

<net id="117"><net_src comp="32" pin="0"/><net_sink comp="114" pin=0"/></net>

<net id="121"><net_src comp="32" pin="0"/><net_sink comp="118" pin=0"/></net>

<net id="125"><net_src comp="32" pin="0"/><net_sink comp="122" pin=0"/></net>

<net id="130"><net_src comp="34" pin="0"/><net_sink comp="126" pin=0"/></net>

<net id="131"><net_src comp="28" pin="0"/><net_sink comp="126" pin=1"/></net>

<net id="136"><net_src comp="36" pin="0"/><net_sink comp="132" pin=0"/></net>

<net id="137"><net_src comp="26" pin="0"/><net_sink comp="132" pin=1"/></net>

<net id="142"><net_src comp="34" pin="0"/><net_sink comp="138" pin=0"/></net>

<net id="143"><net_src comp="24" pin="0"/><net_sink comp="138" pin=1"/></net>

<net id="148"><net_src comp="38" pin="0"/><net_sink comp="144" pin=0"/></net>

<net id="149"><net_src comp="22" pin="0"/><net_sink comp="144" pin=1"/></net>

<net id="154"><net_src comp="36" pin="0"/><net_sink comp="150" pin=0"/></net>

<net id="155"><net_src comp="20" pin="0"/><net_sink comp="150" pin=1"/></net>

<net id="160"><net_src comp="36" pin="0"/><net_sink comp="156" pin=0"/></net>

<net id="161"><net_src comp="18" pin="0"/><net_sink comp="156" pin=1"/></net>

<net id="166"><net_src comp="34" pin="0"/><net_sink comp="162" pin=0"/></net>

<net id="167"><net_src comp="16" pin="0"/><net_sink comp="162" pin=1"/></net>

<net id="172"><net_src comp="40" pin="0"/><net_sink comp="168" pin=0"/></net>

<net id="173"><net_src comp="14" pin="0"/><net_sink comp="168" pin=1"/></net>

<net id="178"><net_src comp="36" pin="0"/><net_sink comp="174" pin=0"/></net>

<net id="179"><net_src comp="12" pin="0"/><net_sink comp="174" pin=1"/></net>

<net id="184"><net_src comp="36" pin="0"/><net_sink comp="180" pin=0"/></net>

<net id="185"><net_src comp="10" pin="0"/><net_sink comp="180" pin=1"/></net>

<net id="190"><net_src comp="36" pin="0"/><net_sink comp="186" pin=0"/></net>

<net id="191"><net_src comp="8" pin="0"/><net_sink comp="186" pin=1"/></net>

<net id="196"><net_src comp="36" pin="0"/><net_sink comp="192" pin=0"/></net>

<net id="197"><net_src comp="6" pin="0"/><net_sink comp="192" pin=1"/></net>

<net id="202"><net_src comp="36" pin="0"/><net_sink comp="198" pin=0"/></net>

<net id="203"><net_src comp="4" pin="0"/><net_sink comp="198" pin=1"/></net>

<net id="208"><net_src comp="36" pin="0"/><net_sink comp="204" pin=0"/></net>

<net id="209"><net_src comp="2" pin="0"/><net_sink comp="204" pin=1"/></net>

<net id="215"><net_src comp="82" pin="0"/><net_sink comp="210" pin=0"/></net>

<net id="216"><net_src comp="32" pin="0"/><net_sink comp="210" pin=2"/></net>

<net id="222"><net_src comp="82" pin="0"/><net_sink comp="217" pin=0"/></net>

<net id="223"><net_src comp="32" pin="0"/><net_sink comp="217" pin=2"/></net>

<net id="228"><net_src comp="84" pin="0"/><net_sink comp="224" pin=0"/></net>

<net id="233"><net_src comp="84" pin="0"/><net_sink comp="229" pin=0"/></net>

<net id="239"><net_src comp="100" pin="0"/><net_sink comp="234" pin=0"/></net>

<net id="240"><net_src comp="30" pin="0"/><net_sink comp="234" pin=1"/></net>

<net id="244"><net_src comp="132" pin="2"/><net_sink comp="241" pin=0"/></net>

<net id="248"><net_src comp="156" pin="2"/><net_sink comp="245" pin=0"/></net>

<net id="252"><net_src comp="174" pin="2"/><net_sink comp="249" pin=0"/></net>

<net id="256"><net_src comp="150" pin="2"/><net_sink comp="253" pin=0"/></net>

<net id="261"><net_src comp="58" pin="0"/><net_sink comp="257" pin=0"/></net>

<net id="266"><net_src comp="46" pin="0"/><net_sink comp="262" pin=0"/></net>

<net id="271"><net_src comp="60" pin="0"/><net_sink comp="267" pin=0"/></net>

<net id="276"><net_src comp="46" pin="0"/><net_sink comp="272" pin=0"/></net>

<net id="281"><net_src comp="46" pin="0"/><net_sink comp="277" pin=0"/></net>

<net id="286"><net_src comp="46" pin="0"/><net_sink comp="282" pin=0"/></net>

<net id="300"><net_src comp="290" pin="1"/><net_sink comp="296" pin=0"/></net>

<net id="305"><net_src comp="290" pin="1"/><net_sink comp="301" pin=0"/></net>

<net id="310"><net_src comp="287" pin="1"/><net_sink comp="306" pin=0"/></net>

<net id="315"><net_src comp="287" pin="1"/><net_sink comp="311" pin=0"/></net>

<net id="320"><net_src comp="290" pin="1"/><net_sink comp="316" pin=0"/></net>

<net id="321"><net_src comp="32" pin="0"/><net_sink comp="316" pin=1"/></net>

<net id="326"><net_src comp="293" pin="1"/><net_sink comp="322" pin=0"/></net>

<net id="337"><net_src comp="330" pin="1"/><net_sink comp="333" pin=0"/></net>

<net id="343"><net_src comp="333" pin="2"/><net_sink comp="338" pin=0"/></net>

<net id="344"><net_src comp="46" pin="0"/><net_sink comp="338" pin=1"/></net>

<net id="345"><net_src comp="287" pin="1"/><net_sink comp="338" pin=2"/></net>

<net id="350"><net_src comp="327" pin="1"/><net_sink comp="346" pin=0"/></net>

<net id="356"><net_src comp="333" pin="2"/><net_sink comp="351" pin=0"/></net>

<net id="357"><net_src comp="346" pin="2"/><net_sink comp="351" pin=2"/></net>

<net id="362"><net_src comp="338" pin="3"/><net_sink comp="358" pin=0"/></net>

<net id="363"><net_src comp="32" pin="0"/><net_sink comp="358" pin=1"/></net>

<net id="372"><net_src comp="62" pin="0"/><net_sink comp="368" pin=1"/></net>

<net id="395"><net_src comp="386" pin="2"/><net_sink comp="390" pin=0"/></net>

<net id="396"><net_src comp="46" pin="0"/><net_sink comp="390" pin=1"/></net>

<net id="414"><net_src comp="390" pin="3"/><net_sink comp="410" pin=0"/></net>

<net id="415"><net_src comp="32" pin="0"/><net_sink comp="410" pin=1"/></net>

<net id="420"><net_src comp="64" pin="0"/><net_sink comp="416" pin=1"/></net>

<net id="426"><net_src comp="64" pin="0"/><net_sink comp="421" pin=1"/></net>

<net id="427"><net_src comp="416" pin="2"/><net_sink comp="421" pin=2"/></net>

<net id="432"><net_src comp="368" pin="2"/><net_sink comp="428" pin=0"/></net>

<net id="437"><net_src comp="381" pin="3"/><net_sink comp="433" pin=0"/></net>

<net id="442"><net_src comp="421" pin="3"/><net_sink comp="438" pin=0"/></net>

<net id="447"><net_src comp="405" pin="3"/><net_sink comp="443" pin=0"/></net>

<net id="452"><net_src comp="410" pin="2"/><net_sink comp="448" pin=0"/></net>

<net id="471"><net_src comp="464" pin="1"/><net_sink comp="467" pin=1"/></net>

<net id="475"><net_src comp="467" pin="2"/><net_sink comp="472" pin=0"/></net>

<net id="480"><net_src comp="472" pin="1"/><net_sink comp="476" pin=0"/></net>

<net id="481"><net_src comp="461" pin="1"/><net_sink comp="476" pin=1"/></net>

<net id="497"><net_src comp="489" pin="3"/><net_sink comp="494" pin=0"/></net>

<net id="502"><net_src comp="486" pin="1"/><net_sink comp="498" pin=1"/></net>

<net id="510"><net_src comp="503" pin="1"/><net_sink comp="506" pin=1"/></net>

<net id="514"><net_src comp="506" pin="2"/><net_sink comp="511" pin=0"/></net>

<net id="519"><net_src comp="511" pin="1"/><net_sink comp="515" pin=0"/></net>

<net id="520"><net_src comp="494" pin="1"/><net_sink comp="515" pin=1"/></net>

<net id="529"><net_src comp="521" pin="1"/><net_sink comp="524" pin=1"/></net>

<net id="535"><net_src comp="524" pin="3"/><net_sink comp="530" pin=2"/></net>

<net id="541"><net_src comp="66" pin="0"/><net_sink comp="536" pin=0"/></net>

<net id="542"><net_src comp="530" pin="3"/><net_sink comp="536" pin=1"/></net>

<net id="543"><net_src comp="68" pin="0"/><net_sink comp="536" pin=2"/></net>

<net id="547"><net_src comp="536" pin="3"/><net_sink comp="544" pin=0"/></net>

<net id="552"><net_src comp="544" pin="1"/><net_sink comp="548" pin=0"/></net>

<net id="559"><net_src comp="70" pin="0"/><net_sink comp="553" pin=0"/></net>

<net id="560"><net_src comp="548" pin="2"/><net_sink comp="553" pin=1"/></net>

<net id="561"><net_src comp="72" pin="0"/><net_sink comp="553" pin=2"/></net>

<net id="562"><net_src comp="74" pin="0"/><net_sink comp="553" pin=3"/></net>

<net id="566"><net_src comp="553" pin="4"/><net_sink comp="563" pin=0"/></net>

<net id="574"><net_src comp="567" pin="1"/><net_sink comp="570" pin=0"/></net>

<net id="575"><net_src comp="563" pin="1"/><net_sink comp="570" pin=1"/></net>

<net id="579"><net_src comp="570" pin="2"/><net_sink comp="576" pin=0"/></net>

<net id="584"><net_src comp="0" pin="0"/><net_sink comp="580" pin=0"/></net>

<net id="585"><net_src comp="576" pin="1"/><net_sink comp="580" pin=1"/></net>

<net id="596"><net_src comp="586" pin="1"/><net_sink comp="592" pin=0"/></net>

<net id="597"><net_src comp="589" pin="1"/><net_sink comp="592" pin=1"/></net>

<net id="609"><net_src comp="601" pin="3"/><net_sink comp="606" pin=0"/></net>

<net id="614"><net_src comp="598" pin="1"/><net_sink comp="610" pin=0"/></net>

<net id="620"><net_src comp="610" pin="2"/><net_sink comp="615" pin=1"/></net>

<net id="621"><net_src comp="592" pin="2"/><net_sink comp="615" pin=2"/></net>

<net id="629"><net_src comp="606" pin="1"/><net_sink comp="625" pin=0"/></net>

<net id="630"><net_src comp="622" pin="1"/><net_sink comp="625" pin=1"/></net>

<net id="636"><net_src comp="625" pin="2"/><net_sink comp="631" pin=1"/></net>

<net id="637"><net_src comp="615" pin="3"/><net_sink comp="631" pin=2"/></net>

<net id="641"><net_src comp="631" pin="3"/><net_sink comp="638" pin=0"/></net>

<net id="646"><net_src comp="638" pin="1"/><net_sink comp="642" pin=0"/></net>

<net id="652"><net_src comp="66" pin="0"/><net_sink comp="647" pin=0"/></net>

<net id="653"><net_src comp="68" pin="0"/><net_sink comp="647" pin=2"/></net>

<net id="657"><net_src comp="647" pin="3"/><net_sink comp="654" pin=0"/></net>

<net id="662"><net_src comp="654" pin="1"/><net_sink comp="658" pin=0"/></net>

<net id="669"><net_src comp="70" pin="0"/><net_sink comp="663" pin=0"/></net>

<net id="670"><net_src comp="658" pin="2"/><net_sink comp="663" pin=1"/></net>

<net id="671"><net_src comp="72" pin="0"/><net_sink comp="663" pin=2"/></net>

<net id="672"><net_src comp="74" pin="0"/><net_sink comp="663" pin=3"/></net>

<net id="676"><net_src comp="663" pin="4"/><net_sink comp="673" pin=0"/></net>

<net id="681"><net_src comp="673" pin="1"/><net_sink comp="677" pin=1"/></net>

<net id="685"><net_src comp="677" pin="2"/><net_sink comp="682" pin=0"/></net>

<net id="690"><net_src comp="0" pin="0"/><net_sink comp="686" pin=0"/></net>

<net id="691"><net_src comp="682" pin="1"/><net_sink comp="686" pin=1"/></net>

<net id="702"><net_src comp="695" pin="1"/><net_sink comp="698" pin=0"/></net>

<net id="703"><net_src comp="692" pin="1"/><net_sink comp="698" pin=1"/></net>

<net id="710"><net_src comp="86" pin="0"/><net_sink comp="704" pin=0"/></net>

<net id="711"><net_src comp="698" pin="2"/><net_sink comp="704" pin=1"/></net>

<net id="712"><net_src comp="88" pin="0"/><net_sink comp="704" pin=2"/></net>

<net id="713"><net_src comp="90" pin="0"/><net_sink comp="704" pin=3"/></net>

<net id="721"><net_src comp="714" pin="1"/><net_sink comp="717" pin=1"/></net>

<net id="726"><net_src comp="717" pin="2"/><net_sink comp="722" pin=0"/></net>

<net id="730"><net_src comp="727" pin="1"/><net_sink comp="234" pin=2"/></net>

<net id="734"><net_src comp="102" pin="1"/><net_sink comp="731" pin=0"/></net>

<net id="735"><net_src comp="731" pin="1"/><net_sink comp="282" pin=1"/></net>

<net id="736"><net_src comp="731" pin="1"/><net_sink comp="714" pin=0"/></net>

<net id="737"><net_src comp="731" pin="1"/><net_sink comp="722" pin=1"/></net>

<net id="738"><net_src comp="731" pin="1"/><net_sink comp="727" pin=0"/></net>

<net id="742"><net_src comp="106" pin="1"/><net_sink comp="739" pin=0"/></net>

<net id="743"><net_src comp="739" pin="1"/><net_sink comp="277" pin=1"/></net>

<net id="744"><net_src comp="739" pin="1"/><net_sink comp="327" pin=0"/></net>

<net id="745"><net_src comp="739" pin="1"/><net_sink comp="448" pin=1"/></net>

<net id="749"><net_src comp="110" pin="1"/><net_sink comp="746" pin=0"/></net>

<net id="750"><net_src comp="746" pin="1"/><net_sink comp="272" pin=1"/></net>

<net id="751"><net_src comp="746" pin="1"/><net_sink comp="287" pin=0"/></net>

<net id="752"><net_src comp="746" pin="1"/><net_sink comp="443" pin=1"/></net>

<net id="756"><net_src comp="114" pin="1"/><net_sink comp="753" pin=0"/></net>

<net id="757"><net_src comp="753" pin="1"/><net_sink comp="267" pin=1"/></net>

<net id="758"><net_src comp="753" pin="1"/><net_sink comp="330" pin=0"/></net>

<net id="759"><net_src comp="753" pin="1"/><net_sink comp="438" pin=1"/></net>

<net id="763"><net_src comp="118" pin="1"/><net_sink comp="760" pin=0"/></net>

<net id="764"><net_src comp="760" pin="1"/><net_sink comp="262" pin=1"/></net>

<net id="765"><net_src comp="760" pin="1"/><net_sink comp="290" pin=0"/></net>

<net id="766"><net_src comp="760" pin="1"/><net_sink comp="433" pin=1"/></net>

<net id="770"><net_src comp="122" pin="1"/><net_sink comp="767" pin=0"/></net>

<net id="771"><net_src comp="767" pin="1"/><net_sink comp="257" pin=1"/></net>

<net id="772"><net_src comp="767" pin="1"/><net_sink comp="293" pin=0"/></net>

<net id="773"><net_src comp="767" pin="1"/><net_sink comp="428" pin=1"/></net>

<net id="777"><net_src comp="126" pin="2"/><net_sink comp="774" pin=0"/></net>

<net id="778"><net_src comp="774" pin="1"/><net_sink comp="658" pin=1"/></net>

<net id="782"><net_src comp="138" pin="2"/><net_sink comp="779" pin=0"/></net>

<net id="783"><net_src comp="779" pin="1"/><net_sink comp="548" pin=1"/></net>

<net id="787"><net_src comp="144" pin="2"/><net_sink comp="784" pin=0"/></net>

<net id="788"><net_src comp="784" pin="1"/><net_sink comp="351" pin=1"/></net>

<net id="792"><net_src comp="162" pin="2"/><net_sink comp="789" pin=0"/></net>

<net id="793"><net_src comp="789" pin="1"/><net_sink comp="333" pin=1"/></net>

<net id="797"><net_src comp="168" pin="2"/><net_sink comp="794" pin=0"/></net>

<net id="798"><net_src comp="794" pin="1"/><net_sink comp="322" pin=1"/></net>

<net id="802"><net_src comp="180" pin="2"/><net_sink comp="799" pin=0"/></net>

<net id="803"><net_src comp="799" pin="1"/><net_sink comp="311" pin=1"/></net>

<net id="804"><net_src comp="799" pin="1"/><net_sink comp="346" pin=1"/></net>

<net id="805"><net_src comp="799" pin="1"/><net_sink comp="401" pin=1"/></net>

<net id="809"><net_src comp="186" pin="2"/><net_sink comp="806" pin=0"/></net>

<net id="810"><net_src comp="806" pin="1"/><net_sink comp="306" pin=1"/></net>

<net id="811"><net_src comp="806" pin="1"/><net_sink comp="397" pin=1"/></net>

<net id="815"><net_src comp="192" pin="2"/><net_sink comp="812" pin=0"/></net>

<net id="816"><net_src comp="812" pin="1"/><net_sink comp="301" pin=1"/></net>

<net id="817"><net_src comp="812" pin="1"/><net_sink comp="377" pin=1"/></net>

<net id="821"><net_src comp="198" pin="2"/><net_sink comp="818" pin=0"/></net>

<net id="822"><net_src comp="818" pin="1"/><net_sink comp="453" pin=1"/></net>

<net id="823"><net_src comp="818" pin="1"/><net_sink comp="482" pin=1"/></net>

<net id="827"><net_src comp="204" pin="2"/><net_sink comp="824" pin=0"/></net>

<net id="828"><net_src comp="824" pin="1"/><net_sink comp="296" pin=1"/></net>

<net id="829"><net_src comp="824" pin="1"/><net_sink comp="364" pin=1"/></net>

<net id="830"><net_src comp="824" pin="1"/><net_sink comp="373" pin=1"/></net>

<net id="831"><net_src comp="824" pin="1"/><net_sink comp="457" pin=1"/></net>

<net id="835"><net_src comp="241" pin="1"/><net_sink comp="832" pin=0"/></net>

<net id="836"><net_src comp="832" pin="1"/><net_sink comp="642" pin=1"/></net>

<net id="840"><net_src comp="245" pin="1"/><net_sink comp="837" pin=0"/></net>

<net id="841"><net_src comp="837" pin="1"/><net_sink comp="610" pin=1"/></net>

<net id="845"><net_src comp="249" pin="1"/><net_sink comp="842" pin=0"/></net>

<net id="846"><net_src comp="842" pin="1"/><net_sink comp="467" pin=0"/></net>

<net id="847"><net_src comp="842" pin="1"/><net_sink comp="506" pin=0"/></net>

<net id="851"><net_src comp="253" pin="1"/><net_sink comp="848" pin=0"/></net>

<net id="852"><net_src comp="848" pin="1"/><net_sink comp="498" pin=0"/></net>

<net id="856"><net_src comp="287" pin="1"/><net_sink comp="853" pin=0"/></net>

<net id="857"><net_src comp="853" pin="1"/><net_sink comp="311" pin=0"/></net>

<net id="861"><net_src comp="290" pin="1"/><net_sink comp="858" pin=0"/></net>

<net id="862"><net_src comp="858" pin="1"/><net_sink comp="296" pin=0"/></net>

<net id="863"><net_src comp="858" pin="1"/><net_sink comp="301" pin=0"/></net>

<net id="864"><net_src comp="858" pin="1"/><net_sink comp="381" pin=2"/></net>

<net id="868"><net_src comp="293" pin="1"/><net_sink comp="865" pin=0"/></net>

<net id="869"><net_src comp="865" pin="1"/><net_sink comp="368" pin=0"/></net>

<net id="873"><net_src comp="306" pin="2"/><net_sink comp="870" pin=0"/></net>

<net id="874"><net_src comp="870" pin="1"/><net_sink comp="364" pin=0"/></net>

<net id="878"><net_src comp="316" pin="2"/><net_sink comp="875" pin=0"/></net>

<net id="879"><net_src comp="875" pin="1"/><net_sink comp="373" pin=0"/></net>

<net id="880"><net_src comp="875" pin="1"/><net_sink comp="377" pin=0"/></net>

<net id="881"><net_src comp="875" pin="1"/><net_sink comp="381" pin=1"/></net>

<net id="885"><net_src comp="322" pin="2"/><net_sink comp="882" pin=0"/></net>

<net id="889"><net_src comp="327" pin="1"/><net_sink comp="886" pin=0"/></net>

<net id="890"><net_src comp="886" pin="1"/><net_sink comp="390" pin=2"/></net>

<net id="894"><net_src comp="330" pin="1"/><net_sink comp="891" pin=0"/></net>

<net id="895"><net_src comp="891" pin="1"/><net_sink comp="416" pin=0"/></net>

<net id="899"><net_src comp="333" pin="2"/><net_sink comp="896" pin=0"/></net>

<net id="900"><net_src comp="896" pin="1"/><net_sink comp="381" pin=0"/></net>

<net id="901"><net_src comp="896" pin="1"/><net_sink comp="386" pin=1"/></net>

<net id="902"><net_src comp="896" pin="1"/><net_sink comp="421" pin=0"/></net>

<net id="903"><net_src comp="896" pin="1"/><net_sink comp="489" pin=0"/></net>

<net id="904"><net_src comp="896" pin="1"/><net_sink comp="524" pin=0"/></net>

<net id="905"><net_src comp="896" pin="1"/><net_sink comp="601" pin=0"/></net>

<net id="906"><net_src comp="896" pin="1"/><net_sink comp="615" pin=0"/></net>

<net id="910"><net_src comp="338" pin="3"/><net_sink comp="907" pin=0"/></net>

<net id="911"><net_src comp="907" pin="1"/><net_sink comp="405" pin=2"/></net>

<net id="915"><net_src comp="351" pin="3"/><net_sink comp="912" pin=0"/></net>

<net id="916"><net_src comp="912" pin="1"/><net_sink comp="386" pin=0"/></net>

<net id="917"><net_src comp="912" pin="1"/><net_sink comp="405" pin=0"/></net>

<net id="918"><net_src comp="912" pin="1"/><net_sink comp="530" pin=0"/></net>

<net id="919"><net_src comp="912" pin="1"/><net_sink comp="631" pin=0"/></net>

<net id="923"><net_src comp="358" pin="2"/><net_sink comp="920" pin=0"/></net>

<net id="924"><net_src comp="920" pin="1"/><net_sink comp="397" pin=0"/></net>

<net id="925"><net_src comp="920" pin="1"/><net_sink comp="401" pin=0"/></net>

<net id="926"><net_src comp="920" pin="1"/><net_sink comp="405" pin=1"/></net>

<net id="930"><net_src comp="296" pin="2"/><net_sink comp="927" pin=0"/></net>

<net id="931"><net_src comp="927" pin="1"/><net_sink comp="453" pin=0"/></net>

<net id="935"><net_src comp="301" pin="2"/><net_sink comp="932" pin=0"/></net>

<net id="936"><net_src comp="932" pin="1"/><net_sink comp="461" pin=0"/></net>

<net id="937"><net_src comp="932" pin="1"/><net_sink comp="489" pin=2"/></net>

<net id="941"><net_src comp="311" pin="2"/><net_sink comp="938" pin=0"/></net>

<net id="942"><net_src comp="938" pin="1"/><net_sink comp="464" pin=0"/></net>

<net id="946"><net_src comp="390" pin="3"/><net_sink comp="943" pin=0"/></net>

<net id="947"><net_src comp="943" pin="1"/><net_sink comp="567" pin=0"/></net>

<net id="951"><net_src comp="397" pin="2"/><net_sink comp="948" pin=0"/></net>

<net id="952"><net_src comp="948" pin="1"/><net_sink comp="457" pin=0"/></net>

<net id="956"><net_src comp="364" pin="2"/><net_sink comp="953" pin=0"/></net>

<net id="957"><net_src comp="953" pin="1"/><net_sink comp="589" pin=0"/></net>

<net id="961"><net_src comp="373" pin="2"/><net_sink comp="958" pin=0"/></net>

<net id="962"><net_src comp="958" pin="1"/><net_sink comp="482" pin=0"/></net>

<net id="966"><net_src comp="377" pin="2"/><net_sink comp="963" pin=0"/></net>

<net id="967"><net_src comp="963" pin="1"/><net_sink comp="486" pin=0"/></net>

<net id="968"><net_src comp="963" pin="1"/><net_sink comp="489" pin=1"/></net>

<net id="972"><net_src comp="401" pin="2"/><net_sink comp="969" pin=0"/></net>

<net id="973"><net_src comp="969" pin="1"/><net_sink comp="503" pin=0"/></net>

<net id="977"><net_src comp="453" pin="2"/><net_sink comp="974" pin=0"/></net>

<net id="978"><net_src comp="974" pin="1"/><net_sink comp="586" pin=0"/></net>

<net id="979"><net_src comp="974" pin="1"/><net_sink comp="601" pin=2"/></net>

<net id="983"><net_src comp="476" pin="2"/><net_sink comp="980" pin=0"/></net>

<net id="984"><net_src comp="980" pin="1"/><net_sink comp="524" pin=2"/></net>

<net id="988"><net_src comp="498" pin="2"/><net_sink comp="985" pin=0"/></net>

<net id="989"><net_src comp="985" pin="1"/><net_sink comp="521" pin=0"/></net>

<net id="993"><net_src comp="457" pin="2"/><net_sink comp="990" pin=0"/></net>

<net id="994"><net_src comp="990" pin="1"/><net_sink comp="622" pin=0"/></net>

<net id="998"><net_src comp="515" pin="2"/><net_sink comp="995" pin=0"/></net>

<net id="999"><net_src comp="995" pin="1"/><net_sink comp="530" pin=1"/></net>

<net id="1003"><net_src comp="482" pin="2"/><net_sink comp="1000" pin=0"/></net>

<net id="1004"><net_src comp="1000" pin="1"/><net_sink comp="598" pin=0"/></net>

<net id="1005"><net_src comp="1000" pin="1"/><net_sink comp="601" pin=1"/></net>

<net id="1009"><net_src comp="567" pin="1"/><net_sink comp="1006" pin=0"/></net>

<net id="1010"><net_src comp="1006" pin="1"/><net_sink comp="677" pin=0"/></net>

<net id="1014"><net_src comp="580" pin="2"/><net_sink comp="1011" pin=0"/></net>

<net id="1015"><net_src comp="1011" pin="1"/><net_sink comp="210" pin=1"/></net>

<net id="1016"><net_src comp="1011" pin="1"/><net_sink comp="224" pin=1"/></net>

<net id="1020"><net_src comp="642" pin="2"/><net_sink comp="1017" pin=0"/></net>

<net id="1021"><net_src comp="1017" pin="1"/><net_sink comp="647" pin=1"/></net>

<net id="1025"><net_src comp="686" pin="2"/><net_sink comp="1022" pin=0"/></net>

<net id="1026"><net_src comp="1022" pin="1"/><net_sink comp="217" pin=1"/></net>

<net id="1027"><net_src comp="1022" pin="1"/><net_sink comp="229" pin=1"/></net>

<net id="1031"><net_src comp="224" pin="2"/><net_sink comp="1028" pin=0"/></net>

<net id="1032"><net_src comp="1028" pin="1"/><net_sink comp="692" pin=0"/></net>

<net id="1036"><net_src comp="229" pin="2"/><net_sink comp="1033" pin=0"/></net>

<net id="1037"><net_src comp="1033" pin="1"/><net_sink comp="695" pin=0"/></net>

<net id="1041"><net_src comp="692" pin="1"/><net_sink comp="1038" pin=0"/></net>

<net id="1042"><net_src comp="1038" pin="1"/><net_sink comp="698" pin=1"/></net>

<net id="1046"><net_src comp="695" pin="1"/><net_sink comp="1043" pin=0"/></net>

<net id="1047"><net_src comp="1043" pin="1"/><net_sink comp="698" pin=0"/></net>

<net id="1051"><net_src comp="704" pin="4"/><net_sink comp="1048" pin=0"/></net>

<net id="1052"><net_src comp="1048" pin="1"/><net_sink comp="717" pin=0"/></net>

</net_list>

</model> 
---------------- Datapath Model END ------------------

* FSMD analyzer results:
  - Output states:
	Port: gmem | {}
	Port: acc_out | {18 }
 - Input state : 
	Port: Conv2D_HW_Pipeline_VITIS_LOOP_25_4_VITIS_LOOP_26_5_VITIS_LOOP_27_6 : gmem | {7 8 9 10 11 12 13 14 15 16 17 }
	Port: Conv2D_HW_Pipeline_VITIS_LOOP_25_4_VITIS_LOOP_26_5_VITIS_LOOP_27_6 : inputWidth | {1 }
	Port: Conv2D_HW_Pipeline_VITIS_LOOP_25_4_VITIS_LOOP_26_5_VITIS_LOOP_27_6 : inputHeight | {1 }
	Port: Conv2D_HW_Pipeline_VITIS_LOOP_25_4_VITIS_LOOP_26_5_VITIS_LOOP_27_6 : mul_ln20 | {1 }
	Port: Conv2D_HW_Pipeline_VITIS_LOOP_25_4_VITIS_LOOP_26_5_VITIS_LOOP_27_6 : select_ln20 | {1 }
	Port: Conv2D_HW_Pipeline_VITIS_LOOP_25_4_VITIS_LOOP_26_5_VITIS_LOOP_27_6 : convWidth | {1 }
	Port: Conv2D_HW_Pipeline_VITIS_LOOP_25_4_VITIS_LOOP_26_5_VITIS_LOOP_27_6 : zext_ln20_1 | {1 }
	Port: Conv2D_HW_Pipeline_VITIS_LOOP_25_4_VITIS_LOOP_26_5_VITIS_LOOP_27_6 : mul_ln3_1 | {1 }
	Port: Conv2D_HW_Pipeline_VITIS_LOOP_25_4_VITIS_LOOP_26_5_VITIS_LOOP_27_6 : mul_ln3 | {1 }
	Port: Conv2D_HW_Pipeline_VITIS_LOOP_25_4_VITIS_LOOP_26_5_VITIS_LOOP_27_6 : p_cast8_mid145 | {1 }
	Port: Conv2D_HW_Pipeline_VITIS_LOOP_25_4_VITIS_LOOP_26_5_VITIS_LOOP_27_6 : tmp4_cast_mid167 | {1 }
	Port: Conv2D_HW_Pipeline_VITIS_LOOP_25_4_VITIS_LOOP_26_5_VITIS_LOOP_27_6 : icmp_ln27_1 | {1 }
	Port: Conv2D_HW_Pipeline_VITIS_LOOP_25_4_VITIS_LOOP_26_5_VITIS_LOOP_27_6 : coeffs | {1 }
	Port: Conv2D_HW_Pipeline_VITIS_LOOP_25_4_VITIS_LOOP_26_5_VITIS_LOOP_27_6 : zext_ln25 | {1 }
	Port: Conv2D_HW_Pipeline_VITIS_LOOP_25_4_VITIS_LOOP_26_5_VITIS_LOOP_27_6 : input_r | {1 }
  - Chain level:
	State 1
		store_ln0 : 1
		store_ln0 : 1
		store_ln0 : 1
		store_ln0 : 1
		store_ln0 : 1
		store_ln0 : 1
	State 2
		tmp2 : 1
		empty_35 : 1
		empty_36 : 1
		empty_38 : 1
		add_ln25 : 1
		icmp_ln25 : 1
		br_ln25 : 2
		icmp_ln26 : 1
		select_ln23 : 2
		icmp_ln27 : 1
		select_ln23_4 : 2
		add_ln26 : 3
	State 3
		add_ln27 : 1
		select_ln26_1 : 1
		store_ln27 : 1
		store_ln27 : 1
		store_ln27 : 2
		store_ln27 : 1
		store_ln27 : 2
	State 4
	State 5
		tmp4 : 1
		tmp4_cast : 2
		empty_39 : 3
		zext_ln23_1 : 1
		p_mid169 : 1
		tmp4_mid1 : 1
		tmp4_cast_mid1 : 2
		p_mid120 : 3
	State 6
		select_ln23_6 : 1
		select_ln23_7 : 2
		sext_ln27_mid2_v_v_v_v_v : 3
		zext_ln23_2 : 4
		add_ln23 : 5
		sext_ln27_mid2_v : 6
		sext_ln23 : 7
		add_ln30 : 8
		sext_ln30 : 9
		gmem_addr : 10
	State 7
		tmp3 : 1
		zext_ln23 : 1
		tmp3_mid147 : 1
		select_ln23_3 : 2
		tmp3_mid1 : 2
		select_ln23_8 : 3
		zext_ln23_3 : 4
		add_ln23_1 : 5
	State 8
		zext_ln23_4 : 1
		add_ln23_2 : 2
		sext_ln27_1_mid2_v : 3
		sext_ln23_1 : 4
		add_ln31 : 5
		sext_ln31 : 6
		gmem_addr_1 : 7
	State 9
	State 10
	State 11
	State 12
	State 13
	State 14
	State 15
	State 16
	State 17
	State 18
		res : 1
		write_ln0 : 1
	State 19
		trunc_ln1 : 1
	State 20
		acc_1 : 1
		store_ln27 : 2


============================================================
+ Verbose Summary: Datapath Resource usage 
============================================================

* Functional unit list:
|----------|-----------------------------------|---------|---------|---------|
| Operation|          Functional Unit          |   DSP   |    FF   |   LUT   |
|----------|-----------------------------------|---------|---------|---------|
|          |             grp_fu_296            |    3    |   165   |    50   |
|          |             grp_fu_301            |    3    |   165   |    50   |
|          |             grp_fu_311            |    3    |   165   |    50   |
|          |             grp_fu_364            |    3    |   165   |    50   |
|          |             grp_fu_373            |    3    |   165   |    50   |
|    mul   |             grp_fu_377            |    3    |   165   |    50   |
|          |             grp_fu_401            |    3    |   165   |    50   |
|          |             grp_fu_453            |    3    |   165   |    50   |
|          |             grp_fu_457            |    3    |   165   |    50   |
|          |             grp_fu_482            |    3    |   165   |    50   |
|          |             grp_fu_698            |    3    |   165   |    50   |
|----------|-----------------------------------|---------|---------|---------|
|          |          empty_36_fu_306          |    0    |    0    |    39   |
|          |          add_ln25_fu_316          |    0    |    0    |    39   |
|          |          add_ln26_fu_358          |    0    |    0    |    39   |
|          |         add_ln25_1_fu_368         |    0    |    0    |   103   |
|          |           p_mid1_fu_397           |    0    |    0    |    39   |
|          |          add_ln27_fu_410          |    0    |    0    |    39   |
|          |         add_ln26_1_fu_416         |    0    |    0    |    71   |
|          |            tmp4_fu_467            |    0    |    0    |    39   |
|          |          empty_39_fu_476          |    0    |    0    |    40   |
|          |          p_mid169_fu_498          |    0    |    0    |    39   |
|    add   |          tmp4_mid1_fu_506         |    0    |    0    |    39   |
|          |          p_mid120_fu_515          |    0    |    0    |    40   |
|          |          add_ln23_fu_548          |    0    |    0    |    71   |
|          |          add_ln30_fu_570          |    0    |    0    |    69   |
|          |            tmp3_fu_592            |    0    |    0    |    39   |
|          |         tmp3_mid147_fu_610        |    0    |    0    |    39   |
|          |          tmp3_mid1_fu_625         |    0    |    0    |    39   |
|          |         add_ln23_1_fu_642         |    0    |    0    |    40   |
|          |         add_ln23_2_fu_658         |    0    |    0    |    71   |
|          |          add_ln31_fu_677          |    0    |    0    |    69   |
|          |            acc_1_fu_717           |    0    |    0    |    39   |
|----------|-----------------------------------|---------|---------|---------|
|          |         select_ln23_fu_338        |    0    |    0    |    32   |
|          |        select_ln23_4_fu_351       |    0    |    0    |    2    |
|          |         select_ln25_fu_381        |    0    |    0    |    32   |
|          |        select_ln23_5_fu_390       |    0    |    0    |    32   |
|          |         select_ln26_fu_405        |    0    |    0    |    32   |
|  select  |        select_ln26_1_fu_421       |    0    |    0    |    64   |
|          |        select_ln23_2_fu_489       |    0    |    0    |    32   |
|          |        select_ln23_6_fu_524       |    0    |    0    |    34   |
|          |        select_ln23_7_fu_530       |    0    |    0    |    34   |
|          |        select_ln23_1_fu_601       |    0    |    0    |    32   |
|          |        select_ln23_3_fu_615       |    0    |    0    |    33   |
|          |        select_ln23_8_fu_631       |    0    |    0    |    33   |
|----------|-----------------------------------|---------|---------|---------|
|          |          icmp_ln25_fu_322         |    0    |    0    |    39   |
|   icmp   |          icmp_ln26_fu_333         |    0    |    0    |    29   |
|          |          icmp_ln27_fu_346         |    0    |    0    |    18   |
|----------|-----------------------------------|---------|---------|---------|
|    or    |           or_ln23_fu_386          |    0    |    0    |    2    |
|----------|-----------------------------------|---------|---------|---------|
|          |      input_r_read_read_fu_126     |    0    |    0    |    0    |
|          |     zext_ln25_read_read_fu_132    |    0    |    0    |    0    |
|          |      coeffs_read_read_fu_138      |    0    |    0    |    0    |
|          |    icmp_ln27_1_read_read_fu_144   |    0    |    0    |    0    |
|          | tmp4_cast_mid167_read_read_fu_150 |    0    |    0    |    0    |
|          |  p_cast8_mid145_read_read_fu_156  |    0    |    0    |    0    |
|          |      mul_ln3_read_read_fu_162     |    0    |    0    |    0    |
|   read   |     mul_ln3_1_read_read_fu_168    |    0    |    0    |    0    |
|          |    zext_ln20_1_read_read_fu_174   |    0    |    0    |    0    |
|          |     convWidth_read_read_fu_180    |    0    |    0    |    0    |
|          |    select_ln20_read_read_fu_186   |    0    |    0    |    0    |
|          |     mul_ln20_read_read_fu_192     |    0    |    0    |    0    |
|          |    inputHeight_read_read_fu_198   |    0    |    0    |    0    |
|          |    inputWidth_read_read_fu_204    |    0    |    0    |    0    |
|          |      filterValue_read_fu_224      |    0    |    0    |    0    |
|          |       pixelValue_read_fu_229      |    0    |    0    |    0    |
|----------|-----------------------------------|---------|---------|---------|
|  readreq |         grp_readreq_fu_210        |    0    |    0    |    0    |
|          |         grp_readreq_fu_217        |    0    |    0    |    0    |
|----------|-----------------------------------|---------|---------|---------|
|   write  |       write_ln0_write_fu_234      |    0    |    0    |    0    |
|----------|-----------------------------------|---------|---------|---------|
|          |       zext_ln25_cast_fu_241       |    0    |    0    |    0    |
|          |     p_cast8_mid145_cast_fu_245    |    0    |    0    |    0    |
|          |      zext_ln20_1_cast_fu_249      |    0    |    0    |    0    |
|          |    tmp4_cast_mid167_cast_fu_253   |    0    |    0    |    0    |
|          |          zext_ln26_fu_461         |    0    |    0    |    0    |
|          |          p_cast11_fu_464          |    0    |    0    |    0    |
|          |          tmp4_cast_fu_472         |    0    |    0    |    0    |
|          |         zext_ln23_5_fu_486        |    0    |    0    |    0    |
|          |         zext_ln23_1_fu_494        |    0    |    0    |    0    |
|          |        p_cast11_mid1_fu_503       |    0    |    0    |    0    |
|   zext   |       tmp4_cast_mid1_fu_511       |    0    |    0    |    0    |
|          |         zext_ln23_6_fu_521        |    0    |    0    |    0    |
|          |         zext_ln23_2_fu_544        |    0    |    0    |    0    |
|          |           cx_cast_fu_567          |    0    |    0    |    0    |
|          |           p_cast7_fu_586          |    0    |    0    |    0    |
|          |           p_cast8_fu_589          |    0    |    0    |    0    |
|          |        p_cast7_mid1_fu_598        |    0    |    0    |    0    |
|          |          zext_ln23_fu_606         |    0    |    0    |    0    |
|          |        p_cast8_mid1_fu_622        |    0    |    0    |    0    |
|          |         zext_ln23_3_fu_638        |    0    |    0    |    0    |
|          |         zext_ln23_4_fu_654        |    0    |    0    |    0    |
|----------|-----------------------------------|---------|---------|---------|
|bitconcatenate|  sext_ln27_mid2_v_v_v_v_v_fu_536  |    0    |    0    |    0    |
|          | sext_ln27_1_mid2_v_v_v_v_v_fu_647 |    0    |    0    |    0    |
|----------|-----------------------------------|---------|---------|---------|
|          |      sext_ln27_mid2_v_fu_553      |    0    |    0    |    0    |
|partselect|     sext_ln27_1_mid2_v_fu_663     |    0    |    0    |    0    |
|          |          trunc_ln1_fu_704         |    0    |    0    |    0    |
|----------|-----------------------------------|---------|---------|---------|
|          |          sext_ln23_fu_563         |    0    |    0    |    0    |
|          |          sext_ln30_fu_576         |    0    |    0    |    0    |
|   sext   |         sext_ln23_1_fu_673        |    0    |    0    |    0    |
|          |          sext_ln31_fu_682         |    0    |    0    |    0    |
|          |          sext_ln14_fu_692         |    0    |    0    |    0    |
|          |         sext_ln14_1_fu_695        |    0    |    0    |    0    |
|----------|-----------------------------------|---------|---------|---------|
|   Total  |                                   |    33   |   1815  |   2072  |
|----------|-----------------------------------|---------|---------|---------|

Memories:
N/A

* Register list:
+-----------------------------+--------+
|                             |   FF   |
+-----------------------------+--------+
|         acc_reg_731         |   32   |
|     add_ln23_1_reg_1017     |   34   |
|       add_ln25_reg_875      |   32   |
|       add_ln26_reg_920      |   32   |
|     coeffs_read_reg_779     |   64   |
|    convWidth_read_reg_799   |   32   |
|       cx_cast_reg_1006      |   63   |
|       cx_load_reg_886       |   32   |
|          cx_reg_739         |   32   |
|         cy_1_reg_853        |   32   |
|          cy_reg_746         |   32   |
|       empty_35_reg_932      |   32   |
|       empty_36_reg_870      |   32   |
|       empty_37_reg_953      |   32   |
|       empty_38_reg_938      |   32   |
|       empty_39_reg_980      |   34   |
|        empty_reg_974        |   32   |
|     filterValue_reg_1028    |   32   |
|     gmem_addr_1_reg_1022    |   32   |
|      gmem_addr_reg_1011     |   32   |
|      iChannel_1_reg_858     |   32   |
|       iChannel_reg_760      |   32   |
|      icmp_ln25_reg_882      |    1   |
|      icmp_ln26_reg_896      |    1   |
|   icmp_ln27_1_read_reg_784  |    1   |
|indvar_flatten93_load_reg_865|   96   |
|   indvar_flatten93_reg_767  |   96   |
| indvar_flatten_load_reg_891 |   64   |
|    indvar_flatten_reg_753   |   64   |
|   inputHeight_read_reg_818  |   32   |
|   inputWidth_read_reg_824   |   32   |
|     input_r_read_reg_774    |   64   |
|    mul_ln20_read_reg_812    |   32   |
|    mul_ln3_1_read_reg_794   |   96   |
|     mul_ln3_read_reg_789    |   64   |
| p_cast8_mid145_cast_reg_837 |   33   |
|       p_mid110_reg_990      |   32   |
|       p_mid118_reg_969      |   32   |
|       p_mid120_reg_995      |   34   |
|      p_mid137_reg_1000      |   32   |
|       p_mid139_reg_963      |   32   |
|       p_mid169_reg_985      |   33   |
|        p_mid1_reg_948       |   32   |
|     pixelValue_reg_1033     |   32   |
|   select_ln20_read_reg_806  |   32   |
|    select_ln23_4_reg_912    |    1   |
|    select_ln23_5_reg_943    |   32   |
|     select_ln23_reg_907     |   32   |
|     sext_ln14_1_reg_1043    |   52   |
|      sext_ln14_reg_1038     |   52   |
|      tmp2_mid1_reg_958      |   32   |
|         tmp2_reg_927        |   32   |
|tmp4_cast_mid167_cast_reg_848|   33   |
|      trunc_ln1_reg_1048     |   32   |
|   zext_ln20_1_cast_reg_842  |   33   |
|    zext_ln25_cast_reg_832   |   34   |
+-----------------------------+--------+
|            Total            |  2103  |
+-----------------------------+--------+

* Multiplexer (MUX) list: 
|------------|------|------|------|--------||---------||---------|
|    Comp    |  Pin | Size |  BW  | S x BW ||  Delay  ||   LUT   |
|------------|------|------|------|--------||---------||---------|
| grp_fu_296 |  p0  |   2  |  32  |   64   ||    9    |
| grp_fu_301 |  p0  |   2  |  32  |   64   ||    9    |
| grp_fu_311 |  p0  |   2  |  32  |   64   ||    9    |
| grp_fu_698 |  p0  |   2  |  32  |   64   ||    9    |
| grp_fu_698 |  p1  |   2  |  32  |   64   ||    9    |
|------------|------|------|------|--------||---------||---------|
|    Total   |      |      |      |   320  ||   7.94  ||    45   |
|------------|------|------|------|--------||---------||---------|



* Summary:
+-----------+--------+--------+--------+--------+
|           |   DSP  |  Delay |   FF   |   LUT  |
+-----------+--------+--------+--------+--------+
|  Function |   33   |    -   |  1815  |  2072  |
|   Memory  |    -   |    -   |    -   |    -   |
|Multiplexer|    -   |    7   |    -   |   45   |
|  Register |    -   |    -   |  2103  |    -   |
+-----------+--------+--------+--------+--------+
|   Total   |   33   |    7   |  3918  |  2117  |
+-----------+--------+--------+--------+--------+
